[2026-09-23T03:02:26.904+0000] {processor.py:186} INFO - Started process (PID=167) to work on /opt/airflow/dags/dss150p_pipeline.py
[2026-09-23T03:02:26.905+0000] {processor.py:914} INFO - Processing file /opt/airflow/dags/dss150p_pipeline.py for tasks to queue
[2026-09-23T03:02:26.906+0000] {logging_mixin.py:190} INFO - [2026-09-23T03:02:26.906+0000] {dagbag.py:588} INFO - Filling up the DagBag from /opt/airflow/dags/dss150p_pipeline.py
[2026-09-23T03:02:26.917+0000] {processor.py:925} INFO - DAG(s) 'dss150p_sales_pipeline' retrieved from /opt/airflow/dags/dss150p_pipeline.py
[2026-09-23T03:02:27.045+0000] {logging_mixin.py:190} INFO - [2026-09-23T03:02:27.044+0000] {override.py:1912} INFO - Created Permission View: can edit on DAG:dss150p_sales_pipeline
[2026-09-23T03:02:27.048+0000] {logging_mixin.py:190} INFO - [2026-09-23T03:02:27.048+0000] {override.py:1912} INFO - Created Permission View: can read on DAG:dss150p_sales_pipeline
[2026-09-23T03:02:27.050+0000] {logging_mixin.py:190} INFO - [2026-09-23T03:02:27.050+0000] {override.py:1912} INFO - Created Permission View: can delete on DAG:dss150p_sales_pipeline
[2026-09-23T03:02:27.052+0000] {logging_mixin.py:190} INFO - [2026-09-23T03:02:27.052+0000] {override.py:1912} INFO - Created Permission View: menu access on DAG Run:dss150p_sales_pipeline
[2026-09-23T03:02:27.053+0000] {logging_mixin.py:190} INFO - [2026-09-23T03:02:27.053+0000] {override.py:1912} INFO - Created Permission View: can read on DAG Run:dss150p_sales_pipeline
[2026-09-23T03:02:27.055+0000] {logging_mixin.py:190} INFO - [2026-09-23T03:02:27.055+0000] {override.py:1912} INFO - Created Permission View: can create on DAG Run:dss150p_sales_pipeline
[2026-09-23T03:02:27.056+0000] {logging_mixin.py:190} INFO - [2026-09-23T03:02:27.056+0000] {override.py:1912} INFO - Created Permission View: can delete on DAG Run:dss150p_sales_pipeline
[2026-09-23T03:02:27.056+0000] {logging_mixin.py:190} INFO - [2026-09-23T03:02:27.056+0000] {dag.py:3239} INFO - Sync 1 DAGs
[2026-09-23T03:02:27.061+0000] {logging_mixin.py:190} INFO - [2026-09-23T03:02:27.061+0000] {dag.py:3262} INFO - Creating ORM DAG for dss150p_sales_pipeline
[2026-09-23T03:02:27.066+0000] {logging_mixin.py:190} INFO - [2026-09-23T03:02:27.066+0000] {dag.py:4180} INFO - Setting next_dagrun for dss150p_sales_pipeline to 2026-09-22 02:00:00+00:00, run_after=2026-09-23 02:00:00+00:00
[2026-09-23T03:02:27.071+0000] {processor.py:208} INFO - Processing /opt/airflow/dags/dss150p_pipeline.py took 0.172 seconds
[2026-09-23T03:02:57.149+0000] {processor.py:186} INFO - Started process (PID=172) to work on /opt/airflow/dags/dss150p_pipeline.py
[2026-09-23T03:02:57.149+0000] {processor.py:914} INFO - Processing file /opt/airflow/dags/dss150p_pipeline.py for tasks to queue
[2026-09-23T03:02:57.152+0000] {logging_mixin.py:190} INFO - [2026-09-23T03:02:57.152+0000] {dagbag.py:588} INFO - Filling up the DagBag from /opt/airflow/dags/dss150p_pipeline.py
[2026-09-23T03:02:57.168+0000] {processor.py:925} INFO - DAG(s) 'dss150p_sales_pipeline' retrieved from /opt/airflow/dags/dss150p_pipeline.py
[2026-09-23T03:02:57.192+0000] {logging_mixin.py:190} INFO - [2026-09-23T03:02:57.191+0000] {dag.py:3239} INFO - Sync 1 DAGs
[2026-09-23T03:02:57.204+0000] {logging_mixin.py:190} INFO - [2026-09-23T03:02:57.204+0000] {dag.py:4180} INFO - Setting next_dagrun for dss150p_sales_pipeline to 2026-09-22 02:00:00+00:00, run_after=2026-09-23 02:00:00+00:00
[2026-09-23T03:02:57.211+0000] {processor.py:208} INFO - Processing /opt/airflow/dags/dss150p_pipeline.py took 0.069 seconds
[2026-09-23T03:03:27.444+0000] {processor.py:186} INFO - Started process (PID=177) to work on /opt/airflow/dags/dss150p_pipeline.py
[2026-09-23T03:03:27.445+0000] {processor.py:914} INFO - Processing file /opt/airflow/dags/dss150p_pipeline.py for tasks to queue
[2026-09-23T03:03:27.449+0000] {logging_mixin.py:190} INFO - [2026-09-23T03:03:27.448+0000] {dagbag.py:588} INFO - Filling up the DagBag from /opt/airflow/dags/dss150p_pipeline.py
[2026-09-23T03:03:27.465+0000] {processor.py:925} INFO - DAG(s) 'dss150p_sales_pipeline' retrieved from /opt/airflow/dags/dss150p_pipeline.py
[2026-09-23T03:03:27.486+0000] {logging_mixin.py:190} INFO - [2026-09-23T03:03:27.485+0000] {dag.py:3239} INFO - Sync 1 DAGs
[2026-09-23T03:03:27.498+0000] {logging_mixin.py:190} INFO - [2026-09-23T03:03:27.498+0000] {dag.py:4180} INFO - Setting next_dagrun for dss150p_sales_pipeline to 2026-09-22 02:00:00+00:00, run_after=2026-09-23 02:00:00+00:00
[2026-09-23T03:03:27.505+0000] {processor.py:208} INFO - Processing /opt/airflow/dags/dss150p_pipeline.py took 0.073 seconds
[2026-09-23T03:03:57.786+0000] {processor.py:186} INFO - Started process (PID=182) to work on /opt/airflow/dags/dss150p_pipeline.py
[2026-09-23T03:03:57.787+0000] {processor.py:914} INFO - Processing file /opt/airflow/dags/dss150p_pipeline.py for tasks to queue
[2026-09-23T03:03:57.789+0000] {logging_mixin.py:190} INFO - [2026-09-23T03:03:57.789+0000] {dagbag.py:588} INFO - Filling up the DagBag from /opt/airflow/dags/dss150p_pipeline.py
[2026-09-23T03:03:57.801+0000] {processor.py:925} INFO - DAG(s) 'dss150p_sales_pipeline' retrieved from /opt/airflow/dags/dss150p_pipeline.py
[2026-09-23T03:03:57.821+0000] {logging_mixin.py:190} INFO - [2026-09-23T03:03:57.821+0000] {dag.py:3239} INFO - Sync 1 DAGs
[2026-09-23T03:03:57.832+0000] {logging_mixin.py:190} INFO - [2026-09-23T03:03:57.832+0000] {dag.py:4180} INFO - Setting next_dagrun for dss150p_sales_pipeline to 2026-09-22 02:00:00+00:00, run_after=2026-09-23 02:00:00+00:00
[2026-09-23T03:03:57.837+0000] {processor.py:208} INFO - Processing /opt/airflow/dags/dss150p_pipeline.py took 0.058 seconds
[2026-09-23T03:04:28.211+0000] {processor.py:186} INFO - Started process (PID=187) to work on /opt/airflow/dags/dss150p_pipeline.py
[2026-09-23T03:04:28.212+0000] {processor.py:914} INFO - Processing file /opt/airflow/dags/dss150p_pipeline.py for tasks to queue
[2026-09-23T03:04:28.215+0000] {logging_mixin.py:190} INFO - [2026-09-23T03:04:28.215+0000] {dagbag.py:588} INFO - Filling up the DagBag from /opt/airflow/dags/dss150p_pipeline.py
[2026-09-23T03:04:28.231+0000] {processor.py:925} INFO - DAG(s) 'dss150p_sales_pipeline' retrieved from /opt/airflow/dags/dss150p_pipeline.py
[2026-09-23T03:04:28.255+0000] {logging_mixin.py:190} INFO - [2026-09-23T03:04:28.255+0000] {dag.py:3239} INFO - Sync 1 DAGs
[2026-09-23T03:04:28.267+0000] {logging_mixin.py:190} INFO - [2026-09-23T03:04:28.267+0000] {dag.py:4180} INFO - Setting next_dagrun for dss150p_sales_pipeline to 2026-09-22 02:00:00+00:00, run_after=2026-09-23 02:00:00+00:00
[2026-09-23T03:04:28.274+0000] {processor.py:208} INFO - Processing /opt/airflow/dags/dss150p_pipeline.py took 0.070 seconds
[2026-09-23T03:04:58.555+0000] {processor.py:186} INFO - Started process (PID=192) to work on /opt/airflow/dags/dss150p_pipeline.py
[2026-09-23T03:04:58.556+0000] {processor.py:914} INFO - Processing file /opt/airflow/dags/dss150p_pipeline.py for tasks to queue
[2026-09-23T03:04:58.558+0000] {logging_mixin.py:190} INFO - [2026-09-23T03:04:58.558+0000] {dagbag.py:588} INFO - Filling up the DagBag from /opt/airflow/dags/dss150p_pipeline.py
[2026-09-23T03:04:58.572+0000] {processor.py:925} INFO - DAG(s) 'dss150p_sales_pipeline' retrieved from /opt/airflow/dags/dss150p_pipeline.py
[2026-09-23T03:04:58.593+0000] {logging_mixin.py:190} INFO - [2026-09-23T03:04:58.593+0000] {dag.py:3239} INFO - Sync 1 DAGs
[2026-09-23T03:04:58.607+0000] {logging_mixin.py:190} INFO - [2026-09-23T03:04:58.606+0000] {dag.py:4180} INFO - Setting next_dagrun for dss150p_sales_pipeline to 2026-09-22 02:00:00+00:00, run_after=2026-09-23 02:00:00+00:00
[2026-09-23T03:04:58.615+0000] {processor.py:208} INFO - Processing /opt/airflow/dags/dss150p_pipeline.py took 0.069 seconds
[2026-09-23T03:05:28.890+0000] {processor.py:186} INFO - Started process (PID=197) to work on /opt/airflow/dags/dss150p_pipeline.py
[2026-09-23T03:05:28.891+0000] {processor.py:914} INFO - Processing file /opt/airflow/dags/dss150p_pipeline.py for tasks to queue
[2026-09-23T03:05:28.895+0000] {logging_mixin.py:190} INFO - [2026-09-23T03:05:28.894+0000] {dagbag.py:588} INFO - Filling up the DagBag from /opt/airflow/dags/dss150p_pipeline.py
[2026-09-23T03:05:28.916+0000] {processor.py:925} INFO - DAG(s) 'dss150p_sales_pipeline' retrieved from /opt/airflow/dags/dss150p_pipeline.py
[2026-09-23T03:05:28.942+0000] {logging_mixin.py:190} INFO - [2026-09-23T03:05:28.942+0000] {dag.py:3239} INFO - Sync 1 DAGs
[2026-09-23T03:05:28.962+0000] {logging_mixin.py:190} INFO - [2026-09-23T03:05:28.962+0000] {dag.py:4180} INFO - Setting next_dagrun for dss150p_sales_pipeline to 2026-09-22 02:00:00+00:00, run_after=2026-09-23 02:00:00+00:00
[2026-09-23T03:05:28.983+0000] {processor.py:208} INFO - Processing /opt/airflow/dags/dss150p_pipeline.py took 0.106 seconds
[2026-09-23T03:05:59.238+0000] {processor.py:186} INFO - Started process (PID=202) to work on /opt/airflow/dags/dss150p_pipeline.py
[2026-09-23T03:05:59.239+0000] {processor.py:914} INFO - Processing file /opt/airflow/dags/dss150p_pipeline.py for tasks to queue
[2026-09-23T03:05:59.241+0000] {logging_mixin.py:190} INFO - [2026-09-23T03:05:59.241+0000] {dagbag.py:588} INFO - Filling up the DagBag from /opt/airflow/dags/dss150p_pipeline.py
[2026-09-23T03:05:59.253+0000] {processor.py:925} INFO - DAG(s) 'dss150p_sales_pipeline' retrieved from /opt/airflow/dags/dss150p_pipeline.py
[2026-09-23T03:05:59.274+0000] {logging_mixin.py:190} INFO - [2026-09-23T03:05:59.274+0000] {dag.py:3239} INFO - Sync 1 DAGs
[2026-09-23T03:05:59.286+0000] {logging_mixin.py:190} INFO - [2026-09-23T03:05:59.286+0000] {dag.py:4180} INFO - Setting next_dagrun for dss150p_sales_pipeline to 2026-09-22 02:00:00+00:00, run_after=2026-09-23 02:00:00+00:00
[2026-09-23T03:05:59.293+0000] {processor.py:208} INFO - Processing /opt/airflow/dags/dss150p_pipeline.py took 0.060 seconds
[2026-09-23T03:06:29.625+0000] {processor.py:186} INFO - Started process (PID=207) to work on /opt/airflow/dags/dss150p_pipeline.py
[2026-09-23T03:06:29.626+0000] {processor.py:914} INFO - Processing file /opt/airflow/dags/dss150p_pipeline.py for tasks to queue
[2026-09-23T03:06:29.628+0000] {logging_mixin.py:190} INFO - [2026-09-23T03:06:29.628+0000] {dagbag.py:588} INFO - Filling up the DagBag from /opt/airflow/dags/dss150p_pipeline.py
[2026-09-23T03:06:29.642+0000] {processor.py:925} INFO - DAG(s) 'dss150p_sales_pipeline' retrieved from /opt/airflow/dags/dss150p_pipeline.py
[2026-09-23T03:06:29.663+0000] {logging_mixin.py:190} INFO - [2026-09-23T03:06:29.663+0000] {dag.py:3239} INFO - Sync 1 DAGs
[2026-09-23T03:06:29.678+0000] {logging_mixin.py:190} INFO - [2026-09-23T03:06:29.678+0000] {dag.py:4180} INFO - Setting next_dagrun for dss150p_sales_pipeline to 2026-09-22 02:00:00+00:00, run_after=2026-09-23 02:00:00+00:00
[2026-09-23T03:06:29.685+0000] {processor.py:208} INFO - Processing /opt/airflow/dags/dss150p_pipeline.py took 0.065 seconds
[2026-09-23T03:06:43.792+0000] {processor.py:186} INFO - Started process (PID=212) to work on /opt/airflow/dags/dss150p_pipeline.py
[2026-09-23T03:06:43.794+0000] {processor.py:914} INFO - Processing file /opt/airflow/dags/dss150p_pipeline.py for tasks to queue
[2026-09-23T03:06:43.796+0000] {logging_mixin.py:190} INFO - [2026-09-23T03:06:43.795+0000] {dagbag.py:588} INFO - Filling up the DagBag from /opt/airflow/dags/dss150p_pipeline.py
[2026-09-23T03:06:43.812+0000] {processor.py:925} INFO - DAG(s) 'dss150p_sales_pipeline' retrieved from /opt/airflow/dags/dss150p_pipeline.py
[2026-09-23T03:06:43.892+0000] {logging_mixin.py:190} INFO - [2026-09-23T03:06:43.892+0000] {dag.py:3239} INFO - Sync 1 DAGs
[2026-09-23T03:06:43.907+0000] {logging_mixin.py:190} INFO - [2026-09-23T03:06:43.906+0000] {dag.py:4180} INFO - Setting next_dagrun for dss150p_sales_pipeline to 2026-09-22 02:00:00+00:00, run_after=2026-09-23 02:00:00+00:00
[2026-09-23T03:06:43.919+0000] {processor.py:208} INFO - Processing /opt/airflow/dags/dss150p_pipeline.py took 0.134 seconds
[2026-09-23T03:07:14.095+0000] {processor.py:186} INFO - Started process (PID=253) to work on /opt/airflow/dags/dss150p_pipeline.py
[2026-09-23T03:07:14.095+0000] {processor.py:914} INFO - Processing file /opt/airflow/dags/dss150p_pipeline.py for tasks to queue
[2026-09-23T03:07:14.097+0000] {logging_mixin.py:190} INFO - [2026-09-23T03:07:14.096+0000] {dagbag.py:588} INFO - Filling up the DagBag from /opt/airflow/dags/dss150p_pipeline.py
[2026-09-23T03:07:14.105+0000] {processor.py:925} INFO - DAG(s) 'dss150p_sales_pipeline' retrieved from /opt/airflow/dags/dss150p_pipeline.py
[2026-09-23T03:07:14.123+0000] {logging_mixin.py:190} INFO - [2026-09-23T03:07:14.123+0000] {dag.py:3239} INFO - Sync 1 DAGs
[2026-09-23T03:07:14.134+0000] {logging_mixin.py:190} INFO - [2026-09-23T03:07:14.133+0000] {dag.py:4180} INFO - Setting next_dagrun for dss150p_sales_pipeline to 2026-09-23 02:00:00+00:00, run_after=2026-09-24 02:00:00+00:00
[2026-09-23T03:07:14.140+0000] {processor.py:208} INFO - Processing /opt/airflow/dags/dss150p_pipeline.py took 0.048 seconds
[2026-09-23T03:07:44.474+0000] {processor.py:186} INFO - Started process (PID=258) to work on /opt/airflow/dags/dss150p_pipeline.py
[2026-09-23T03:07:44.478+0000] {processor.py:914} INFO - Processing file /opt/airflow/dags/dss150p_pipeline.py for tasks to queue
[2026-09-23T03:07:44.481+0000] {logging_mixin.py:190} INFO - [2026-09-23T03:07:44.481+0000] {dagbag.py:588} INFO - Filling up the DagBag from /opt/airflow/dags/dss150p_pipeline.py
[2026-09-23T03:07:44.500+0000] {processor.py:925} INFO - DAG(s) 'dss150p_sales_pipeline' retrieved from /opt/airflow/dags/dss150p_pipeline.py
[2026-09-23T03:07:44.528+0000] {logging_mixin.py:190} INFO - [2026-09-23T03:07:44.528+0000] {dag.py:3239} INFO - Sync 1 DAGs
[2026-09-23T03:07:44.546+0000] {logging_mixin.py:190} INFO - [2026-09-23T03:07:44.546+0000] {dag.py:4180} INFO - Setting next_dagrun for dss150p_sales_pipeline to 2026-09-23 02:00:00+00:00, run_after=2026-09-24 02:00:00+00:00
[2026-09-23T03:07:44.553+0000] {processor.py:208} INFO - Processing /opt/airflow/dags/dss150p_pipeline.py took 0.090 seconds
[2026-09-23T03:08:14.776+0000] {processor.py:186} INFO - Started process (PID=275) to work on /opt/airflow/dags/dss150p_pipeline.py
[2026-09-23T03:08:14.777+0000] {processor.py:914} INFO - Processing file /opt/airflow/dags/dss150p_pipeline.py for tasks to queue
[2026-09-23T03:08:14.778+0000] {logging_mixin.py:190} INFO - [2026-09-23T03:08:14.778+0000] {dagbag.py:588} INFO - Filling up the DagBag from /opt/airflow/dags/dss150p_pipeline.py
[2026-09-23T03:08:14.790+0000] {processor.py:925} INFO - DAG(s) 'dss150p_sales_pipeline' retrieved from /opt/airflow/dags/dss150p_pipeline.py
[2026-09-23T03:08:14.818+0000] {logging_mixin.py:190} INFO - [2026-09-23T03:08:14.818+0000] {dag.py:3239} INFO - Sync 1 DAGs
[2026-09-23T03:08:14.833+0000] {logging_mixin.py:190} INFO - [2026-09-23T03:08:14.833+0000] {dag.py:4180} INFO - Setting next_dagrun for dss150p_sales_pipeline to 2026-09-23 02:00:00+00:00, run_after=2026-09-24 02:00:00+00:00
[2026-09-23T03:08:14.845+0000] {processor.py:208} INFO - Processing /opt/airflow/dags/dss150p_pipeline.py took 0.074 seconds
[2026-09-23T03:08:44.986+0000] {processor.py:186} INFO - Started process (PID=280) to work on /opt/airflow/dags/dss150p_pipeline.py
[2026-09-23T03:08:44.988+0000] {processor.py:914} INFO - Processing file /opt/airflow/dags/dss150p_pipeline.py for tasks to queue
[2026-09-23T03:08:44.992+0000] {logging_mixin.py:190} INFO - [2026-09-23T03:08:44.991+0000] {dagbag.py:588} INFO - Filling up the DagBag from /opt/airflow/dags/dss150p_pipeline.py
[2026-09-23T03:08:45.027+0000] {processor.py:925} INFO - DAG(s) 'dss150p_sales_pipeline' retrieved from /opt/airflow/dags/dss150p_pipeline.py
[2026-09-23T03:08:45.077+0000] {logging_mixin.py:190} INFO - [2026-09-23T03:08:45.077+0000] {dag.py:3239} INFO - Sync 1 DAGs
[2026-09-23T03:08:45.106+0000] {logging_mixin.py:190} INFO - [2026-09-23T03:08:45.106+0000] {dag.py:4180} INFO - Setting next_dagrun for dss150p_sales_pipeline to 2026-09-23 02:00:00+00:00, run_after=2026-09-24 02:00:00+00:00
[2026-09-23T03:08:45.127+0000] {processor.py:208} INFO - Processing /opt/airflow/dags/dss150p_pipeline.py took 0.150 seconds
[2026-09-23T03:09:15.178+0000] {processor.py:186} INFO - Started process (PID=285) to work on /opt/airflow/dags/dss150p_pipeline.py
[2026-09-23T03:09:15.180+0000] {processor.py:914} INFO - Processing file /opt/airflow/dags/dss150p_pipeline.py for tasks to queue
[2026-09-23T03:09:15.187+0000] {logging_mixin.py:190} INFO - [2026-09-23T03:09:15.186+0000] {dagbag.py:588} INFO - Filling up the DagBag from /opt/airflow/dags/dss150p_pipeline.py
[2026-09-23T03:09:15.200+0000] {processor.py:925} INFO - DAG(s) 'dss150p_sales_pipeline' retrieved from /opt/airflow/dags/dss150p_pipeline.py
[2026-09-23T03:09:15.231+0000] {logging_mixin.py:190} INFO - [2026-09-23T03:09:15.231+0000] {dag.py:3239} INFO - Sync 1 DAGs
[2026-09-23T03:09:15.248+0000] {logging_mixin.py:190} INFO - [2026-09-23T03:09:15.248+0000] {dag.py:4180} INFO - Setting next_dagrun for dss150p_sales_pipeline to 2026-09-23 02:00:00+00:00, run_after=2026-09-24 02:00:00+00:00
[2026-09-23T03:09:15.264+0000] {processor.py:208} INFO - Processing /opt/airflow/dags/dss150p_pipeline.py took 0.098 seconds
[2026-09-23T03:09:45.388+0000] {processor.py:186} INFO - Started process (PID=290) to work on /opt/airflow/dags/dss150p_pipeline.py
[2026-09-23T03:09:45.389+0000] {processor.py:914} INFO - Processing file /opt/airflow/dags/dss150p_pipeline.py for tasks to queue
[2026-09-23T03:09:45.391+0000] {logging_mixin.py:190} INFO - [2026-09-23T03:09:45.391+0000] {dagbag.py:588} INFO - Filling up the DagBag from /opt/airflow/dags/dss150p_pipeline.py
[2026-09-23T03:09:45.416+0000] {processor.py:925} INFO - DAG(s) 'dss150p_sales_pipeline' retrieved from /opt/airflow/dags/dss150p_pipeline.py
[2026-09-23T03:09:45.463+0000] {logging_mixin.py:190} INFO - [2026-09-23T03:09:45.463+0000] {dag.py:3239} INFO - Sync 1 DAGs
[2026-09-23T03:09:45.486+0000] {logging_mixin.py:190} INFO - [2026-09-23T03:09:45.486+0000] {dag.py:4180} INFO - Setting next_dagrun for dss150p_sales_pipeline to 2026-09-23 02:00:00+00:00, run_after=2026-09-24 02:00:00+00:00
[2026-09-23T03:09:45.505+0000] {processor.py:208} INFO - Processing /opt/airflow/dags/dss150p_pipeline.py took 0.122 seconds
[2026-09-23T03:10:15.645+0000] {processor.py:186} INFO - Started process (PID=295) to work on /opt/airflow/dags/dss150p_pipeline.py
[2026-09-23T03:10:15.646+0000] {processor.py:914} INFO - Processing file /opt/airflow/dags/dss150p_pipeline.py for tasks to queue
[2026-09-23T03:10:15.650+0000] {logging_mixin.py:190} INFO - [2026-09-23T03:10:15.649+0000] {dagbag.py:588} INFO - Filling up the DagBag from /opt/airflow/dags/dss150p_pipeline.py
[2026-09-23T03:10:15.683+0000] {processor.py:925} INFO - DAG(s) 'dss150p_sales_pipeline' retrieved from /opt/airflow/dags/dss150p_pipeline.py
[2026-09-23T03:10:15.718+0000] {logging_mixin.py:190} INFO - [2026-09-23T03:10:15.718+0000] {dag.py:3239} INFO - Sync 1 DAGs
[2026-09-23T03:10:15.740+0000] {logging_mixin.py:190} INFO - [2026-09-23T03:10:15.740+0000] {dag.py:4180} INFO - Setting next_dagrun for dss150p_sales_pipeline to 2026-09-23 02:00:00+00:00, run_after=2026-09-24 02:00:00+00:00
[2026-09-23T03:10:15.759+0000] {processor.py:208} INFO - Processing /opt/airflow/dags/dss150p_pipeline.py took 0.124 seconds
[2026-09-23T03:10:45.936+0000] {processor.py:186} INFO - Started process (PID=300) to work on /opt/airflow/dags/dss150p_pipeline.py
[2026-09-23T03:10:45.936+0000] {processor.py:914} INFO - Processing file /opt/airflow/dags/dss150p_pipeline.py for tasks to queue
[2026-09-23T03:10:45.938+0000] {logging_mixin.py:190} INFO - [2026-09-23T03:10:45.938+0000] {dagbag.py:588} INFO - Filling up the DagBag from /opt/airflow/dags/dss150p_pipeline.py
[2026-09-23T03:10:45.950+0000] {processor.py:925} INFO - DAG(s) 'dss150p_sales_pipeline' retrieved from /opt/airflow/dags/dss150p_pipeline.py
[2026-09-23T03:10:45.988+0000] {logging_mixin.py:190} INFO - [2026-09-23T03:10:45.988+0000] {dag.py:3239} INFO - Sync 1 DAGs
[2026-09-23T03:10:46.004+0000] {logging_mixin.py:190} INFO - [2026-09-23T03:10:46.004+0000] {dag.py:4180} INFO - Setting next_dagrun for dss150p_sales_pipeline to 2026-09-23 02:00:00+00:00, run_after=2026-09-24 02:00:00+00:00
[2026-09-23T03:10:46.023+0000] {processor.py:208} INFO - Processing /opt/airflow/dags/dss150p_pipeline.py took 0.091 seconds
[2026-09-23T03:11:16.124+0000] {processor.py:186} INFO - Started process (PID=305) to work on /opt/airflow/dags/dss150p_pipeline.py
[2026-09-23T03:11:16.128+0000] {processor.py:914} INFO - Processing file /opt/airflow/dags/dss150p_pipeline.py for tasks to queue
[2026-09-23T03:11:16.132+0000] {logging_mixin.py:190} INFO - [2026-09-23T03:11:16.132+0000] {dagbag.py:588} INFO - Filling up the DagBag from /opt/airflow/dags/dss150p_pipeline.py
[2026-09-23T03:11:16.159+0000] {processor.py:925} INFO - DAG(s) 'dss150p_sales_pipeline' retrieved from /opt/airflow/dags/dss150p_pipeline.py
[2026-09-23T03:11:16.206+0000] {logging_mixin.py:190} INFO - [2026-09-23T03:11:16.205+0000] {dag.py:3239} INFO - Sync 1 DAGs
[2026-09-23T03:11:16.234+0000] {logging_mixin.py:190} INFO - [2026-09-23T03:11:16.234+0000] {dag.py:4180} INFO - Setting next_dagrun for dss150p_sales_pipeline to 2026-09-23 02:00:00+00:00, run_after=2026-09-24 02:00:00+00:00
[2026-09-23T03:11:16.252+0000] {processor.py:208} INFO - Processing /opt/airflow/dags/dss150p_pipeline.py took 0.137 seconds
[2026-09-23T03:11:46.378+0000] {processor.py:186} INFO - Started process (PID=310) to work on /opt/airflow/dags/dss150p_pipeline.py
[2026-09-23T03:11:46.380+0000] {processor.py:914} INFO - Processing file /opt/airflow/dags/dss150p_pipeline.py for tasks to queue
[2026-09-23T03:11:46.384+0000] {logging_mixin.py:190} INFO - [2026-09-23T03:11:46.384+0000] {dagbag.py:588} INFO - Filling up the DagBag from /opt/airflow/dags/dss150p_pipeline.py
[2026-09-23T03:11:46.397+0000] {processor.py:925} INFO - DAG(s) 'dss150p_sales_pipeline' retrieved from /opt/airflow/dags/dss150p_pipeline.py
[2026-09-23T03:11:46.434+0000] {logging_mixin.py:190} INFO - [2026-09-23T03:11:46.434+0000] {dag.py:3239} INFO - Sync 1 DAGs
[2026-09-23T03:11:46.452+0000] {logging_mixin.py:190} INFO - [2026-09-23T03:11:46.452+0000] {dag.py:4180} INFO - Setting next_dagrun for dss150p_sales_pipeline to 2026-09-23 02:00:00+00:00, run_after=2026-09-24 02:00:00+00:00
[2026-09-23T03:11:46.469+0000] {processor.py:208} INFO - Processing /opt/airflow/dags/dss150p_pipeline.py took 0.094 seconds
[2026-09-23T03:12:16.648+0000] {processor.py:186} INFO - Started process (PID=315) to work on /opt/airflow/dags/dss150p_pipeline.py
[2026-09-23T03:12:16.653+0000] {processor.py:914} INFO - Processing file /opt/airflow/dags/dss150p_pipeline.py for tasks to queue
[2026-09-23T03:12:16.656+0000] {logging_mixin.py:190} INFO - [2026-09-23T03:12:16.655+0000] {dagbag.py:588} INFO - Filling up the DagBag from /opt/airflow/dags/dss150p_pipeline.py
[2026-09-23T03:12:16.680+0000] {processor.py:925} INFO - DAG(s) 'dss150p_sales_pipeline' retrieved from /opt/airflow/dags/dss150p_pipeline.py
[2026-09-23T03:12:16.706+0000] {logging_mixin.py:190} INFO - [2026-09-23T03:12:16.706+0000] {dag.py:3239} INFO - Sync 1 DAGs
[2026-09-23T03:12:16.722+0000] {logging_mixin.py:190} INFO - [2026-09-23T03:12:16.722+0000] {dag.py:4180} INFO - Setting next_dagrun for dss150p_sales_pipeline to 2026-09-23 02:00:00+00:00, run_after=2026-09-24 02:00:00+00:00
[2026-09-23T03:12:16.739+0000] {processor.py:208} INFO - Processing /opt/airflow/dags/dss150p_pipeline.py took 0.100 seconds
[2026-09-23T03:12:46.955+0000] {processor.py:186} INFO - Started process (PID=320) to work on /opt/airflow/dags/dss150p_pipeline.py
[2026-09-23T03:12:46.957+0000] {processor.py:914} INFO - Processing file /opt/airflow/dags/dss150p_pipeline.py for tasks to queue
[2026-09-23T03:12:46.960+0000] {logging_mixin.py:190} INFO - [2026-09-23T03:12:46.960+0000] {dagbag.py:588} INFO - Filling up the DagBag from /opt/airflow/dags/dss150p_pipeline.py
[2026-09-23T03:12:46.981+0000] {processor.py:925} INFO - DAG(s) 'dss150p_sales_pipeline' retrieved from /opt/airflow/dags/dss150p_pipeline.py
[2026-09-23T03:12:47.013+0000] {logging_mixin.py:190} INFO - [2026-09-23T03:12:47.013+0000] {dag.py:3239} INFO - Sync 1 DAGs
[2026-09-23T03:12:47.034+0000] {logging_mixin.py:190} INFO - [2026-09-23T03:12:47.034+0000] {dag.py:4180} INFO - Setting next_dagrun for dss150p_sales_pipeline to 2026-09-23 02:00:00+00:00, run_after=2026-09-24 02:00:00+00:00
[2026-09-23T03:12:47.050+0000] {processor.py:208} INFO - Processing /opt/airflow/dags/dss150p_pipeline.py took 0.104 seconds
[2026-09-23T03:13:08.100+0000] {processor.py:186} INFO - Started process (PID=325) to work on /opt/airflow/dags/dss150p_pipeline.py
[2026-09-23T03:13:08.101+0000] {processor.py:914} INFO - Processing file /opt/airflow/dags/dss150p_pipeline.py for tasks to queue
[2026-09-23T03:13:08.104+0000] {logging_mixin.py:190} INFO - [2026-09-23T03:13:08.104+0000] {dagbag.py:588} INFO - Filling up the DagBag from /opt/airflow/dags/dss150p_pipeline.py
[2026-09-23T03:13:08.116+0000] {processor.py:925} INFO - DAG(s) 'dss150p_sales_pipeline' retrieved from /opt/airflow/dags/dss150p_pipeline.py
[2026-09-23T03:13:08.244+0000] {logging_mixin.py:190} INFO - [2026-09-23T03:13:08.244+0000] {dag.py:3239} INFO - Sync 1 DAGs
[2026-09-23T03:13:08.269+0000] {logging_mixin.py:190} INFO - [2026-09-23T03:13:08.269+0000] {dag.py:4180} INFO - Setting next_dagrun for dss150p_sales_pipeline to 2026-09-23 02:00:00+00:00, run_after=2026-09-24 02:00:00+00:00
[2026-09-23T03:13:08.284+0000] {processor.py:208} INFO - Processing /opt/airflow/dags/dss150p_pipeline.py took 0.187 seconds
[2026-09-23T03:13:38.376+0000] {processor.py:186} INFO - Started process (PID=330) to work on /opt/airflow/dags/dss150p_pipeline.py
[2026-09-23T03:13:38.376+0000] {processor.py:914} INFO - Processing file /opt/airflow/dags/dss150p_pipeline.py for tasks to queue
[2026-09-23T03:13:38.381+0000] {logging_mixin.py:190} INFO - [2026-09-23T03:13:38.380+0000] {dagbag.py:588} INFO - Filling up the DagBag from /opt/airflow/dags/dss150p_pipeline.py
[2026-09-23T03:13:38.406+0000] {processor.py:925} INFO - DAG(s) 'dss150p_sales_pipeline' retrieved from /opt/airflow/dags/dss150p_pipeline.py
[2026-09-23T03:13:38.434+0000] {logging_mixin.py:190} INFO - [2026-09-23T03:13:38.434+0000] {dag.py:3239} INFO - Sync 1 DAGs
[2026-09-23T03:13:38.450+0000] {logging_mixin.py:190} INFO - [2026-09-23T03:13:38.450+0000] {dag.py:4180} INFO - Setting next_dagrun for dss150p_sales_pipeline to 2026-09-23 02:00:00+00:00, run_after=2026-09-24 02:00:00+00:00
[2026-09-23T03:13:38.464+0000] {processor.py:208} INFO - Processing /opt/airflow/dags/dss150p_pipeline.py took 0.093 seconds
[2026-09-23T03:14:08.557+0000] {processor.py:186} INFO - Started process (PID=335) to work on /opt/airflow/dags/dss150p_pipeline.py
[2026-09-23T03:14:08.559+0000] {processor.py:914} INFO - Processing file /opt/airflow/dags/dss150p_pipeline.py for tasks to queue
[2026-09-23T03:14:08.563+0000] {logging_mixin.py:190} INFO - [2026-09-23T03:14:08.563+0000] {dagbag.py:588} INFO - Filling up the DagBag from /opt/airflow/dags/dss150p_pipeline.py
[2026-09-23T03:14:08.585+0000] {processor.py:925} INFO - DAG(s) 'dss150p_sales_pipeline' retrieved from /opt/airflow/dags/dss150p_pipeline.py
[2026-09-23T03:14:08.618+0000] {logging_mixin.py:190} INFO - [2026-09-23T03:14:08.618+0000] {dag.py:3239} INFO - Sync 1 DAGs
[2026-09-23T03:14:08.641+0000] {logging_mixin.py:190} INFO - [2026-09-23T03:14:08.640+0000] {dag.py:4180} INFO - Setting next_dagrun for dss150p_sales_pipeline to 2026-09-23 02:00:00+00:00, run_after=2026-09-24 02:00:00+00:00
[2026-09-23T03:14:08.652+0000] {processor.py:208} INFO - Processing /opt/airflow/dags/dss150p_pipeline.py took 0.103 seconds
[2026-09-23T03:14:38.852+0000] {processor.py:186} INFO - Started process (PID=340) to work on /opt/airflow/dags/dss150p_pipeline.py
[2026-09-23T03:14:38.853+0000] {processor.py:914} INFO - Processing file /opt/airflow/dags/dss150p_pipeline.py for tasks to queue
[2026-09-23T03:14:38.855+0000] {logging_mixin.py:190} INFO - [2026-09-23T03:14:38.855+0000] {dagbag.py:588} INFO - Filling up the DagBag from /opt/airflow/dags/dss150p_pipeline.py
[2026-09-23T03:14:38.871+0000] {processor.py:925} INFO - DAG(s) 'dss150p_sales_pipeline' retrieved from /opt/airflow/dags/dss150p_pipeline.py
[2026-09-23T03:14:38.901+0000] {logging_mixin.py:190} INFO - [2026-09-23T03:14:38.901+0000] {dag.py:3239} INFO - Sync 1 DAGs
[2026-09-23T03:14:38.915+0000] {logging_mixin.py:190} INFO - [2026-09-23T03:14:38.915+0000] {dag.py:4180} INFO - Setting next_dagrun for dss150p_sales_pipeline to 2026-09-23 02:00:00+00:00, run_after=2026-09-24 02:00:00+00:00
[2026-09-23T03:14:38.934+0000] {processor.py:208} INFO - Processing /opt/airflow/dags/dss150p_pipeline.py took 0.086 seconds
[2026-09-23T03:15:09.042+0000] {processor.py:186} INFO - Started process (PID=345) to work on /opt/airflow/dags/dss150p_pipeline.py
[2026-09-23T03:15:09.045+0000] {processor.py:914} INFO - Processing file /opt/airflow/dags/dss150p_pipeline.py for tasks to queue
[2026-09-23T03:15:09.049+0000] {logging_mixin.py:190} INFO - [2026-09-23T03:15:09.048+0000] {dagbag.py:588} INFO - Filling up the DagBag from /opt/airflow/dags/dss150p_pipeline.py
[2026-09-23T03:15:09.082+0000] {processor.py:925} INFO - DAG(s) 'dss150p_sales_pipeline' retrieved from /opt/airflow/dags/dss150p_pipeline.py
[2026-09-23T03:15:09.126+0000] {logging_mixin.py:190} INFO - [2026-09-23T03:15:09.126+0000] {dag.py:3239} INFO - Sync 1 DAGs
[2026-09-23T03:15:09.144+0000] {logging_mixin.py:190} INFO - [2026-09-23T03:15:09.144+0000] {dag.py:4180} INFO - Setting next_dagrun for dss150p_sales_pipeline to 2026-09-23 02:00:00+00:00, run_after=2026-09-24 02:00:00+00:00
[2026-09-23T03:15:09.153+0000] {processor.py:208} INFO - Processing /opt/airflow/dags/dss150p_pipeline.py took 0.121 seconds
[2026-09-23T03:15:39.265+0000] {processor.py:186} INFO - Started process (PID=374) to work on /opt/airflow/dags/dss150p_pipeline.py
[2026-09-23T03:15:39.268+0000] {processor.py:914} INFO - Processing file /opt/airflow/dags/dss150p_pipeline.py for tasks to queue
[2026-09-23T03:15:39.272+0000] {logging_mixin.py:190} INFO - [2026-09-23T03:15:39.271+0000] {dagbag.py:588} INFO - Filling up the DagBag from /opt/airflow/dags/dss150p_pipeline.py
[2026-09-23T03:15:39.293+0000] {processor.py:925} INFO - DAG(s) 'dss150p_sales_pipeline' retrieved from /opt/airflow/dags/dss150p_pipeline.py
[2026-09-23T03:15:39.324+0000] {logging_mixin.py:190} INFO - [2026-09-23T03:15:39.324+0000] {dag.py:3239} INFO - Sync 1 DAGs
[2026-09-23T03:15:39.351+0000] {logging_mixin.py:190} INFO - [2026-09-23T03:15:39.351+0000] {dag.py:4180} INFO - Setting next_dagrun for dss150p_sales_pipeline to 2026-09-23 02:00:00+00:00, run_after=2026-09-24 02:00:00+00:00
[2026-09-23T03:15:39.365+0000] {processor.py:208} INFO - Processing /opt/airflow/dags/dss150p_pipeline.py took 0.114 seconds
[2026-09-23T03:16:09.518+0000] {processor.py:186} INFO - Started process (PID=379) to work on /opt/airflow/dags/dss150p_pipeline.py
[2026-09-23T03:16:09.520+0000] {processor.py:914} INFO - Processing file /opt/airflow/dags/dss150p_pipeline.py for tasks to queue
[2026-09-23T03:16:09.523+0000] {logging_mixin.py:190} INFO - [2026-09-23T03:16:09.523+0000] {dagbag.py:588} INFO - Filling up the DagBag from /opt/airflow/dags/dss150p_pipeline.py
[2026-09-23T03:16:09.544+0000] {processor.py:925} INFO - DAG(s) 'dss150p_sales_pipeline' retrieved from /opt/airflow/dags/dss150p_pipeline.py
[2026-09-23T03:16:09.573+0000] {logging_mixin.py:190} INFO - [2026-09-23T03:16:09.573+0000] {dag.py:3239} INFO - Sync 1 DAGs
[2026-09-23T03:16:09.592+0000] {logging_mixin.py:190} INFO - [2026-09-23T03:16:09.592+0000] {dag.py:4180} INFO - Setting next_dagrun for dss150p_sales_pipeline to 2026-09-23 02:00:00+00:00, run_after=2026-09-24 02:00:00+00:00
[2026-09-23T03:16:09.605+0000] {processor.py:208} INFO - Processing /opt/airflow/dags/dss150p_pipeline.py took 0.094 seconds
[2026-09-23T03:16:39.751+0000] {processor.py:186} INFO - Started process (PID=384) to work on /opt/airflow/dags/dss150p_pipeline.py
[2026-09-23T03:16:39.751+0000] {processor.py:914} INFO - Processing file /opt/airflow/dags/dss150p_pipeline.py for tasks to queue
[2026-09-23T03:16:39.753+0000] {logging_mixin.py:190} INFO - [2026-09-23T03:16:39.753+0000] {dagbag.py:588} INFO - Filling up the DagBag from /opt/airflow/dags/dss150p_pipeline.py
[2026-09-23T03:16:39.764+0000] {processor.py:925} INFO - DAG(s) 'dss150p_sales_pipeline' retrieved from /opt/airflow/dags/dss150p_pipeline.py
[2026-09-23T03:16:39.785+0000] {logging_mixin.py:190} INFO - [2026-09-23T03:16:39.785+0000] {dag.py:3239} INFO - Sync 1 DAGs
[2026-09-23T03:16:39.798+0000] {logging_mixin.py:190} INFO - [2026-09-23T03:16:39.798+0000] {dag.py:4180} INFO - Setting next_dagrun for dss150p_sales_pipeline to 2026-09-23 02:00:00+00:00, run_after=2026-09-24 02:00:00+00:00
[2026-09-23T03:16:39.808+0000] {processor.py:208} INFO - Processing /opt/airflow/dags/dss150p_pipeline.py took 0.062 seconds
[2026-09-23T03:17:10.068+0000] {processor.py:186} INFO - Started process (PID=389) to work on /opt/airflow/dags/dss150p_pipeline.py
[2026-09-23T03:17:10.069+0000] {processor.py:914} INFO - Processing file /opt/airflow/dags/dss150p_pipeline.py for tasks to queue
[2026-09-23T03:17:10.072+0000] {logging_mixin.py:190} INFO - [2026-09-23T03:17:10.072+0000] {dagbag.py:588} INFO - Filling up the DagBag from /opt/airflow/dags/dss150p_pipeline.py
[2026-09-23T03:17:10.090+0000] {processor.py:925} INFO - DAG(s) 'dss150p_sales_pipeline' retrieved from /opt/airflow/dags/dss150p_pipeline.py
[2026-09-23T03:17:10.118+0000] {logging_mixin.py:190} INFO - [2026-09-23T03:17:10.118+0000] {dag.py:3239} INFO - Sync 1 DAGs
[2026-09-23T03:17:10.137+0000] {logging_mixin.py:190} INFO - [2026-09-23T03:17:10.137+0000] {dag.py:4180} INFO - Setting next_dagrun for dss150p_sales_pipeline to 2026-09-23 02:00:00+00:00, run_after=2026-09-24 02:00:00+00:00
[2026-09-23T03:17:10.146+0000] {processor.py:208} INFO - Processing /opt/airflow/dags/dss150p_pipeline.py took 0.084 seconds
[2026-09-23T03:17:40.304+0000] {processor.py:186} INFO - Started process (PID=394) to work on /opt/airflow/dags/dss150p_pipeline.py
[2026-09-23T03:17:40.304+0000] {processor.py:914} INFO - Processing file /opt/airflow/dags/dss150p_pipeline.py for tasks to queue
[2026-09-23T03:17:40.306+0000] {logging_mixin.py:190} INFO - [2026-09-23T03:17:40.306+0000] {dagbag.py:588} INFO - Filling up the DagBag from /opt/airflow/dags/dss150p_pipeline.py
[2026-09-23T03:17:40.316+0000] {processor.py:925} INFO - DAG(s) 'dss150p_sales_pipeline' retrieved from /opt/airflow/dags/dss150p_pipeline.py
[2026-09-23T03:17:40.337+0000] {logging_mixin.py:190} INFO - [2026-09-23T03:17:40.336+0000] {dag.py:3239} INFO - Sync 1 DAGs
[2026-09-23T03:17:40.351+0000] {logging_mixin.py:190} INFO - [2026-09-23T03:17:40.351+0000] {dag.py:4180} INFO - Setting next_dagrun for dss150p_sales_pipeline to 2026-09-23 02:00:00+00:00, run_after=2026-09-24 02:00:00+00:00
[2026-09-23T03:17:40.360+0000] {processor.py:208} INFO - Processing /opt/airflow/dags/dss150p_pipeline.py took 0.060 seconds
[2026-09-23T03:18:10.702+0000] {processor.py:186} INFO - Started process (PID=423) to work on /opt/airflow/dags/dss150p_pipeline.py
[2026-09-23T03:18:10.704+0000] {processor.py:914} INFO - Processing file /opt/airflow/dags/dss150p_pipeline.py for tasks to queue
[2026-09-23T03:18:10.708+0000] {logging_mixin.py:190} INFO - [2026-09-23T03:18:10.707+0000] {dagbag.py:588} INFO - Filling up the DagBag from /opt/airflow/dags/dss150p_pipeline.py
[2026-09-23T03:18:10.734+0000] {processor.py:925} INFO - DAG(s) 'dss150p_sales_pipeline' retrieved from /opt/airflow/dags/dss150p_pipeline.py
[2026-09-23T03:18:10.772+0000] {logging_mixin.py:190} INFO - [2026-09-23T03:18:10.772+0000] {dag.py:3239} INFO - Sync 1 DAGs
[2026-09-23T03:18:10.803+0000] {logging_mixin.py:190} INFO - [2026-09-23T03:18:10.803+0000] {dag.py:4180} INFO - Setting next_dagrun for dss150p_sales_pipeline to 2026-09-23 02:00:00+00:00, run_after=2026-09-24 02:00:00+00:00
[2026-09-23T03:18:10.823+0000] {processor.py:208} INFO - Processing /opt/airflow/dags/dss150p_pipeline.py took 0.129 seconds
[2026-09-23T03:18:40.971+0000] {processor.py:186} INFO - Started process (PID=428) to work on /opt/airflow/dags/dss150p_pipeline.py
[2026-09-23T03:18:40.973+0000] {processor.py:914} INFO - Processing file /opt/airflow/dags/dss150p_pipeline.py for tasks to queue
[2026-09-23T03:18:40.976+0000] {logging_mixin.py:190} INFO - [2026-09-23T03:18:40.976+0000] {dagbag.py:588} INFO - Filling up the DagBag from /opt/airflow/dags/dss150p_pipeline.py
[2026-09-23T03:18:40.993+0000] {processor.py:925} INFO - DAG(s) 'dss150p_sales_pipeline' retrieved from /opt/airflow/dags/dss150p_pipeline.py
[2026-09-23T03:18:41.034+0000] {logging_mixin.py:190} INFO - [2026-09-23T03:18:41.033+0000] {dag.py:3239} INFO - Sync 1 DAGs
[2026-09-23T03:18:41.059+0000] {logging_mixin.py:190} INFO - [2026-09-23T03:18:41.059+0000] {dag.py:4180} INFO - Setting next_dagrun for dss150p_sales_pipeline to 2026-09-23 02:00:00+00:00, run_after=2026-09-24 02:00:00+00:00
[2026-09-23T03:18:41.076+0000] {processor.py:208} INFO - Processing /opt/airflow/dags/dss150p_pipeline.py took 0.112 seconds
[2026-09-23T03:19:11.316+0000] {processor.py:186} INFO - Started process (PID=433) to work on /opt/airflow/dags/dss150p_pipeline.py
[2026-09-23T03:19:11.317+0000] {processor.py:914} INFO - Processing file /opt/airflow/dags/dss150p_pipeline.py for tasks to queue
[2026-09-23T03:19:11.323+0000] {logging_mixin.py:190} INFO - [2026-09-23T03:19:11.323+0000] {dagbag.py:588} INFO - Filling up the DagBag from /opt/airflow/dags/dss150p_pipeline.py
[2026-09-23T03:19:11.351+0000] {processor.py:925} INFO - DAG(s) 'dss150p_sales_pipeline' retrieved from /opt/airflow/dags/dss150p_pipeline.py
[2026-09-23T03:19:11.393+0000] {logging_mixin.py:190} INFO - [2026-09-23T03:19:11.392+0000] {dag.py:3239} INFO - Sync 1 DAGs
[2026-09-23T03:19:11.418+0000] {logging_mixin.py:190} INFO - [2026-09-23T03:19:11.417+0000] {dag.py:4180} INFO - Setting next_dagrun for dss150p_sales_pipeline to 2026-09-23 02:00:00+00:00, run_after=2026-09-24 02:00:00+00:00
[2026-09-23T03:19:11.438+0000] {processor.py:208} INFO - Processing /opt/airflow/dags/dss150p_pipeline.py took 0.137 seconds
[2026-09-23T03:19:41.507+0000] {processor.py:186} INFO - Started process (PID=438) to work on /opt/airflow/dags/dss150p_pipeline.py
[2026-09-23T03:19:41.508+0000] {processor.py:914} INFO - Processing file /opt/airflow/dags/dss150p_pipeline.py for tasks to queue
[2026-09-23T03:19:41.510+0000] {logging_mixin.py:190} INFO - [2026-09-23T03:19:41.510+0000] {dagbag.py:588} INFO - Filling up the DagBag from /opt/airflow/dags/dss150p_pipeline.py
[2026-09-23T03:19:41.522+0000] {processor.py:925} INFO - DAG(s) 'dss150p_sales_pipeline' retrieved from /opt/airflow/dags/dss150p_pipeline.py
[2026-09-23T03:19:41.552+0000] {logging_mixin.py:190} INFO - [2026-09-23T03:19:41.552+0000] {dag.py:3239} INFO - Sync 1 DAGs
[2026-09-23T03:19:41.573+0000] {logging_mixin.py:190} INFO - [2026-09-23T03:19:41.572+0000] {dag.py:4180} INFO - Setting next_dagrun for dss150p_sales_pipeline to 2026-09-23 02:00:00+00:00, run_after=2026-09-24 02:00:00+00:00
[2026-09-23T03:19:41.586+0000] {processor.py:208} INFO - Processing /opt/airflow/dags/dss150p_pipeline.py took 0.085 seconds
[2026-09-23T03:20:11.697+0000] {processor.py:186} INFO - Started process (PID=443) to work on /opt/airflow/dags/dss150p_pipeline.py
[2026-09-23T03:20:11.699+0000] {processor.py:914} INFO - Processing file /opt/airflow/dags/dss150p_pipeline.py for tasks to queue
[2026-09-23T03:20:11.702+0000] {logging_mixin.py:190} INFO - [2026-09-23T03:20:11.702+0000] {dagbag.py:588} INFO - Filling up the DagBag from /opt/airflow/dags/dss150p_pipeline.py
[2026-09-23T03:20:11.722+0000] {processor.py:925} INFO - DAG(s) 'dss150p_sales_pipeline' retrieved from /opt/airflow/dags/dss150p_pipeline.py
[2026-09-23T03:20:11.754+0000] {logging_mixin.py:190} INFO - [2026-09-23T03:20:11.754+0000] {dag.py:3239} INFO - Sync 1 DAGs
[2026-09-23T03:20:11.777+0000] {logging_mixin.py:190} INFO - [2026-09-23T03:20:11.777+0000] {dag.py:4180} INFO - Setting next_dagrun for dss150p_sales_pipeline to 2026-09-23 02:00:00+00:00, run_after=2026-09-24 02:00:00+00:00
[2026-09-23T03:20:11.794+0000] {processor.py:208} INFO - Processing /opt/airflow/dags/dss150p_pipeline.py took 0.105 seconds
[2026-09-23T03:20:41.957+0000] {processor.py:186} INFO - Started process (PID=448) to work on /opt/airflow/dags/dss150p_pipeline.py
[2026-09-23T03:20:41.958+0000] {processor.py:914} INFO - Processing file /opt/airflow/dags/dss150p_pipeline.py for tasks to queue
[2026-09-23T03:20:41.961+0000] {logging_mixin.py:190} INFO - [2026-09-23T03:20:41.961+0000] {dagbag.py:588} INFO - Filling up the DagBag from /opt/airflow/dags/dss150p_pipeline.py
[2026-09-23T03:20:41.976+0000] {processor.py:925} INFO - DAG(s) 'dss150p_sales_pipeline' retrieved from /opt/airflow/dags/dss150p_pipeline.py
[2026-09-23T03:20:42.003+0000] {logging_mixin.py:190} INFO - [2026-09-23T03:20:42.003+0000] {dag.py:3239} INFO - Sync 1 DAGs
[2026-09-23T03:20:42.026+0000] {logging_mixin.py:190} INFO - [2026-09-23T03:20:42.026+0000] {dag.py:4180} INFO - Setting next_dagrun for dss150p_sales_pipeline to 2026-09-23 02:00:00+00:00, run_after=2026-09-24 02:00:00+00:00
[2026-09-23T03:20:42.041+0000] {processor.py:208} INFO - Processing /opt/airflow/dags/dss150p_pipeline.py took 0.095 seconds
[2026-09-23T03:21:12.240+0000] {processor.py:186} INFO - Started process (PID=453) to work on /opt/airflow/dags/dss150p_pipeline.py
[2026-09-23T03:21:12.244+0000] {processor.py:914} INFO - Processing file /opt/airflow/dags/dss150p_pipeline.py for tasks to queue
[2026-09-23T03:21:12.247+0000] {logging_mixin.py:190} INFO - [2026-09-23T03:21:12.246+0000] {dagbag.py:588} INFO - Filling up the DagBag from /opt/airflow/dags/dss150p_pipeline.py
[2026-09-23T03:21:12.269+0000] {processor.py:925} INFO - DAG(s) 'dss150p_sales_pipeline' retrieved from /opt/airflow/dags/dss150p_pipeline.py
[2026-09-23T03:21:12.304+0000] {logging_mixin.py:190} INFO - [2026-09-23T03:21:12.304+0000] {dag.py:3239} INFO - Sync 1 DAGs
[2026-09-23T03:21:12.327+0000] {logging_mixin.py:190} INFO - [2026-09-23T03:21:12.327+0000] {dag.py:4180} INFO - Setting next_dagrun for dss150p_sales_pipeline to 2026-09-23 02:00:00+00:00, run_after=2026-09-24 02:00:00+00:00
[2026-09-23T03:21:12.341+0000] {processor.py:208} INFO - Processing /opt/airflow/dags/dss150p_pipeline.py took 0.112 seconds
[2026-09-23T03:21:42.517+0000] {processor.py:186} INFO - Started process (PID=458) to work on /opt/airflow/dags/dss150p_pipeline.py
[2026-09-23T03:21:42.518+0000] {processor.py:914} INFO - Processing file /opt/airflow/dags/dss150p_pipeline.py for tasks to queue
[2026-09-23T03:21:42.521+0000] {logging_mixin.py:190} INFO - [2026-09-23T03:21:42.520+0000] {dagbag.py:588} INFO - Filling up the DagBag from /opt/airflow/dags/dss150p_pipeline.py
[2026-09-23T03:21:42.539+0000] {processor.py:925} INFO - DAG(s) 'dss150p_sales_pipeline' retrieved from /opt/airflow/dags/dss150p_pipeline.py
[2026-09-23T03:21:42.572+0000] {logging_mixin.py:190} INFO - [2026-09-23T03:21:42.572+0000] {dag.py:3239} INFO - Sync 1 DAGs
[2026-09-23T03:21:42.593+0000] {logging_mixin.py:190} INFO - [2026-09-23T03:21:42.593+0000] {dag.py:4180} INFO - Setting next_dagrun for dss150p_sales_pipeline to 2026-09-23 02:00:00+00:00, run_after=2026-09-24 02:00:00+00:00
[2026-09-23T03:21:42.607+0000] {processor.py:208} INFO - Processing /opt/airflow/dags/dss150p_pipeline.py took 0.096 seconds
[2026-09-23T03:22:12.812+0000] {processor.py:186} INFO - Started process (PID=463) to work on /opt/airflow/dags/dss150p_pipeline.py
[2026-09-23T03:22:12.813+0000] {processor.py:914} INFO - Processing file /opt/airflow/dags/dss150p_pipeline.py for tasks to queue
[2026-09-23T03:22:12.817+0000] {logging_mixin.py:190} INFO - [2026-09-23T03:22:12.816+0000] {dagbag.py:588} INFO - Filling up the DagBag from /opt/airflow/dags/dss150p_pipeline.py
[2026-09-23T03:22:12.832+0000] {processor.py:925} INFO - DAG(s) 'dss150p_sales_pipeline' retrieved from /opt/airflow/dags/dss150p_pipeline.py
[2026-09-23T03:22:12.863+0000] {logging_mixin.py:190} INFO - [2026-09-23T03:22:12.862+0000] {dag.py:3239} INFO - Sync 1 DAGs
[2026-09-23T03:22:12.881+0000] {logging_mixin.py:190} INFO - [2026-09-23T03:22:12.881+0000] {dag.py:4180} INFO - Setting next_dagrun for dss150p_sales_pipeline to 2026-09-23 02:00:00+00:00, run_after=2026-09-24 02:00:00+00:00
[2026-09-23T03:22:12.896+0000] {processor.py:208} INFO - Processing /opt/airflow/dags/dss150p_pipeline.py took 0.090 seconds
[2026-09-23T03:22:43.056+0000] {processor.py:186} INFO - Started process (PID=468) to work on /opt/airflow/dags/dss150p_pipeline.py
[2026-09-23T03:22:43.057+0000] {processor.py:914} INFO - Processing file /opt/airflow/dags/dss150p_pipeline.py for tasks to queue
[2026-09-23T03:22:43.059+0000] {logging_mixin.py:190} INFO - [2026-09-23T03:22:43.059+0000] {dagbag.py:588} INFO - Filling up the DagBag from /opt/airflow/dags/dss150p_pipeline.py
[2026-09-23T03:22:43.072+0000] {processor.py:925} INFO - DAG(s) 'dss150p_sales_pipeline' retrieved from /opt/airflow/dags/dss150p_pipeline.py
[2026-09-23T03:22:43.099+0000] {logging_mixin.py:190} INFO - [2026-09-23T03:22:43.099+0000] {dag.py:3239} INFO - Sync 1 DAGs
[2026-09-23T03:22:43.116+0000] {logging_mixin.py:190} INFO - [2026-09-23T03:22:43.116+0000] {dag.py:4180} INFO - Setting next_dagrun for dss150p_sales_pipeline to 2026-09-23 02:00:00+00:00, run_after=2026-09-24 02:00:00+00:00
[2026-09-23T03:22:43.128+0000] {processor.py:208} INFO - Processing /opt/airflow/dags/dss150p_pipeline.py took 0.079 seconds
[2026-09-23T03:23:13.374+0000] {processor.py:186} INFO - Started process (PID=473) to work on /opt/airflow/dags/dss150p_pipeline.py
[2026-09-23T03:23:13.376+0000] {processor.py:914} INFO - Processing file /opt/airflow/dags/dss150p_pipeline.py for tasks to queue
[2026-09-23T03:23:13.380+0000] {logging_mixin.py:190} INFO - [2026-09-23T03:23:13.379+0000] {dagbag.py:588} INFO - Filling up the DagBag from /opt/airflow/dags/dss150p_pipeline.py
[2026-09-23T03:23:13.415+0000] {processor.py:925} INFO - DAG(s) 'dss150p_sales_pipeline' retrieved from /opt/airflow/dags/dss150p_pipeline.py
[2026-09-23T03:23:13.466+0000] {logging_mixin.py:190} INFO - [2026-09-23T03:23:13.465+0000] {dag.py:3239} INFO - Sync 1 DAGs
[2026-09-23T03:23:13.502+0000] {logging_mixin.py:190} INFO - [2026-09-23T03:23:13.502+0000] {dag.py:4180} INFO - Setting next_dagrun for dss150p_sales_pipeline to 2026-09-23 02:00:00+00:00, run_after=2026-09-24 02:00:00+00:00
[2026-09-23T03:23:13.527+0000] {processor.py:208} INFO - Processing /opt/airflow/dags/dss150p_pipeline.py took 0.163 seconds
[2026-09-23T03:23:43.696+0000] {processor.py:186} INFO - Started process (PID=478) to work on /opt/airflow/dags/dss150p_pipeline.py
[2026-09-23T03:23:43.696+0000] {processor.py:914} INFO - Processing file /opt/airflow/dags/dss150p_pipeline.py for tasks to queue
[2026-09-23T03:23:43.699+0000] {logging_mixin.py:190} INFO - [2026-09-23T03:23:43.699+0000] {dagbag.py:588} INFO - Filling up the DagBag from /opt/airflow/dags/dss150p_pipeline.py
[2026-09-23T03:23:43.715+0000] {processor.py:925} INFO - DAG(s) 'dss150p_sales_pipeline' retrieved from /opt/airflow/dags/dss150p_pipeline.py
[2026-09-23T03:23:43.741+0000] {logging_mixin.py:190} INFO - [2026-09-23T03:23:43.740+0000] {dag.py:3239} INFO - Sync 1 DAGs
[2026-09-23T03:23:43.760+0000] {logging_mixin.py:190} INFO - [2026-09-23T03:23:43.760+0000] {dag.py:4180} INFO - Setting next_dagrun for dss150p_sales_pipeline to 2026-09-23 02:00:00+00:00, run_after=2026-09-24 02:00:00+00:00
[2026-09-23T03:23:43.772+0000] {processor.py:208} INFO - Processing /opt/airflow/dags/dss150p_pipeline.py took 0.082 seconds
[2026-09-23T03:24:13.927+0000] {processor.py:186} INFO - Started process (PID=483) to work on /opt/airflow/dags/dss150p_pipeline.py
[2026-09-23T03:24:13.928+0000] {processor.py:914} INFO - Processing file /opt/airflow/dags/dss150p_pipeline.py for tasks to queue
[2026-09-23T03:24:13.931+0000] {logging_mixin.py:190} INFO - [2026-09-23T03:24:13.931+0000] {dagbag.py:588} INFO - Filling up the DagBag from /opt/airflow/dags/dss150p_pipeline.py
[2026-09-23T03:24:13.957+0000] {processor.py:925} INFO - DAG(s) 'dss150p_sales_pipeline' retrieved from /opt/airflow/dags/dss150p_pipeline.py
[2026-09-23T03:24:14.003+0000] {logging_mixin.py:190} INFO - [2026-09-23T03:24:14.002+0000] {dag.py:3239} INFO - Sync 1 DAGs
[2026-09-23T03:24:14.028+0000] {logging_mixin.py:190} INFO - [2026-09-23T03:24:14.028+0000] {dag.py:4180} INFO - Setting next_dagrun for dss150p_sales_pipeline to 2026-09-23 02:00:00+00:00, run_after=2026-09-24 02:00:00+00:00
[2026-09-23T03:24:14.051+0000] {processor.py:208} INFO - Processing /opt/airflow/dags/dss150p_pipeline.py took 0.130 seconds
[2026-09-23T03:24:44.228+0000] {processor.py:186} INFO - Started process (PID=488) to work on /opt/airflow/dags/dss150p_pipeline.py
[2026-09-23T03:24:44.229+0000] {processor.py:914} INFO - Processing file /opt/airflow/dags/dss150p_pipeline.py for tasks to queue
[2026-09-23T03:24:44.231+0000] {logging_mixin.py:190} INFO - [2026-09-23T03:24:44.231+0000] {dagbag.py:588} INFO - Filling up the DagBag from /opt/airflow/dags/dss150p_pipeline.py
[2026-09-23T03:24:44.246+0000] {processor.py:925} INFO - DAG(s) 'dss150p_sales_pipeline' retrieved from /opt/airflow/dags/dss150p_pipeline.py
[2026-09-23T03:24:44.276+0000] {logging_mixin.py:190} INFO - [2026-09-23T03:24:44.276+0000] {dag.py:3239} INFO - Sync 1 DAGs
[2026-09-23T03:24:44.298+0000] {logging_mixin.py:190} INFO - [2026-09-23T03:24:44.298+0000] {dag.py:4180} INFO - Setting next_dagrun for dss150p_sales_pipeline to 2026-09-23 02:00:00+00:00, run_after=2026-09-24 02:00:00+00:00
[2026-09-23T03:24:44.313+0000] {processor.py:208} INFO - Processing /opt/airflow/dags/dss150p_pipeline.py took 0.093 seconds
[2026-09-23T03:25:14.459+0000] {processor.py:186} INFO - Started process (PID=493) to work on /opt/airflow/dags/dss150p_pipeline.py
[2026-09-23T03:25:14.460+0000] {processor.py:914} INFO - Processing file /opt/airflow/dags/dss150p_pipeline.py for tasks to queue
[2026-09-23T03:25:14.462+0000] {logging_mixin.py:190} INFO - [2026-09-23T03:25:14.462+0000] {dagbag.py:588} INFO - Filling up the DagBag from /opt/airflow/dags/dss150p_pipeline.py
[2026-09-23T03:25:14.478+0000] {processor.py:925} INFO - DAG(s) 'dss150p_sales_pipeline' retrieved from /opt/airflow/dags/dss150p_pipeline.py
[2026-09-23T03:25:14.515+0000] {logging_mixin.py:190} INFO - [2026-09-23T03:25:14.514+0000] {dag.py:3239} INFO - Sync 1 DAGs
[2026-09-23T03:25:14.540+0000] {logging_mixin.py:190} INFO - [2026-09-23T03:25:14.540+0000] {dag.py:4180} INFO - Setting next_dagrun for dss150p_sales_pipeline to 2026-09-23 02:00:00+00:00, run_after=2026-09-24 02:00:00+00:00
[2026-09-23T03:25:14.556+0000] {processor.py:208} INFO - Processing /opt/airflow/dags/dss150p_pipeline.py took 0.103 seconds
[2026-09-23T03:25:44.828+0000] {processor.py:186} INFO - Started process (PID=498) to work on /opt/airflow/dags/dss150p_pipeline.py
[2026-09-23T03:25:44.829+0000] {processor.py:914} INFO - Processing file /opt/airflow/dags/dss150p_pipeline.py for tasks to queue
[2026-09-23T03:25:44.836+0000] {logging_mixin.py:190} INFO - [2026-09-23T03:25:44.835+0000] {dagbag.py:588} INFO - Filling up the DagBag from /opt/airflow/dags/dss150p_pipeline.py
[2026-09-23T03:25:44.858+0000] {processor.py:925} INFO - DAG(s) 'dss150p_sales_pipeline' retrieved from /opt/airflow/dags/dss150p_pipeline.py
[2026-09-23T03:25:44.891+0000] {logging_mixin.py:190} INFO - [2026-09-23T03:25:44.891+0000] {dag.py:3239} INFO - Sync 1 DAGs
[2026-09-23T03:25:44.915+0000] {logging_mixin.py:190} INFO - [2026-09-23T03:25:44.915+0000] {dag.py:4180} INFO - Setting next_dagrun for dss150p_sales_pipeline to 2026-09-23 02:00:00+00:00, run_after=2026-09-24 02:00:00+00:00
[2026-09-23T03:25:44.929+0000] {processor.py:208} INFO - Processing /opt/airflow/dags/dss150p_pipeline.py took 0.110 seconds
[2026-09-23T03:26:15.034+0000] {processor.py:186} INFO - Started process (PID=503) to work on /opt/airflow/dags/dss150p_pipeline.py
[2026-09-23T03:26:15.035+0000] {processor.py:914} INFO - Processing file /opt/airflow/dags/dss150p_pipeline.py for tasks to queue
[2026-09-23T03:26:15.038+0000] {logging_mixin.py:190} INFO - [2026-09-23T03:26:15.038+0000] {dagbag.py:588} INFO - Filling up the DagBag from /opt/airflow/dags/dss150p_pipeline.py
[2026-09-23T03:26:15.050+0000] {processor.py:925} INFO - DAG(s) 'dss150p_sales_pipeline' retrieved from /opt/airflow/dags/dss150p_pipeline.py
[2026-09-23T03:26:15.082+0000] {logging_mixin.py:190} INFO - [2026-09-23T03:26:15.081+0000] {dag.py:3239} INFO - Sync 1 DAGs
[2026-09-23T03:26:15.098+0000] {logging_mixin.py:190} INFO - [2026-09-23T03:26:15.097+0000] {dag.py:4180} INFO - Setting next_dagrun for dss150p_sales_pipeline to 2026-09-23 02:00:00+00:00, run_after=2026-09-24 02:00:00+00:00
[2026-09-23T03:26:15.108+0000] {processor.py:208} INFO - Processing /opt/airflow/dags/dss150p_pipeline.py took 0.082 seconds
[2026-09-23T03:26:45.354+0000] {processor.py:186} INFO - Started process (PID=508) to work on /opt/airflow/dags/dss150p_pipeline.py
[2026-09-23T03:26:45.355+0000] {processor.py:914} INFO - Processing file /opt/airflow/dags/dss150p_pipeline.py for tasks to queue
[2026-09-23T03:26:45.358+0000] {logging_mixin.py:190} INFO - [2026-09-23T03:26:45.357+0000] {dagbag.py:588} INFO - Filling up the DagBag from /opt/airflow/dags/dss150p_pipeline.py
[2026-09-23T03:26:45.377+0000] {processor.py:925} INFO - DAG(s) 'dss150p_sales_pipeline' retrieved from /opt/airflow/dags/dss150p_pipeline.py
[2026-09-23T03:26:45.519+0000] {logging_mixin.py:190} INFO - [2026-09-23T03:26:45.519+0000] {dag.py:3239} INFO - Sync 1 DAGs
[2026-09-23T03:26:45.542+0000] {logging_mixin.py:190} INFO - [2026-09-23T03:26:45.542+0000] {dag.py:4180} INFO - Setting next_dagrun for dss150p_sales_pipeline to 2026-09-23 02:00:00+00:00, run_after=2026-09-24 02:00:00+00:00
[2026-09-23T03:26:45.557+0000] {processor.py:208} INFO - Processing /opt/airflow/dags/dss150p_pipeline.py took 0.212 seconds
[2026-09-23T03:27:15.814+0000] {processor.py:186} INFO - Started process (PID=513) to work on /opt/airflow/dags/dss150p_pipeline.py
[2026-09-23T03:27:15.815+0000] {processor.py:914} INFO - Processing file /opt/airflow/dags/dss150p_pipeline.py for tasks to queue
[2026-09-23T03:27:15.818+0000] {logging_mixin.py:190} INFO - [2026-09-23T03:27:15.818+0000] {dagbag.py:588} INFO - Filling up the DagBag from /opt/airflow/dags/dss150p_pipeline.py
[2026-09-23T03:27:15.836+0000] {processor.py:925} INFO - DAG(s) 'dss150p_sales_pipeline' retrieved from /opt/airflow/dags/dss150p_pipeline.py
[2026-09-23T03:27:15.865+0000] {logging_mixin.py:190} INFO - [2026-09-23T03:27:15.864+0000] {dag.py:3239} INFO - Sync 1 DAGs
[2026-09-23T03:27:15.882+0000] {logging_mixin.py:190} INFO - [2026-09-23T03:27:15.881+0000] {dag.py:4180} INFO - Setting next_dagrun for dss150p_sales_pipeline to 2026-09-23 02:00:00+00:00, run_after=2026-09-24 02:00:00+00:00
[2026-09-23T03:27:15.893+0000] {processor.py:208} INFO - Processing /opt/airflow/dags/dss150p_pipeline.py took 0.085 seconds
[2026-09-23T03:27:46.025+0000] {processor.py:186} INFO - Started process (PID=518) to work on /opt/airflow/dags/dss150p_pipeline.py
[2026-09-23T03:27:46.026+0000] {processor.py:914} INFO - Processing file /opt/airflow/dags/dss150p_pipeline.py for tasks to queue
[2026-09-23T03:27:46.029+0000] {logging_mixin.py:190} INFO - [2026-09-23T03:27:46.029+0000] {dagbag.py:588} INFO - Filling up the DagBag from /opt/airflow/dags/dss150p_pipeline.py
[2026-09-23T03:27:46.044+0000] {processor.py:925} INFO - DAG(s) 'dss150p_sales_pipeline' retrieved from /opt/airflow/dags/dss150p_pipeline.py
[2026-09-23T03:27:46.071+0000] {logging_mixin.py:190} INFO - [2026-09-23T03:27:46.070+0000] {dag.py:3239} INFO - Sync 1 DAGs
[2026-09-23T03:27:46.086+0000] {logging_mixin.py:190} INFO - [2026-09-23T03:27:46.086+0000] {dag.py:4180} INFO - Setting next_dagrun for dss150p_sales_pipeline to 2026-09-23 02:00:00+00:00, run_after=2026-09-24 02:00:00+00:00
[2026-09-23T03:27:46.101+0000] {processor.py:208} INFO - Processing /opt/airflow/dags/dss150p_pipeline.py took 0.083 seconds
[2026-09-23T03:28:16.316+0000] {processor.py:186} INFO - Started process (PID=523) to work on /opt/airflow/dags/dss150p_pipeline.py
[2026-09-23T03:28:16.317+0000] {processor.py:914} INFO - Processing file /opt/airflow/dags/dss150p_pipeline.py for tasks to queue
[2026-09-23T03:28:16.319+0000] {logging_mixin.py:190} INFO - [2026-09-23T03:28:16.318+0000] {dagbag.py:588} INFO - Filling up the DagBag from /opt/airflow/dags/dss150p_pipeline.py
[2026-09-23T03:28:16.333+0000] {processor.py:925} INFO - DAG(s) 'dss150p_sales_pipeline' retrieved from /opt/airflow/dags/dss150p_pipeline.py
[2026-09-23T03:28:16.363+0000] {logging_mixin.py:190} INFO - [2026-09-23T03:28:16.362+0000] {dag.py:3239} INFO - Sync 1 DAGs
[2026-09-23T03:28:16.382+0000] {logging_mixin.py:190} INFO - [2026-09-23T03:28:16.382+0000] {dag.py:4180} INFO - Setting next_dagrun for dss150p_sales_pipeline to 2026-09-23 02:00:00+00:00, run_after=2026-09-24 02:00:00+00:00
[2026-09-23T03:28:16.398+0000] {processor.py:208} INFO - Processing /opt/airflow/dags/dss150p_pipeline.py took 0.087 seconds
[2026-09-23T03:28:46.534+0000] {processor.py:186} INFO - Started process (PID=528) to work on /opt/airflow/dags/dss150p_pipeline.py
[2026-09-23T03:28:46.534+0000] {processor.py:914} INFO - Processing file /opt/airflow/dags/dss150p_pipeline.py for tasks to queue
[2026-09-23T03:28:46.536+0000] {logging_mixin.py:190} INFO - [2026-09-23T03:28:46.536+0000] {dagbag.py:588} INFO - Filling up the DagBag from /opt/airflow/dags/dss150p_pipeline.py
[2026-09-23T03:28:46.557+0000] {processor.py:925} INFO - DAG(s) 'dss150p_sales_pipeline' retrieved from /opt/airflow/dags/dss150p_pipeline.py
[2026-09-23T03:28:46.587+0000] {logging_mixin.py:190} INFO - [2026-09-23T03:28:46.587+0000] {dag.py:3239} INFO - Sync 1 DAGs
[2026-09-23T03:28:46.602+0000] {logging_mixin.py:190} INFO - [2026-09-23T03:28:46.602+0000] {dag.py:4180} INFO - Setting next_dagrun for dss150p_sales_pipeline to 2026-09-23 02:00:00+00:00, run_after=2026-09-24 02:00:00+00:00
[2026-09-23T03:28:46.613+0000] {processor.py:208} INFO - Processing /opt/airflow/dags/dss150p_pipeline.py took 0.089 seconds
[2026-09-23T03:29:16.819+0000] {processor.py:186} INFO - Started process (PID=533) to work on /opt/airflow/dags/dss150p_pipeline.py
[2026-09-23T03:29:16.820+0000] {processor.py:914} INFO - Processing file /opt/airflow/dags/dss150p_pipeline.py for tasks to queue
[2026-09-23T03:29:16.823+0000] {logging_mixin.py:190} INFO - [2026-09-23T03:29:16.822+0000] {dagbag.py:588} INFO - Filling up the DagBag from /opt/airflow/dags/dss150p_pipeline.py
[2026-09-23T03:29:16.841+0000] {processor.py:925} INFO - DAG(s) 'dss150p_sales_pipeline' retrieved from /opt/airflow/dags/dss150p_pipeline.py
[2026-09-23T03:29:16.870+0000] {logging_mixin.py:190} INFO - [2026-09-23T03:29:16.870+0000] {dag.py:3239} INFO - Sync 1 DAGs
[2026-09-23T03:29:16.888+0000] {logging_mixin.py:190} INFO - [2026-09-23T03:29:16.888+0000] {dag.py:4180} INFO - Setting next_dagrun for dss150p_sales_pipeline to 2026-09-23 02:00:00+00:00, run_after=2026-09-24 02:00:00+00:00
[2026-09-23T03:29:16.900+0000] {processor.py:208} INFO - Processing /opt/airflow/dags/dss150p_pipeline.py took 0.088 seconds
[2026-09-23T03:29:47.038+0000] {processor.py:186} INFO - Started process (PID=538) to work on /opt/airflow/dags/dss150p_pipeline.py
[2026-09-23T03:29:47.039+0000] {processor.py:914} INFO - Processing file /opt/airflow/dags/dss150p_pipeline.py for tasks to queue
[2026-09-23T03:29:47.042+0000] {logging_mixin.py:190} INFO - [2026-09-23T03:29:47.041+0000] {dagbag.py:588} INFO - Filling up the DagBag from /opt/airflow/dags/dss150p_pipeline.py
[2026-09-23T03:29:47.053+0000] {processor.py:925} INFO - DAG(s) 'dss150p_sales_pipeline' retrieved from /opt/airflow/dags/dss150p_pipeline.py
[2026-09-23T03:29:47.079+0000] {logging_mixin.py:190} INFO - [2026-09-23T03:29:47.079+0000] {dag.py:3239} INFO - Sync 1 DAGs
[2026-09-23T03:29:47.095+0000] {logging_mixin.py:190} INFO - [2026-09-23T03:29:47.095+0000] {dag.py:4180} INFO - Setting next_dagrun for dss150p_sales_pipeline to 2026-09-23 02:00:00+00:00, run_after=2026-09-24 02:00:00+00:00
[2026-09-23T03:29:47.107+0000] {processor.py:208} INFO - Processing /opt/airflow/dags/dss150p_pipeline.py took 0.080 seconds
[2026-09-23T03:30:17.249+0000] {processor.py:186} INFO - Started process (PID=543) to work on /opt/airflow/dags/dss150p_pipeline.py
[2026-09-23T03:30:17.249+0000] {processor.py:914} INFO - Processing file /opt/airflow/dags/dss150p_pipeline.py for tasks to queue
[2026-09-23T03:30:17.251+0000] {logging_mixin.py:190} INFO - [2026-09-23T03:30:17.251+0000] {dagbag.py:588} INFO - Filling up the DagBag from /opt/airflow/dags/dss150p_pipeline.py
[2026-09-23T03:30:17.263+0000] {processor.py:925} INFO - DAG(s) 'dss150p_sales_pipeline' retrieved from /opt/airflow/dags/dss150p_pipeline.py
[2026-09-23T03:30:17.300+0000] {logging_mixin.py:190} INFO - [2026-09-23T03:30:17.300+0000] {dag.py:3239} INFO - Sync 1 DAGs
[2026-09-23T03:30:17.320+0000] {logging_mixin.py:190} INFO - [2026-09-23T03:30:17.319+0000] {dag.py:4180} INFO - Setting next_dagrun for dss150p_sales_pipeline to 2026-09-23 02:00:00+00:00, run_after=2026-09-24 02:00:00+00:00
[2026-09-23T03:30:17.332+0000] {processor.py:208} INFO - Processing /opt/airflow/dags/dss150p_pipeline.py took 0.088 seconds
[2026-09-23T03:30:47.600+0000] {processor.py:186} INFO - Started process (PID=548) to work on /opt/airflow/dags/dss150p_pipeline.py
[2026-09-23T03:30:47.601+0000] {processor.py:914} INFO - Processing file /opt/airflow/dags/dss150p_pipeline.py for tasks to queue
[2026-09-23T03:30:47.610+0000] {logging_mixin.py:190} INFO - [2026-09-23T03:30:47.609+0000] {dagbag.py:588} INFO - Filling up the DagBag from /opt/airflow/dags/dss150p_pipeline.py
[2026-09-23T03:30:47.650+0000] {processor.py:925} INFO - DAG(s) 'dss150p_sales_pipeline' retrieved from /opt/airflow/dags/dss150p_pipeline.py
[2026-09-23T03:30:47.702+0000] {logging_mixin.py:190} INFO - [2026-09-23T03:30:47.702+0000] {dag.py:3239} INFO - Sync 1 DAGs
[2026-09-23T03:30:47.741+0000] {logging_mixin.py:190} INFO - [2026-09-23T03:30:47.740+0000] {dag.py:4180} INFO - Setting next_dagrun for dss150p_sales_pipeline to 2026-09-23 02:00:00+00:00, run_after=2026-09-24 02:00:00+00:00
[2026-09-23T03:30:47.764+0000] {processor.py:208} INFO - Processing /opt/airflow/dags/dss150p_pipeline.py took 0.179 seconds
[2026-09-23T03:31:17.933+0000] {processor.py:186} INFO - Started process (PID=553) to work on /opt/airflow/dags/dss150p_pipeline.py
[2026-09-23T03:31:17.935+0000] {processor.py:914} INFO - Processing file /opt/airflow/dags/dss150p_pipeline.py for tasks to queue
[2026-09-23T03:31:17.939+0000] {logging_mixin.py:190} INFO - [2026-09-23T03:31:17.939+0000] {dagbag.py:588} INFO - Filling up the DagBag from /opt/airflow/dags/dss150p_pipeline.py
[2026-09-23T03:31:17.968+0000] {processor.py:925} INFO - DAG(s) 'dss150p_sales_pipeline' retrieved from /opt/airflow/dags/dss150p_pipeline.py
[2026-09-23T03:31:18.014+0000] {logging_mixin.py:190} INFO - [2026-09-23T03:31:18.013+0000] {dag.py:3239} INFO - Sync 1 DAGs
[2026-09-23T03:31:18.038+0000] {logging_mixin.py:190} INFO - [2026-09-23T03:31:18.037+0000] {dag.py:4180} INFO - Setting next_dagrun for dss150p_sales_pipeline to 2026-09-23 02:00:00+00:00, run_after=2026-09-24 02:00:00+00:00
[2026-09-23T03:31:18.051+0000] {processor.py:208} INFO - Processing /opt/airflow/dags/dss150p_pipeline.py took 0.128 seconds
[2026-09-23T03:31:48.272+0000] {processor.py:186} INFO - Started process (PID=558) to work on /opt/airflow/dags/dss150p_pipeline.py
[2026-09-23T03:31:48.274+0000] {processor.py:914} INFO - Processing file /opt/airflow/dags/dss150p_pipeline.py for tasks to queue
[2026-09-23T03:31:48.281+0000] {logging_mixin.py:190} INFO - [2026-09-23T03:31:48.281+0000] {dagbag.py:588} INFO - Filling up the DagBag from /opt/airflow/dags/dss150p_pipeline.py
[2026-09-23T03:31:48.298+0000] {processor.py:925} INFO - DAG(s) 'dss150p_sales_pipeline' retrieved from /opt/airflow/dags/dss150p_pipeline.py
[2026-09-23T03:31:48.336+0000] {logging_mixin.py:190} INFO - [2026-09-23T03:31:48.336+0000] {dag.py:3239} INFO - Sync 1 DAGs
[2026-09-23T03:31:48.356+0000] {logging_mixin.py:190} INFO - [2026-09-23T03:31:48.356+0000] {dag.py:4180} INFO - Setting next_dagrun for dss150p_sales_pipeline to 2026-09-23 02:00:00+00:00, run_after=2026-09-24 02:00:00+00:00
[2026-09-23T03:31:48.378+0000] {processor.py:208} INFO - Processing /opt/airflow/dags/dss150p_pipeline.py took 0.114 seconds
[2026-09-23T03:32:18.525+0000] {processor.py:186} INFO - Started process (PID=563) to work on /opt/airflow/dags/dss150p_pipeline.py
[2026-09-23T03:32:18.526+0000] {processor.py:914} INFO - Processing file /opt/airflow/dags/dss150p_pipeline.py for tasks to queue
[2026-09-23T03:32:18.529+0000] {logging_mixin.py:190} INFO - [2026-09-23T03:32:18.528+0000] {dagbag.py:588} INFO - Filling up the DagBag from /opt/airflow/dags/dss150p_pipeline.py
[2026-09-23T03:32:18.551+0000] {processor.py:925} INFO - DAG(s) 'dss150p_sales_pipeline' retrieved from /opt/airflow/dags/dss150p_pipeline.py
[2026-09-23T03:32:18.583+0000] {logging_mixin.py:190} INFO - [2026-09-23T03:32:18.583+0000] {dag.py:3239} INFO - Sync 1 DAGs
[2026-09-23T03:32:18.603+0000] {logging_mixin.py:190} INFO - [2026-09-23T03:32:18.603+0000] {dag.py:4180} INFO - Setting next_dagrun for dss150p_sales_pipeline to 2026-09-23 02:00:00+00:00, run_after=2026-09-24 02:00:00+00:00
[2026-09-23T03:32:18.617+0000] {processor.py:208} INFO - Processing /opt/airflow/dags/dss150p_pipeline.py took 0.099 seconds
[2026-09-23T03:32:48.870+0000] {processor.py:186} INFO - Started process (PID=568) to work on /opt/airflow/dags/dss150p_pipeline.py
[2026-09-23T03:32:48.872+0000] {processor.py:914} INFO - Processing file /opt/airflow/dags/dss150p_pipeline.py for tasks to queue
[2026-09-23T03:32:48.875+0000] {logging_mixin.py:190} INFO - [2026-09-23T03:32:48.874+0000] {dagbag.py:588} INFO - Filling up the DagBag from /opt/airflow/dags/dss150p_pipeline.py
[2026-09-23T03:32:48.894+0000] {processor.py:925} INFO - DAG(s) 'dss150p_sales_pipeline' retrieved from /opt/airflow/dags/dss150p_pipeline.py
[2026-09-23T03:32:48.924+0000] {logging_mixin.py:190} INFO - [2026-09-23T03:32:48.923+0000] {dag.py:3239} INFO - Sync 1 DAGs
[2026-09-23T03:32:48.941+0000] {logging_mixin.py:190} INFO - [2026-09-23T03:32:48.941+0000] {dag.py:4180} INFO - Setting next_dagrun for dss150p_sales_pipeline to 2026-09-23 02:00:00+00:00, run_after=2026-09-24 02:00:00+00:00
[2026-09-23T03:32:48.956+0000] {processor.py:208} INFO - Processing /opt/airflow/dags/dss150p_pipeline.py took 0.091 seconds
[2026-09-23T03:33:19.098+0000] {processor.py:186} INFO - Started process (PID=573) to work on /opt/airflow/dags/dss150p_pipeline.py
[2026-09-23T03:33:19.099+0000] {processor.py:914} INFO - Processing file /opt/airflow/dags/dss150p_pipeline.py for tasks to queue
[2026-09-23T03:33:19.102+0000] {logging_mixin.py:190} INFO - [2026-09-23T03:33:19.101+0000] {dagbag.py:588} INFO - Filling up the DagBag from /opt/airflow/dags/dss150p_pipeline.py
[2026-09-23T03:33:19.114+0000] {processor.py:925} INFO - DAG(s) 'dss150p_sales_pipeline' retrieved from /opt/airflow/dags/dss150p_pipeline.py
[2026-09-23T03:33:19.139+0000] {logging_mixin.py:190} INFO - [2026-09-23T03:33:19.139+0000] {dag.py:3239} INFO - Sync 1 DAGs
[2026-09-23T03:33:19.162+0000] {logging_mixin.py:190} INFO - [2026-09-23T03:33:19.162+0000] {dag.py:4180} INFO - Setting next_dagrun for dss150p_sales_pipeline to 2026-09-23 02:00:00+00:00, run_after=2026-09-24 02:00:00+00:00
[2026-09-23T03:33:19.182+0000] {processor.py:208} INFO - Processing /opt/airflow/dags/dss150p_pipeline.py took 0.088 seconds
[2026-09-23T03:33:49.342+0000] {processor.py:186} INFO - Started process (PID=578) to work on /opt/airflow/dags/dss150p_pipeline.py
[2026-09-23T03:33:49.343+0000] {processor.py:914} INFO - Processing file /opt/airflow/dags/dss150p_pipeline.py for tasks to queue
[2026-09-23T03:33:49.348+0000] {logging_mixin.py:190} INFO - [2026-09-23T03:33:49.348+0000] {dagbag.py:588} INFO - Filling up the DagBag from /opt/airflow/dags/dss150p_pipeline.py
[2026-09-23T03:33:49.368+0000] {processor.py:925} INFO - DAG(s) 'dss150p_sales_pipeline' retrieved from /opt/airflow/dags/dss150p_pipeline.py
[2026-09-23T03:33:49.408+0000] {logging_mixin.py:190} INFO - [2026-09-23T03:33:49.408+0000] {dag.py:3239} INFO - Sync 1 DAGs
[2026-09-23T03:33:49.442+0000] {logging_mixin.py:190} INFO - [2026-09-23T03:33:49.442+0000] {dag.py:4180} INFO - Setting next_dagrun for dss150p_sales_pipeline to 2026-09-23 02:00:00+00:00, run_after=2026-09-24 02:00:00+00:00
[2026-09-23T03:33:49.467+0000] {processor.py:208} INFO - Processing /opt/airflow/dags/dss150p_pipeline.py took 0.136 seconds
[2026-09-23T03:34:19.565+0000] {processor.py:186} INFO - Started process (PID=583) to work on /opt/airflow/dags/dss150p_pipeline.py
[2026-09-23T03:34:19.566+0000] {processor.py:914} INFO - Processing file /opt/airflow/dags/dss150p_pipeline.py for tasks to queue
[2026-09-23T03:34:19.569+0000] {logging_mixin.py:190} INFO - [2026-09-23T03:34:19.568+0000] {dagbag.py:588} INFO - Filling up the DagBag from /opt/airflow/dags/dss150p_pipeline.py
[2026-09-23T03:34:19.583+0000] {processor.py:925} INFO - DAG(s) 'dss150p_sales_pipeline' retrieved from /opt/airflow/dags/dss150p_pipeline.py
[2026-09-23T03:34:19.617+0000] {logging_mixin.py:190} INFO - [2026-09-23T03:34:19.617+0000] {dag.py:3239} INFO - Sync 1 DAGs
[2026-09-23T03:34:19.638+0000] {logging_mixin.py:190} INFO - [2026-09-23T03:34:19.638+0000] {dag.py:4180} INFO - Setting next_dagrun for dss150p_sales_pipeline to 2026-09-23 02:00:00+00:00, run_after=2026-09-24 02:00:00+00:00
[2026-09-23T03:34:19.650+0000] {processor.py:208} INFO - Processing /opt/airflow/dags/dss150p_pipeline.py took 0.090 seconds
[2026-09-23T03:34:49.968+0000] {processor.py:186} INFO - Started process (PID=588) to work on /opt/airflow/dags/dss150p_pipeline.py
[2026-09-23T03:34:49.969+0000] {processor.py:914} INFO - Processing file /opt/airflow/dags/dss150p_pipeline.py for tasks to queue
[2026-09-23T03:34:49.974+0000] {logging_mixin.py:190} INFO - [2026-09-23T03:34:49.973+0000] {dagbag.py:588} INFO - Filling up the DagBag from /opt/airflow/dags/dss150p_pipeline.py
[2026-09-23T03:34:49.992+0000] {processor.py:925} INFO - DAG(s) 'dss150p_sales_pipeline' retrieved from /opt/airflow/dags/dss150p_pipeline.py
[2026-09-23T03:34:50.030+0000] {logging_mixin.py:190} INFO - [2026-09-23T03:34:50.029+0000] {dag.py:3239} INFO - Sync 1 DAGs
[2026-09-23T03:34:50.065+0000] {logging_mixin.py:190} INFO - [2026-09-23T03:34:50.065+0000] {dag.py:4180} INFO - Setting next_dagrun for dss150p_sales_pipeline to 2026-09-23 02:00:00+00:00, run_after=2026-09-24 02:00:00+00:00
[2026-09-23T03:34:50.087+0000] {processor.py:208} INFO - Processing /opt/airflow/dags/dss150p_pipeline.py took 0.127 seconds
[2026-09-23T03:35:20.320+0000] {processor.py:186} INFO - Started process (PID=593) to work on /opt/airflow/dags/dss150p_pipeline.py
[2026-09-23T03:35:20.324+0000] {processor.py:914} INFO - Processing file /opt/airflow/dags/dss150p_pipeline.py for tasks to queue
[2026-09-23T03:35:20.335+0000] {logging_mixin.py:190} INFO - [2026-09-23T03:35:20.334+0000] {dagbag.py:588} INFO - Filling up the DagBag from /opt/airflow/dags/dss150p_pipeline.py
[2026-09-23T03:35:20.362+0000] {processor.py:925} INFO - DAG(s) 'dss150p_sales_pipeline' retrieved from /opt/airflow/dags/dss150p_pipeline.py
[2026-09-23T03:35:20.426+0000] {logging_mixin.py:190} INFO - [2026-09-23T03:35:20.426+0000] {dag.py:3239} INFO - Sync 1 DAGs
[2026-09-23T03:35:20.457+0000] {logging_mixin.py:190} INFO - [2026-09-23T03:35:20.456+0000] {dag.py:4180} INFO - Setting next_dagrun for dss150p_sales_pipeline to 2026-09-23 02:00:00+00:00, run_after=2026-09-24 02:00:00+00:00
[2026-09-23T03:35:20.481+0000] {processor.py:208} INFO - Processing /opt/airflow/dags/dss150p_pipeline.py took 0.179 seconds
[2026-09-23T03:35:50.672+0000] {processor.py:186} INFO - Started process (PID=598) to work on /opt/airflow/dags/dss150p_pipeline.py
[2026-09-23T03:35:50.675+0000] {processor.py:914} INFO - Processing file /opt/airflow/dags/dss150p_pipeline.py for tasks to queue
[2026-09-23T03:35:50.689+0000] {logging_mixin.py:190} INFO - [2026-09-23T03:35:50.684+0000] {dagbag.py:588} INFO - Filling up the DagBag from /opt/airflow/dags/dss150p_pipeline.py
[2026-09-23T03:35:50.724+0000] {processor.py:925} INFO - DAG(s) 'dss150p_sales_pipeline' retrieved from /opt/airflow/dags/dss150p_pipeline.py
[2026-09-23T03:35:50.810+0000] {logging_mixin.py:190} INFO - [2026-09-23T03:35:50.810+0000] {dag.py:3239} INFO - Sync 1 DAGs
[2026-09-23T03:35:50.863+0000] {logging_mixin.py:190} INFO - [2026-09-23T03:35:50.863+0000] {dag.py:4180} INFO - Setting next_dagrun for dss150p_sales_pipeline to 2026-09-23 02:00:00+00:00, run_after=2026-09-24 02:00:00+00:00
[2026-09-23T03:35:50.896+0000] {processor.py:208} INFO - Processing /opt/airflow/dags/dss150p_pipeline.py took 0.242 seconds
[2026-09-23T03:36:21.219+0000] {processor.py:186} INFO - Started process (PID=603) to work on /opt/airflow/dags/dss150p_pipeline.py
[2026-09-23T03:36:21.221+0000] {processor.py:914} INFO - Processing file /opt/airflow/dags/dss150p_pipeline.py for tasks to queue
[2026-09-23T03:36:21.226+0000] {logging_mixin.py:190} INFO - [2026-09-23T03:36:21.226+0000] {dagbag.py:588} INFO - Filling up the DagBag from /opt/airflow/dags/dss150p_pipeline.py
[2026-09-23T03:36:21.266+0000] {processor.py:925} INFO - DAG(s) 'dss150p_sales_pipeline' retrieved from /opt/airflow/dags/dss150p_pipeline.py
[2026-09-23T03:36:21.379+0000] {logging_mixin.py:190} INFO - [2026-09-23T03:36:21.379+0000] {dag.py:3239} INFO - Sync 1 DAGs
[2026-09-23T03:36:21.425+0000] {logging_mixin.py:190} INFO - [2026-09-23T03:36:21.425+0000] {dag.py:4180} INFO - Setting next_dagrun for dss150p_sales_pipeline to 2026-09-23 02:00:00+00:00, run_after=2026-09-24 02:00:00+00:00
[2026-09-23T03:36:21.470+0000] {processor.py:208} INFO - Processing /opt/airflow/dags/dss150p_pipeline.py took 0.264 seconds
[2026-09-23T03:36:51.566+0000] {processor.py:186} INFO - Started process (PID=608) to work on /opt/airflow/dags/dss150p_pipeline.py
[2026-09-23T03:36:51.568+0000] {processor.py:914} INFO - Processing file /opt/airflow/dags/dss150p_pipeline.py for tasks to queue
[2026-09-23T03:36:51.570+0000] {logging_mixin.py:190} INFO - [2026-09-23T03:36:51.570+0000] {dagbag.py:588} INFO - Filling up the DagBag from /opt/airflow/dags/dss150p_pipeline.py
[2026-09-23T03:36:51.595+0000] {processor.py:925} INFO - DAG(s) 'dss150p_sales_pipeline' retrieved from /opt/airflow/dags/dss150p_pipeline.py
[2026-09-23T03:36:51.662+0000] {logging_mixin.py:190} INFO - [2026-09-23T03:36:51.661+0000] {dag.py:3239} INFO - Sync 1 DAGs
[2026-09-23T03:36:51.693+0000] {logging_mixin.py:190} INFO - [2026-09-23T03:36:51.693+0000] {dag.py:4180} INFO - Setting next_dagrun for dss150p_sales_pipeline to 2026-09-23 02:00:00+00:00, run_after=2026-09-24 02:00:00+00:00
[2026-09-23T03:36:51.722+0000] {processor.py:208} INFO - Processing /opt/airflow/dags/dss150p_pipeline.py took 0.168 seconds
[2026-09-23T03:37:21.997+0000] {processor.py:186} INFO - Started process (PID=613) to work on /opt/airflow/dags/dss150p_pipeline.py
[2026-09-23T03:37:21.998+0000] {processor.py:914} INFO - Processing file /opt/airflow/dags/dss150p_pipeline.py for tasks to queue
[2026-09-23T03:37:22.004+0000] {logging_mixin.py:190} INFO - [2026-09-23T03:37:22.003+0000] {dagbag.py:588} INFO - Filling up the DagBag from /opt/airflow/dags/dss150p_pipeline.py
[2026-09-23T03:37:22.035+0000] {processor.py:925} INFO - DAG(s) 'dss150p_sales_pipeline' retrieved from /opt/airflow/dags/dss150p_pipeline.py
[2026-09-23T03:37:22.083+0000] {logging_mixin.py:190} INFO - [2026-09-23T03:37:22.083+0000] {dag.py:3239} INFO - Sync 1 DAGs
[2026-09-23T03:37:22.115+0000] {logging_mixin.py:190} INFO - [2026-09-23T03:37:22.115+0000] {dag.py:4180} INFO - Setting next_dagrun for dss150p_sales_pipeline to 2026-09-23 02:00:00+00:00, run_after=2026-09-24 02:00:00+00:00
[2026-09-23T03:37:22.137+0000] {processor.py:208} INFO - Processing /opt/airflow/dags/dss150p_pipeline.py took 0.154 seconds
[2026-09-23T03:37:52.327+0000] {processor.py:186} INFO - Started process (PID=618) to work on /opt/airflow/dags/dss150p_pipeline.py
[2026-09-23T03:37:52.329+0000] {processor.py:914} INFO - Processing file /opt/airflow/dags/dss150p_pipeline.py for tasks to queue
[2026-09-23T03:37:52.334+0000] {logging_mixin.py:190} INFO - [2026-09-23T03:37:52.333+0000] {dagbag.py:588} INFO - Filling up the DagBag from /opt/airflow/dags/dss150p_pipeline.py
[2026-09-23T03:37:52.358+0000] {processor.py:925} INFO - DAG(s) 'dss150p_sales_pipeline' retrieved from /opt/airflow/dags/dss150p_pipeline.py
[2026-09-23T03:37:52.443+0000] {logging_mixin.py:190} INFO - [2026-09-23T03:37:52.443+0000] {dag.py:3239} INFO - Sync 1 DAGs
[2026-09-23T03:37:52.478+0000] {logging_mixin.py:190} INFO - [2026-09-23T03:37:52.477+0000] {dag.py:4180} INFO - Setting next_dagrun for dss150p_sales_pipeline to 2026-09-23 02:00:00+00:00, run_after=2026-09-24 02:00:00+00:00
[2026-09-23T03:37:52.517+0000] {processor.py:208} INFO - Processing /opt/airflow/dags/dss150p_pipeline.py took 0.201 seconds
[2026-09-23T03:38:22.709+0000] {processor.py:186} INFO - Started process (PID=623) to work on /opt/airflow/dags/dss150p_pipeline.py
[2026-09-23T03:38:22.712+0000] {processor.py:914} INFO - Processing file /opt/airflow/dags/dss150p_pipeline.py for tasks to queue
[2026-09-23T03:38:22.725+0000] {logging_mixin.py:190} INFO - [2026-09-23T03:38:22.724+0000] {dagbag.py:588} INFO - Filling up the DagBag from /opt/airflow/dags/dss150p_pipeline.py
[2026-09-23T03:38:22.759+0000] {processor.py:925} INFO - DAG(s) 'dss150p_sales_pipeline' retrieved from /opt/airflow/dags/dss150p_pipeline.py
[2026-09-23T03:38:22.844+0000] {logging_mixin.py:190} INFO - [2026-09-23T03:38:22.844+0000] {dag.py:3239} INFO - Sync 1 DAGs
[2026-09-23T03:38:22.891+0000] {logging_mixin.py:190} INFO - [2026-09-23T03:38:22.890+0000] {dag.py:4180} INFO - Setting next_dagrun for dss150p_sales_pipeline to 2026-09-23 02:00:00+00:00, run_after=2026-09-24 02:00:00+00:00
[2026-09-23T03:38:23.044+0000] {processor.py:208} INFO - Processing /opt/airflow/dags/dss150p_pipeline.py took 0.355 seconds
[2026-09-23T03:38:53.146+0000] {processor.py:186} INFO - Started process (PID=628) to work on /opt/airflow/dags/dss150p_pipeline.py
[2026-09-23T03:38:53.151+0000] {processor.py:914} INFO - Processing file /opt/airflow/dags/dss150p_pipeline.py for tasks to queue
[2026-09-23T03:38:53.159+0000] {logging_mixin.py:190} INFO - [2026-09-23T03:38:53.156+0000] {dagbag.py:588} INFO - Filling up the DagBag from /opt/airflow/dags/dss150p_pipeline.py
[2026-09-23T03:38:53.196+0000] {processor.py:925} INFO - DAG(s) 'dss150p_sales_pipeline' retrieved from /opt/airflow/dags/dss150p_pipeline.py
[2026-09-23T03:38:53.249+0000] {logging_mixin.py:190} INFO - [2026-09-23T03:38:53.248+0000] {dag.py:3239} INFO - Sync 1 DAGs
[2026-09-23T03:38:53.316+0000] {logging_mixin.py:190} INFO - [2026-09-23T03:38:53.316+0000] {dag.py:4180} INFO - Setting next_dagrun for dss150p_sales_pipeline to 2026-09-23 02:00:00+00:00, run_after=2026-09-24 02:00:00+00:00
[2026-09-23T03:38:53.380+0000] {processor.py:208} INFO - Processing /opt/airflow/dags/dss150p_pipeline.py took 0.245 seconds
[2026-09-23T03:39:23.605+0000] {processor.py:186} INFO - Started process (PID=657) to work on /opt/airflow/dags/dss150p_pipeline.py
[2026-09-23T03:39:23.607+0000] {processor.py:914} INFO - Processing file /opt/airflow/dags/dss150p_pipeline.py for tasks to queue
[2026-09-23T03:39:23.611+0000] {logging_mixin.py:190} INFO - [2026-09-23T03:39:23.610+0000] {dagbag.py:588} INFO - Filling up the DagBag from /opt/airflow/dags/dss150p_pipeline.py
[2026-09-23T03:39:23.627+0000] {processor.py:925} INFO - DAG(s) 'dss150p_sales_pipeline' retrieved from /opt/airflow/dags/dss150p_pipeline.py
[2026-09-23T03:39:23.674+0000] {logging_mixin.py:190} INFO - [2026-09-23T03:39:23.674+0000] {dag.py:3239} INFO - Sync 1 DAGs
[2026-09-23T03:39:23.700+0000] {logging_mixin.py:190} INFO - [2026-09-23T03:39:23.700+0000] {dag.py:4180} INFO - Setting next_dagrun for dss150p_sales_pipeline to 2026-09-23 02:00:00+00:00, run_after=2026-09-24 02:00:00+00:00
[2026-09-23T03:39:23.720+0000] {processor.py:208} INFO - Processing /opt/airflow/dags/dss150p_pipeline.py took 0.124 seconds
[2026-09-23T03:39:54.007+0000] {processor.py:186} INFO - Started process (PID=662) to work on /opt/airflow/dags/dss150p_pipeline.py
[2026-09-23T03:39:54.008+0000] {processor.py:914} INFO - Processing file /opt/airflow/dags/dss150p_pipeline.py for tasks to queue
[2026-09-23T03:39:54.012+0000] {logging_mixin.py:190} INFO - [2026-09-23T03:39:54.011+0000] {dagbag.py:588} INFO - Filling up the DagBag from /opt/airflow/dags/dss150p_pipeline.py
[2026-09-23T03:39:54.038+0000] {processor.py:925} INFO - DAG(s) 'dss150p_sales_pipeline' retrieved from /opt/airflow/dags/dss150p_pipeline.py
[2026-09-23T03:39:54.084+0000] {logging_mixin.py:190} INFO - [2026-09-23T03:39:54.083+0000] {dag.py:3239} INFO - Sync 1 DAGs
[2026-09-23T03:39:54.113+0000] {logging_mixin.py:190} INFO - [2026-09-23T03:39:54.113+0000] {dag.py:4180} INFO - Setting next_dagrun for dss150p_sales_pipeline to 2026-09-23 02:00:00+00:00, run_after=2026-09-24 02:00:00+00:00
[2026-09-23T03:39:54.138+0000] {processor.py:208} INFO - Processing /opt/airflow/dags/dss150p_pipeline.py took 0.144 seconds
[2026-09-23T03:40:24.381+0000] {processor.py:186} INFO - Started process (PID=679) to work on /opt/airflow/dags/dss150p_pipeline.py
[2026-09-23T03:40:24.384+0000] {processor.py:914} INFO - Processing file /opt/airflow/dags/dss150p_pipeline.py for tasks to queue
[2026-09-23T03:40:24.395+0000] {logging_mixin.py:190} INFO - [2026-09-23T03:40:24.393+0000] {dagbag.py:588} INFO - Filling up the DagBag from /opt/airflow/dags/dss150p_pipeline.py
[2026-09-23T03:40:24.516+0000] {processor.py:925} INFO - DAG(s) 'dss150p_sales_pipeline' retrieved from /opt/airflow/dags/dss150p_pipeline.py
[2026-09-23T03:40:24.617+0000] {logging_mixin.py:190} INFO - [2026-09-23T03:40:24.616+0000] {dag.py:3239} INFO - Sync 1 DAGs
[2026-09-23T03:40:24.729+0000] {logging_mixin.py:190} INFO - [2026-09-23T03:40:24.728+0000] {dag.py:4180} INFO - Setting next_dagrun for dss150p_sales_pipeline to 2026-09-23 02:00:00+00:00, run_after=2026-09-24 02:00:00+00:00
[2026-09-23T03:40:24.789+0000] {processor.py:208} INFO - Processing /opt/airflow/dags/dss150p_pipeline.py took 0.421 seconds
[2026-09-23T03:40:55.151+0000] {processor.py:186} INFO - Started process (PID=684) to work on /opt/airflow/dags/dss150p_pipeline.py
[2026-09-23T03:40:55.155+0000] {processor.py:914} INFO - Processing file /opt/airflow/dags/dss150p_pipeline.py for tasks to queue
[2026-09-23T03:40:55.188+0000] {logging_mixin.py:190} INFO - [2026-09-23T03:40:55.185+0000] {dagbag.py:588} INFO - Filling up the DagBag from /opt/airflow/dags/dss150p_pipeline.py
[2026-09-23T03:40:55.342+0000] {processor.py:925} INFO - DAG(s) 'dss150p_sales_pipeline' retrieved from /opt/airflow/dags/dss150p_pipeline.py
[2026-09-23T03:40:55.463+0000] {logging_mixin.py:190} INFO - [2026-09-23T03:40:55.462+0000] {dag.py:3239} INFO - Sync 1 DAGs
[2026-09-23T03:40:55.522+0000] {logging_mixin.py:190} INFO - [2026-09-23T03:40:55.522+0000] {dag.py:4180} INFO - Setting next_dagrun for dss150p_sales_pipeline to 2026-09-23 02:00:00+00:00, run_after=2026-09-24 02:00:00+00:00
[2026-09-23T03:40:55.592+0000] {processor.py:208} INFO - Processing /opt/airflow/dags/dss150p_pipeline.py took 0.502 seconds
[2026-09-23T03:41:25.904+0000] {processor.py:186} INFO - Started process (PID=689) to work on /opt/airflow/dags/dss150p_pipeline.py
[2026-09-23T03:41:25.906+0000] {processor.py:914} INFO - Processing file /opt/airflow/dags/dss150p_pipeline.py for tasks to queue
[2026-09-23T03:41:25.910+0000] {logging_mixin.py:190} INFO - [2026-09-23T03:41:25.909+0000] {dagbag.py:588} INFO - Filling up the DagBag from /opt/airflow/dags/dss150p_pipeline.py
[2026-09-23T03:41:25.934+0000] {processor.py:925} INFO - DAG(s) 'dss150p_sales_pipeline' retrieved from /opt/airflow/dags/dss150p_pipeline.py
[2026-09-23T03:41:25.987+0000] {logging_mixin.py:190} INFO - [2026-09-23T03:41:25.987+0000] {dag.py:3239} INFO - Sync 1 DAGs
[2026-09-23T03:41:26.025+0000] {logging_mixin.py:190} INFO - [2026-09-23T03:41:26.025+0000] {dag.py:4180} INFO - Setting next_dagrun for dss150p_sales_pipeline to 2026-09-23 02:00:00+00:00, run_after=2026-09-24 02:00:00+00:00
[2026-09-23T03:41:26.069+0000] {processor.py:208} INFO - Processing /opt/airflow/dags/dss150p_pipeline.py took 0.176 seconds
[2026-09-23T03:41:56.144+0000] {processor.py:186} INFO - Started process (PID=694) to work on /opt/airflow/dags/dss150p_pipeline.py
[2026-09-23T03:41:56.146+0000] {processor.py:914} INFO - Processing file /opt/airflow/dags/dss150p_pipeline.py for tasks to queue
[2026-09-23T03:41:56.152+0000] {logging_mixin.py:190} INFO - [2026-09-23T03:41:56.152+0000] {dagbag.py:588} INFO - Filling up the DagBag from /opt/airflow/dags/dss150p_pipeline.py
[2026-09-23T03:41:56.180+0000] {processor.py:925} INFO - DAG(s) 'dss150p_sales_pipeline' retrieved from /opt/airflow/dags/dss150p_pipeline.py
[2026-09-23T03:41:56.225+0000] {logging_mixin.py:190} INFO - [2026-09-23T03:41:56.225+0000] {dag.py:3239} INFO - Sync 1 DAGs
[2026-09-23T03:41:56.255+0000] {logging_mixin.py:190} INFO - [2026-09-23T03:41:56.255+0000] {dag.py:4180} INFO - Setting next_dagrun for dss150p_sales_pipeline to 2026-09-23 02:00:00+00:00, run_after=2026-09-24 02:00:00+00:00
[2026-09-23T03:41:56.282+0000] {processor.py:208} INFO - Processing /opt/airflow/dags/dss150p_pipeline.py took 0.153 seconds
[2026-09-23T03:42:26.402+0000] {processor.py:186} INFO - Started process (PID=699) to work on /opt/airflow/dags/dss150p_pipeline.py
[2026-09-23T03:42:26.404+0000] {processor.py:914} INFO - Processing file /opt/airflow/dags/dss150p_pipeline.py for tasks to queue
[2026-09-23T03:42:26.412+0000] {logging_mixin.py:190} INFO - [2026-09-23T03:42:26.412+0000] {dagbag.py:588} INFO - Filling up the DagBag from /opt/airflow/dags/dss150p_pipeline.py
[2026-09-23T03:42:26.471+0000] {processor.py:925} INFO - DAG(s) 'dss150p_sales_pipeline' retrieved from /opt/airflow/dags/dss150p_pipeline.py
[2026-09-23T03:42:26.569+0000] {logging_mixin.py:190} INFO - [2026-09-23T03:42:26.568+0000] {dag.py:3239} INFO - Sync 1 DAGs
[2026-09-23T03:42:26.599+0000] {logging_mixin.py:190} INFO - [2026-09-23T03:42:26.599+0000] {dag.py:4180} INFO - Setting next_dagrun for dss150p_sales_pipeline to 2026-09-23 02:00:00+00:00, run_after=2026-09-24 02:00:00+00:00
[2026-09-23T03:42:26.647+0000] {processor.py:208} INFO - Processing /opt/airflow/dags/dss150p_pipeline.py took 0.259 seconds
[2026-09-23T03:42:56.876+0000] {processor.py:186} INFO - Started process (PID=704) to work on /opt/airflow/dags/dss150p_pipeline.py
[2026-09-23T03:42:56.878+0000] {processor.py:914} INFO - Processing file /opt/airflow/dags/dss150p_pipeline.py for tasks to queue
[2026-09-23T03:42:56.883+0000] {logging_mixin.py:190} INFO - [2026-09-23T03:42:56.881+0000] {dagbag.py:588} INFO - Filling up the DagBag from /opt/airflow/dags/dss150p_pipeline.py
[2026-09-23T03:42:56.907+0000] {processor.py:925} INFO - DAG(s) 'dss150p_sales_pipeline' retrieved from /opt/airflow/dags/dss150p_pipeline.py
[2026-09-23T03:42:56.958+0000] {logging_mixin.py:190} INFO - [2026-09-23T03:42:56.958+0000] {dag.py:3239} INFO - Sync 1 DAGs
[2026-09-23T03:42:56.990+0000] {logging_mixin.py:190} INFO - [2026-09-23T03:42:56.989+0000] {dag.py:4180} INFO - Setting next_dagrun for dss150p_sales_pipeline to 2026-09-23 02:00:00+00:00, run_after=2026-09-24 02:00:00+00:00
[2026-09-23T03:42:57.018+0000] {processor.py:208} INFO - Processing /opt/airflow/dags/dss150p_pipeline.py took 0.153 seconds
[2026-09-23T03:43:27.168+0000] {processor.py:186} INFO - Started process (PID=709) to work on /opt/airflow/dags/dss150p_pipeline.py
[2026-09-23T03:43:27.169+0000] {processor.py:914} INFO - Processing file /opt/airflow/dags/dss150p_pipeline.py for tasks to queue
[2026-09-23T03:43:27.174+0000] {logging_mixin.py:190} INFO - [2026-09-23T03:43:27.172+0000] {dagbag.py:588} INFO - Filling up the DagBag from /opt/airflow/dags/dss150p_pipeline.py
[2026-09-23T03:43:27.202+0000] {processor.py:925} INFO - DAG(s) 'dss150p_sales_pipeline' retrieved from /opt/airflow/dags/dss150p_pipeline.py
[2026-09-23T03:43:27.259+0000] {logging_mixin.py:190} INFO - [2026-09-23T03:43:27.259+0000] {dag.py:3239} INFO - Sync 1 DAGs
[2026-09-23T03:43:27.295+0000] {logging_mixin.py:190} INFO - [2026-09-23T03:43:27.295+0000] {dag.py:4180} INFO - Setting next_dagrun for dss150p_sales_pipeline to 2026-09-23 02:00:00+00:00, run_after=2026-09-24 02:00:00+00:00
[2026-09-23T03:43:27.347+0000] {processor.py:208} INFO - Processing /opt/airflow/dags/dss150p_pipeline.py took 0.194 seconds
[2026-09-23T03:43:57.556+0000] {processor.py:186} INFO - Started process (PID=714) to work on /opt/airflow/dags/dss150p_pipeline.py
[2026-09-23T03:43:57.558+0000] {processor.py:914} INFO - Processing file /opt/airflow/dags/dss150p_pipeline.py for tasks to queue
[2026-09-23T03:43:57.562+0000] {logging_mixin.py:190} INFO - [2026-09-23T03:43:57.562+0000] {dagbag.py:588} INFO - Filling up the DagBag from /opt/airflow/dags/dss150p_pipeline.py
[2026-09-23T03:43:57.599+0000] {processor.py:925} INFO - DAG(s) 'dss150p_sales_pipeline' retrieved from /opt/airflow/dags/dss150p_pipeline.py
[2026-09-23T03:43:57.657+0000] {logging_mixin.py:190} INFO - [2026-09-23T03:43:57.657+0000] {dag.py:3239} INFO - Sync 1 DAGs
[2026-09-23T03:43:57.710+0000] {logging_mixin.py:190} INFO - [2026-09-23T03:43:57.710+0000] {dag.py:4180} INFO - Setting next_dagrun for dss150p_sales_pipeline to 2026-09-23 02:00:00+00:00, run_after=2026-09-24 02:00:00+00:00
[2026-09-23T03:43:57.746+0000] {processor.py:208} INFO - Processing /opt/airflow/dags/dss150p_pipeline.py took 0.206 seconds
[2026-09-23T03:44:27.882+0000] {processor.py:186} INFO - Started process (PID=719) to work on /opt/airflow/dags/dss150p_pipeline.py
[2026-09-23T03:44:27.883+0000] {processor.py:914} INFO - Processing file /opt/airflow/dags/dss150p_pipeline.py for tasks to queue
[2026-09-23T03:44:27.887+0000] {logging_mixin.py:190} INFO - [2026-09-23T03:44:27.886+0000] {dagbag.py:588} INFO - Filling up the DagBag from /opt/airflow/dags/dss150p_pipeline.py
[2026-09-23T03:44:27.909+0000] {processor.py:925} INFO - DAG(s) 'dss150p_sales_pipeline' retrieved from /opt/airflow/dags/dss150p_pipeline.py
[2026-09-23T03:44:27.953+0000] {logging_mixin.py:190} INFO - [2026-09-23T03:44:27.953+0000] {dag.py:3239} INFO - Sync 1 DAGs
[2026-09-23T03:44:27.977+0000] {logging_mixin.py:190} INFO - [2026-09-23T03:44:27.977+0000] {dag.py:4180} INFO - Setting next_dagrun for dss150p_sales_pipeline to 2026-09-23 02:00:00+00:00, run_after=2026-09-24 02:00:00+00:00
[2026-09-23T03:44:28.005+0000] {processor.py:208} INFO - Processing /opt/airflow/dags/dss150p_pipeline.py took 0.136 seconds
[2026-09-23T03:44:58.242+0000] {processor.py:186} INFO - Started process (PID=724) to work on /opt/airflow/dags/dss150p_pipeline.py
[2026-09-23T03:44:58.245+0000] {processor.py:914} INFO - Processing file /opt/airflow/dags/dss150p_pipeline.py for tasks to queue
[2026-09-23T03:44:58.249+0000] {logging_mixin.py:190} INFO - [2026-09-23T03:44:58.249+0000] {dagbag.py:588} INFO - Filling up the DagBag from /opt/airflow/dags/dss150p_pipeline.py
[2026-09-23T03:44:58.294+0000] {processor.py:925} INFO - DAG(s) 'dss150p_sales_pipeline' retrieved from /opt/airflow/dags/dss150p_pipeline.py
[2026-09-23T03:44:58.364+0000] {logging_mixin.py:190} INFO - [2026-09-23T03:44:58.364+0000] {dag.py:3239} INFO - Sync 1 DAGs
[2026-09-23T03:44:58.400+0000] {logging_mixin.py:190} INFO - [2026-09-23T03:44:58.399+0000] {dag.py:4180} INFO - Setting next_dagrun for dss150p_sales_pipeline to 2026-09-23 02:00:00+00:00, run_after=2026-09-24 02:00:00+00:00
[2026-09-23T03:44:58.430+0000] {processor.py:208} INFO - Processing /opt/airflow/dags/dss150p_pipeline.py took 0.204 seconds
[2026-09-23T03:45:28.601+0000] {processor.py:186} INFO - Started process (PID=729) to work on /opt/airflow/dags/dss150p_pipeline.py
[2026-09-23T03:45:28.605+0000] {processor.py:914} INFO - Processing file /opt/airflow/dags/dss150p_pipeline.py for tasks to queue
[2026-09-23T03:45:28.612+0000] {logging_mixin.py:190} INFO - [2026-09-23T03:45:28.611+0000] {dagbag.py:588} INFO - Filling up the DagBag from /opt/airflow/dags/dss150p_pipeline.py
[2026-09-23T03:45:28.651+0000] {processor.py:925} INFO - DAG(s) 'dss150p_sales_pipeline' retrieved from /opt/airflow/dags/dss150p_pipeline.py
[2026-09-23T03:45:28.719+0000] {logging_mixin.py:190} INFO - [2026-09-23T03:45:28.719+0000] {dag.py:3239} INFO - Sync 1 DAGs
[2026-09-23T03:45:28.752+0000] {logging_mixin.py:190} INFO - [2026-09-23T03:45:28.752+0000] {dag.py:4180} INFO - Setting next_dagrun for dss150p_sales_pipeline to 2026-09-23 02:00:00+00:00, run_after=2026-09-24 02:00:00+00:00
[2026-09-23T03:45:28.786+0000] {processor.py:208} INFO - Processing /opt/airflow/dags/dss150p_pipeline.py took 0.211 seconds
[2026-09-23T03:45:59.011+0000] {processor.py:186} INFO - Started process (PID=734) to work on /opt/airflow/dags/dss150p_pipeline.py
[2026-09-23T03:45:59.018+0000] {processor.py:914} INFO - Processing file /opt/airflow/dags/dss150p_pipeline.py for tasks to queue
[2026-09-23T03:45:59.031+0000] {logging_mixin.py:190} INFO - [2026-09-23T03:45:59.030+0000] {dagbag.py:588} INFO - Filling up the DagBag from /opt/airflow/dags/dss150p_pipeline.py
[2026-09-23T03:45:59.072+0000] {processor.py:925} INFO - DAG(s) 'dss150p_sales_pipeline' retrieved from /opt/airflow/dags/dss150p_pipeline.py
[2026-09-23T03:45:59.135+0000] {logging_mixin.py:190} INFO - [2026-09-23T03:45:59.135+0000] {dag.py:3239} INFO - Sync 1 DAGs
[2026-09-23T03:45:59.191+0000] {logging_mixin.py:190} INFO - [2026-09-23T03:45:59.190+0000] {dag.py:4180} INFO - Setting next_dagrun for dss150p_sales_pipeline to 2026-09-23 02:00:00+00:00, run_after=2026-09-24 02:00:00+00:00
[2026-09-23T03:45:59.219+0000] {processor.py:208} INFO - Processing /opt/airflow/dags/dss150p_pipeline.py took 0.227 seconds
[2026-09-23T03:46:29.342+0000] {processor.py:186} INFO - Started process (PID=739) to work on /opt/airflow/dags/dss150p_pipeline.py
[2026-09-23T03:46:29.344+0000] {processor.py:914} INFO - Processing file /opt/airflow/dags/dss150p_pipeline.py for tasks to queue
[2026-09-23T03:46:29.348+0000] {logging_mixin.py:190} INFO - [2026-09-23T03:46:29.347+0000] {dagbag.py:588} INFO - Filling up the DagBag from /opt/airflow/dags/dss150p_pipeline.py
[2026-09-23T03:46:29.371+0000] {processor.py:925} INFO - DAG(s) 'dss150p_sales_pipeline' retrieved from /opt/airflow/dags/dss150p_pipeline.py
[2026-09-23T03:46:29.427+0000] {logging_mixin.py:190} INFO - [2026-09-23T03:46:29.427+0000] {dag.py:3239} INFO - Sync 1 DAGs
[2026-09-23T03:46:29.464+0000] {logging_mixin.py:190} INFO - [2026-09-23T03:46:29.463+0000] {dag.py:4180} INFO - Setting next_dagrun for dss150p_sales_pipeline to 2026-09-23 02:00:00+00:00, run_after=2026-09-24 02:00:00+00:00
[2026-09-23T03:46:29.491+0000] {processor.py:208} INFO - Processing /opt/airflow/dags/dss150p_pipeline.py took 0.172 seconds
[2026-09-23T03:46:59.821+0000] {processor.py:186} INFO - Started process (PID=744) to work on /opt/airflow/dags/dss150p_pipeline.py
[2026-09-23T03:46:59.822+0000] {processor.py:914} INFO - Processing file /opt/airflow/dags/dss150p_pipeline.py for tasks to queue
[2026-09-23T03:46:59.829+0000] {logging_mixin.py:190} INFO - [2026-09-23T03:46:59.828+0000] {dagbag.py:588} INFO - Filling up the DagBag from /opt/airflow/dags/dss150p_pipeline.py
[2026-09-23T03:46:59.885+0000] {processor.py:925} INFO - DAG(s) 'dss150p_sales_pipeline' retrieved from /opt/airflow/dags/dss150p_pipeline.py
[2026-09-23T03:46:59.958+0000] {logging_mixin.py:190} INFO - [2026-09-23T03:46:59.958+0000] {dag.py:3239} INFO - Sync 1 DAGs
[2026-09-23T03:46:59.995+0000] {logging_mixin.py:190} INFO - [2026-09-23T03:46:59.995+0000] {dag.py:4180} INFO - Setting next_dagrun for dss150p_sales_pipeline to 2026-09-23 02:00:00+00:00, run_after=2026-09-24 02:00:00+00:00
[2026-09-23T03:47:00.032+0000] {processor.py:208} INFO - Processing /opt/airflow/dags/dss150p_pipeline.py took 0.229 seconds
[2026-09-23T03:47:30.096+0000] {processor.py:186} INFO - Started process (PID=749) to work on /opt/airflow/dags/dss150p_pipeline.py
[2026-09-23T03:47:30.099+0000] {processor.py:914} INFO - Processing file /opt/airflow/dags/dss150p_pipeline.py for tasks to queue
[2026-09-23T03:47:30.104+0000] {logging_mixin.py:190} INFO - [2026-09-23T03:47:30.103+0000] {dagbag.py:588} INFO - Filling up the DagBag from /opt/airflow/dags/dss150p_pipeline.py
[2026-09-23T03:47:30.138+0000] {processor.py:925} INFO - DAG(s) 'dss150p_sales_pipeline' retrieved from /opt/airflow/dags/dss150p_pipeline.py
[2026-09-23T03:47:30.201+0000] {logging_mixin.py:190} INFO - [2026-09-23T03:47:30.200+0000] {dag.py:3239} INFO - Sync 1 DAGs
[2026-09-23T03:47:30.250+0000] {logging_mixin.py:190} INFO - [2026-09-23T03:47:30.250+0000] {dag.py:4180} INFO - Setting next_dagrun for dss150p_sales_pipeline to 2026-09-23 02:00:00+00:00, run_after=2026-09-24 02:00:00+00:00
[2026-09-23T03:47:30.279+0000] {processor.py:208} INFO - Processing /opt/airflow/dags/dss150p_pipeline.py took 0.194 seconds
[2026-09-23T03:48:00.593+0000] {processor.py:186} INFO - Started process (PID=754) to work on /opt/airflow/dags/dss150p_pipeline.py
[2026-09-23T03:48:00.600+0000] {processor.py:914} INFO - Processing file /opt/airflow/dags/dss150p_pipeline.py for tasks to queue
[2026-09-23T03:48:00.607+0000] {logging_mixin.py:190} INFO - [2026-09-23T03:48:00.606+0000] {dagbag.py:588} INFO - Filling up the DagBag from /opt/airflow/dags/dss150p_pipeline.py
[2026-09-23T03:48:00.651+0000] {processor.py:925} INFO - DAG(s) 'dss150p_sales_pipeline' retrieved from /opt/airflow/dags/dss150p_pipeline.py
[2026-09-23T03:48:00.736+0000] {logging_mixin.py:190} INFO - [2026-09-23T03:48:00.736+0000] {dag.py:3239} INFO - Sync 1 DAGs
[2026-09-23T03:48:00.766+0000] {logging_mixin.py:190} INFO - [2026-09-23T03:48:00.765+0000] {dag.py:4180} INFO - Setting next_dagrun for dss150p_sales_pipeline to 2026-09-23 02:00:00+00:00, run_after=2026-09-24 02:00:00+00:00
[2026-09-23T03:48:00.800+0000] {processor.py:208} INFO - Processing /opt/airflow/dags/dss150p_pipeline.py took 0.224 seconds
[2026-09-23T03:48:30.870+0000] {processor.py:186} INFO - Started process (PID=759) to work on /opt/airflow/dags/dss150p_pipeline.py
[2026-09-23T03:48:30.871+0000] {processor.py:914} INFO - Processing file /opt/airflow/dags/dss150p_pipeline.py for tasks to queue
[2026-09-23T03:48:30.881+0000] {logging_mixin.py:190} INFO - [2026-09-23T03:48:30.879+0000] {dagbag.py:588} INFO - Filling up the DagBag from /opt/airflow/dags/dss150p_pipeline.py
[2026-09-23T03:48:30.925+0000] {processor.py:925} INFO - DAG(s) 'dss150p_sales_pipeline' retrieved from /opt/airflow/dags/dss150p_pipeline.py
[2026-09-23T03:48:30.996+0000] {logging_mixin.py:190} INFO - [2026-09-23T03:48:30.996+0000] {dag.py:3239} INFO - Sync 1 DAGs
[2026-09-23T03:48:31.025+0000] {logging_mixin.py:190} INFO - [2026-09-23T03:48:31.025+0000] {dag.py:4180} INFO - Setting next_dagrun for dss150p_sales_pipeline to 2026-09-23 02:00:00+00:00, run_after=2026-09-24 02:00:00+00:00
[2026-09-23T03:48:31.050+0000] {processor.py:208} INFO - Processing /opt/airflow/dags/dss150p_pipeline.py took 0.196 seconds
[2026-09-23T03:49:01.382+0000] {processor.py:186} INFO - Started process (PID=764) to work on /opt/airflow/dags/dss150p_pipeline.py
[2026-09-23T03:49:01.384+0000] {processor.py:914} INFO - Processing file /opt/airflow/dags/dss150p_pipeline.py for tasks to queue
[2026-09-23T03:49:01.403+0000] {logging_mixin.py:190} INFO - [2026-09-23T03:49:01.402+0000] {dagbag.py:588} INFO - Filling up the DagBag from /opt/airflow/dags/dss150p_pipeline.py
[2026-09-23T03:49:01.568+0000] {processor.py:925} INFO - DAG(s) 'dss150p_sales_pipeline' retrieved from /opt/airflow/dags/dss150p_pipeline.py
[2026-09-23T03:49:01.676+0000] {logging_mixin.py:190} INFO - [2026-09-23T03:49:01.675+0000] {dag.py:3239} INFO - Sync 1 DAGs
[2026-09-23T03:49:01.714+0000] {logging_mixin.py:190} INFO - [2026-09-23T03:49:01.714+0000] {dag.py:4180} INFO - Setting next_dagrun for dss150p_sales_pipeline to 2026-09-23 02:00:00+00:00, run_after=2026-09-24 02:00:00+00:00
[2026-09-23T03:49:01.743+0000] {processor.py:208} INFO - Processing /opt/airflow/dags/dss150p_pipeline.py took 0.379 seconds
[2026-09-23T03:49:32.040+0000] {processor.py:186} INFO - Started process (PID=769) to work on /opt/airflow/dags/dss150p_pipeline.py
[2026-09-23T03:49:32.042+0000] {processor.py:914} INFO - Processing file /opt/airflow/dags/dss150p_pipeline.py for tasks to queue
[2026-09-23T03:49:32.048+0000] {logging_mixin.py:190} INFO - [2026-09-23T03:49:32.046+0000] {dagbag.py:588} INFO - Filling up the DagBag from /opt/airflow/dags/dss150p_pipeline.py
[2026-09-23T03:49:32.089+0000] {processor.py:925} INFO - DAG(s) 'dss150p_sales_pipeline' retrieved from /opt/airflow/dags/dss150p_pipeline.py
[2026-09-23T03:49:32.163+0000] {logging_mixin.py:190} INFO - [2026-09-23T03:49:32.162+0000] {dag.py:3239} INFO - Sync 1 DAGs
[2026-09-23T03:49:32.202+0000] {logging_mixin.py:190} INFO - [2026-09-23T03:49:32.202+0000] {dag.py:4180} INFO - Setting next_dagrun for dss150p_sales_pipeline to 2026-09-23 02:00:00+00:00, run_after=2026-09-24 02:00:00+00:00
[2026-09-23T03:49:32.234+0000] {processor.py:208} INFO - Processing /opt/airflow/dags/dss150p_pipeline.py took 0.209 seconds
[2026-09-23T03:50:02.337+0000] {processor.py:186} INFO - Started process (PID=774) to work on /opt/airflow/dags/dss150p_pipeline.py
[2026-09-23T03:50:02.338+0000] {processor.py:914} INFO - Processing file /opt/airflow/dags/dss150p_pipeline.py for tasks to queue
[2026-09-23T03:50:02.343+0000] {logging_mixin.py:190} INFO - [2026-09-23T03:50:02.341+0000] {dagbag.py:588} INFO - Filling up the DagBag from /opt/airflow/dags/dss150p_pipeline.py
[2026-09-23T03:50:02.384+0000] {processor.py:925} INFO - DAG(s) 'dss150p_sales_pipeline' retrieved from /opt/airflow/dags/dss150p_pipeline.py
[2026-09-23T03:50:02.453+0000] {logging_mixin.py:190} INFO - [2026-09-23T03:50:02.453+0000] {dag.py:3239} INFO - Sync 1 DAGs
[2026-09-23T03:50:02.492+0000] {logging_mixin.py:190} INFO - [2026-09-23T03:50:02.492+0000] {dag.py:4180} INFO - Setting next_dagrun for dss150p_sales_pipeline to 2026-09-23 02:00:00+00:00, run_after=2026-09-24 02:00:00+00:00
[2026-09-23T03:50:02.516+0000] {processor.py:208} INFO - Processing /opt/airflow/dags/dss150p_pipeline.py took 0.193 seconds
[2026-09-23T03:50:32.815+0000] {processor.py:186} INFO - Started process (PID=779) to work on /opt/airflow/dags/dss150p_pipeline.py
[2026-09-23T03:50:32.816+0000] {processor.py:914} INFO - Processing file /opt/airflow/dags/dss150p_pipeline.py for tasks to queue
[2026-09-23T03:50:32.820+0000] {logging_mixin.py:190} INFO - [2026-09-23T03:50:32.819+0000] {dagbag.py:588} INFO - Filling up the DagBag from /opt/airflow/dags/dss150p_pipeline.py
[2026-09-23T03:50:32.859+0000] {processor.py:925} INFO - DAG(s) 'dss150p_sales_pipeline' retrieved from /opt/airflow/dags/dss150p_pipeline.py
[2026-09-23T03:50:32.962+0000] {logging_mixin.py:190} INFO - [2026-09-23T03:50:32.962+0000] {dag.py:3239} INFO - Sync 1 DAGs
[2026-09-23T03:50:32.996+0000] {logging_mixin.py:190} INFO - [2026-09-23T03:50:32.995+0000] {dag.py:4180} INFO - Setting next_dagrun for dss150p_sales_pipeline to 2026-09-23 02:00:00+00:00, run_after=2026-09-24 02:00:00+00:00
[2026-09-23T03:50:33.018+0000] {processor.py:208} INFO - Processing /opt/airflow/dags/dss150p_pipeline.py took 0.218 seconds
[2026-09-23T03:51:03.295+0000] {processor.py:186} INFO - Started process (PID=784) to work on /opt/airflow/dags/dss150p_pipeline.py
[2026-09-23T03:51:03.297+0000] {processor.py:914} INFO - Processing file /opt/airflow/dags/dss150p_pipeline.py for tasks to queue
[2026-09-23T03:51:03.304+0000] {logging_mixin.py:190} INFO - [2026-09-23T03:51:03.302+0000] {dagbag.py:588} INFO - Filling up the DagBag from /opt/airflow/dags/dss150p_pipeline.py
[2026-09-23T03:51:03.362+0000] {processor.py:925} INFO - DAG(s) 'dss150p_sales_pipeline' retrieved from /opt/airflow/dags/dss150p_pipeline.py
[2026-09-23T03:51:03.516+0000] {logging_mixin.py:190} INFO - [2026-09-23T03:51:03.516+0000] {dag.py:3239} INFO - Sync 1 DAGs
[2026-09-23T03:51:03.567+0000] {logging_mixin.py:190} INFO - [2026-09-23T03:51:03.567+0000] {dag.py:4180} INFO - Setting next_dagrun for dss150p_sales_pipeline to 2026-09-23 02:00:00+00:00, run_after=2026-09-24 02:00:00+00:00
[2026-09-23T03:51:03.609+0000] {processor.py:208} INFO - Processing /opt/airflow/dags/dss150p_pipeline.py took 0.332 seconds
[2026-09-23T03:51:34.201+0000] {processor.py:186} INFO - Started process (PID=789) to work on /opt/airflow/dags/dss150p_pipeline.py
[2026-09-23T03:51:34.202+0000] {processor.py:914} INFO - Processing file /opt/airflow/dags/dss150p_pipeline.py for tasks to queue
[2026-09-23T03:51:34.209+0000] {logging_mixin.py:190} INFO - [2026-09-23T03:51:34.208+0000] {dagbag.py:588} INFO - Filling up the DagBag from /opt/airflow/dags/dss150p_pipeline.py
[2026-09-23T03:51:34.265+0000] {processor.py:925} INFO - DAG(s) 'dss150p_sales_pipeline' retrieved from /opt/airflow/dags/dss150p_pipeline.py
[2026-09-23T03:51:34.454+0000] {logging_mixin.py:190} INFO - [2026-09-23T03:51:34.453+0000] {dag.py:3239} INFO - Sync 1 DAGs
[2026-09-23T03:51:34.539+0000] {logging_mixin.py:190} INFO - [2026-09-23T03:51:34.538+0000] {dag.py:4180} INFO - Setting next_dagrun for dss150p_sales_pipeline to 2026-09-23 02:00:00+00:00, run_after=2026-09-24 02:00:00+00:00
[2026-09-23T03:51:34.668+0000] {processor.py:208} INFO - Processing /opt/airflow/dags/dss150p_pipeline.py took 0.488 seconds
[2026-09-23T03:52:05.083+0000] {processor.py:186} INFO - Started process (PID=794) to work on /opt/airflow/dags/dss150p_pipeline.py
[2026-09-23T03:52:05.085+0000] {processor.py:914} INFO - Processing file /opt/airflow/dags/dss150p_pipeline.py for tasks to queue
[2026-09-23T03:52:05.091+0000] {logging_mixin.py:190} INFO - [2026-09-23T03:52:05.090+0000] {dagbag.py:588} INFO - Filling up the DagBag from /opt/airflow/dags/dss150p_pipeline.py
[2026-09-23T03:52:05.158+0000] {processor.py:925} INFO - DAG(s) 'dss150p_sales_pipeline' retrieved from /opt/airflow/dags/dss150p_pipeline.py
[2026-09-23T03:52:05.337+0000] {logging_mixin.py:190} INFO - [2026-09-23T03:52:05.336+0000] {dag.py:3239} INFO - Sync 1 DAGs
[2026-09-23T03:52:05.443+0000] {logging_mixin.py:190} INFO - [2026-09-23T03:52:05.442+0000] {dag.py:4180} INFO - Setting next_dagrun for dss150p_sales_pipeline to 2026-09-23 02:00:00+00:00, run_after=2026-09-24 02:00:00+00:00
[2026-09-23T03:52:05.531+0000] {processor.py:208} INFO - Processing /opt/airflow/dags/dss150p_pipeline.py took 0.472 seconds
[2026-09-23T03:52:35.773+0000] {processor.py:186} INFO - Started process (PID=799) to work on /opt/airflow/dags/dss150p_pipeline.py
[2026-09-23T03:52:35.778+0000] {processor.py:914} INFO - Processing file /opt/airflow/dags/dss150p_pipeline.py for tasks to queue
[2026-09-23T03:52:35.784+0000] {logging_mixin.py:190} INFO - [2026-09-23T03:52:35.782+0000] {dagbag.py:588} INFO - Filling up the DagBag from /opt/airflow/dags/dss150p_pipeline.py
[2026-09-23T03:52:35.960+0000] {processor.py:925} INFO - DAG(s) 'dss150p_sales_pipeline' retrieved from /opt/airflow/dags/dss150p_pipeline.py
[2026-09-23T03:52:36.621+0000] {logging_mixin.py:190} INFO - [2026-09-23T03:52:36.615+0000] {dag.py:3239} INFO - Sync 1 DAGs
[2026-09-23T03:52:36.817+0000] {logging_mixin.py:190} INFO - [2026-09-23T03:52:36.816+0000] {dag.py:4180} INFO - Setting next_dagrun for dss150p_sales_pipeline to 2026-09-23 02:00:00+00:00, run_after=2026-09-24 02:00:00+00:00
[2026-09-23T03:52:36.971+0000] {processor.py:208} INFO - Processing /opt/airflow/dags/dss150p_pipeline.py took 1.232 seconds
[2026-09-23T03:53:07.916+0000] {processor.py:186} INFO - Started process (PID=804) to work on /opt/airflow/dags/dss150p_pipeline.py
[2026-09-23T03:53:07.929+0000] {processor.py:914} INFO - Processing file /opt/airflow/dags/dss150p_pipeline.py for tasks to queue
[2026-09-23T03:53:07.938+0000] {logging_mixin.py:190} INFO - [2026-09-23T03:53:07.935+0000] {dagbag.py:588} INFO - Filling up the DagBag from /opt/airflow/dags/dss150p_pipeline.py
[2026-09-23T03:53:08.075+0000] {processor.py:925} INFO - DAG(s) 'dss150p_sales_pipeline' retrieved from /opt/airflow/dags/dss150p_pipeline.py
[2026-09-23T03:53:08.202+0000] {logging_mixin.py:190} INFO - [2026-09-23T03:53:08.201+0000] {dag.py:3239} INFO - Sync 1 DAGs
[2026-09-23T03:53:08.252+0000] {logging_mixin.py:190} INFO - [2026-09-23T03:53:08.252+0000] {dag.py:4180} INFO - Setting next_dagrun for dss150p_sales_pipeline to 2026-09-23 02:00:00+00:00, run_after=2026-09-24 02:00:00+00:00
[2026-09-23T03:53:08.274+0000] {processor.py:208} INFO - Processing /opt/airflow/dags/dss150p_pipeline.py took 0.424 seconds
[2026-09-23T03:53:38.724+0000] {processor.py:186} INFO - Started process (PID=809) to work on /opt/airflow/dags/dss150p_pipeline.py
[2026-09-23T03:53:38.734+0000] {processor.py:914} INFO - Processing file /opt/airflow/dags/dss150p_pipeline.py for tasks to queue
[2026-09-23T03:53:38.754+0000] {logging_mixin.py:190} INFO - [2026-09-23T03:53:38.752+0000] {dagbag.py:588} INFO - Filling up the DagBag from /opt/airflow/dags/dss150p_pipeline.py
[2026-09-23T03:53:38.824+0000] {processor.py:925} INFO - DAG(s) 'dss150p_sales_pipeline' retrieved from /opt/airflow/dags/dss150p_pipeline.py
[2026-09-23T03:53:38.891+0000] {logging_mixin.py:190} INFO - [2026-09-23T03:53:38.890+0000] {dag.py:3239} INFO - Sync 1 DAGs
[2026-09-23T03:53:38.922+0000] {logging_mixin.py:190} INFO - [2026-09-23T03:53:38.922+0000] {dag.py:4180} INFO - Setting next_dagrun for dss150p_sales_pipeline to 2026-09-23 02:00:00+00:00, run_after=2026-09-24 02:00:00+00:00
[2026-09-23T03:53:38.969+0000] {processor.py:208} INFO - Processing /opt/airflow/dags/dss150p_pipeline.py took 0.268 seconds
[2026-09-23T03:54:09.210+0000] {processor.py:186} INFO - Started process (PID=814) to work on /opt/airflow/dags/dss150p_pipeline.py
[2026-09-23T03:54:09.213+0000] {processor.py:914} INFO - Processing file /opt/airflow/dags/dss150p_pipeline.py for tasks to queue
[2026-09-23T03:54:09.227+0000] {logging_mixin.py:190} INFO - [2026-09-23T03:54:09.226+0000] {dagbag.py:588} INFO - Filling up the DagBag from /opt/airflow/dags/dss150p_pipeline.py
[2026-09-23T03:54:09.322+0000] {processor.py:925} INFO - DAG(s) 'dss150p_sales_pipeline' retrieved from /opt/airflow/dags/dss150p_pipeline.py
[2026-09-23T03:54:09.439+0000] {logging_mixin.py:190} INFO - [2026-09-23T03:54:09.439+0000] {dag.py:3239} INFO - Sync 1 DAGs
[2026-09-23T03:54:09.500+0000] {logging_mixin.py:190} INFO - [2026-09-23T03:54:09.499+0000] {dag.py:4180} INFO - Setting next_dagrun for dss150p_sales_pipeline to 2026-09-23 02:00:00+00:00, run_after=2026-09-24 02:00:00+00:00
[2026-09-23T03:54:09.527+0000] {processor.py:208} INFO - Processing /opt/airflow/dags/dss150p_pipeline.py took 0.350 seconds
[2026-09-23T03:54:39.867+0000] {processor.py:186} INFO - Started process (PID=819) to work on /opt/airflow/dags/dss150p_pipeline.py
[2026-09-23T03:54:39.877+0000] {processor.py:914} INFO - Processing file /opt/airflow/dags/dss150p_pipeline.py for tasks to queue
[2026-09-23T03:54:39.882+0000] {logging_mixin.py:190} INFO - [2026-09-23T03:54:39.881+0000] {dagbag.py:588} INFO - Filling up the DagBag from /opt/airflow/dags/dss150p_pipeline.py
[2026-09-23T03:54:39.937+0000] {processor.py:925} INFO - DAG(s) 'dss150p_sales_pipeline' retrieved from /opt/airflow/dags/dss150p_pipeline.py
[2026-09-23T03:54:40.116+0000] {logging_mixin.py:190} INFO - [2026-09-23T03:54:40.115+0000] {dag.py:3239} INFO - Sync 1 DAGs
[2026-09-23T03:54:40.179+0000] {logging_mixin.py:190} INFO - [2026-09-23T03:54:40.175+0000] {dag.py:4180} INFO - Setting next_dagrun for dss150p_sales_pipeline to 2026-09-23 02:00:00+00:00, run_after=2026-09-24 02:00:00+00:00
[2026-09-23T03:54:40.232+0000] {processor.py:208} INFO - Processing /opt/airflow/dags/dss150p_pipeline.py took 0.385 seconds
[2026-09-23T03:55:10.580+0000] {processor.py:186} INFO - Started process (PID=824) to work on /opt/airflow/dags/dss150p_pipeline.py
[2026-09-23T03:55:10.584+0000] {processor.py:914} INFO - Processing file /opt/airflow/dags/dss150p_pipeline.py for tasks to queue
[2026-09-23T03:55:10.594+0000] {logging_mixin.py:190} INFO - [2026-09-23T03:55:10.592+0000] {dagbag.py:588} INFO - Filling up the DagBag from /opt/airflow/dags/dss150p_pipeline.py
[2026-09-23T03:55:10.684+0000] {processor.py:925} INFO - DAG(s) 'dss150p_sales_pipeline' retrieved from /opt/airflow/dags/dss150p_pipeline.py
[2026-09-23T03:55:10.790+0000] {logging_mixin.py:190} INFO - [2026-09-23T03:55:10.790+0000] {dag.py:3239} INFO - Sync 1 DAGs
[2026-09-23T03:55:10.843+0000] {logging_mixin.py:190} INFO - [2026-09-23T03:55:10.843+0000] {dag.py:4180} INFO - Setting next_dagrun for dss150p_sales_pipeline to 2026-09-23 02:00:00+00:00, run_after=2026-09-24 02:00:00+00:00
[2026-09-23T03:55:10.870+0000] {processor.py:208} INFO - Processing /opt/airflow/dags/dss150p_pipeline.py took 0.311 seconds
[2026-09-23T03:55:41.220+0000] {processor.py:186} INFO - Started process (PID=829) to work on /opt/airflow/dags/dss150p_pipeline.py
[2026-09-23T03:55:41.223+0000] {processor.py:914} INFO - Processing file /opt/airflow/dags/dss150p_pipeline.py for tasks to queue
[2026-09-23T03:55:41.234+0000] {logging_mixin.py:190} INFO - [2026-09-23T03:55:41.233+0000] {dagbag.py:588} INFO - Filling up the DagBag from /opt/airflow/dags/dss150p_pipeline.py
[2026-09-23T03:55:41.292+0000] {processor.py:925} INFO - DAG(s) 'dss150p_sales_pipeline' retrieved from /opt/airflow/dags/dss150p_pipeline.py
[2026-09-23T03:55:41.396+0000] {logging_mixin.py:190} INFO - [2026-09-23T03:55:41.396+0000] {dag.py:3239} INFO - Sync 1 DAGs
[2026-09-23T03:55:41.511+0000] {logging_mixin.py:190} INFO - [2026-09-23T03:55:41.511+0000] {dag.py:4180} INFO - Setting next_dagrun for dss150p_sales_pipeline to 2026-09-23 02:00:00+00:00, run_after=2026-09-24 02:00:00+00:00
[2026-09-23T03:55:41.574+0000] {processor.py:208} INFO - Processing /opt/airflow/dags/dss150p_pipeline.py took 0.376 seconds
[2026-09-23T03:56:12.028+0000] {processor.py:186} INFO - Started process (PID=834) to work on /opt/airflow/dags/dss150p_pipeline.py
[2026-09-23T03:56:12.032+0000] {processor.py:914} INFO - Processing file /opt/airflow/dags/dss150p_pipeline.py for tasks to queue
[2026-09-23T03:56:12.067+0000] {logging_mixin.py:190} INFO - [2026-09-23T03:56:12.063+0000] {dagbag.py:588} INFO - Filling up the DagBag from /opt/airflow/dags/dss150p_pipeline.py
[2026-09-23T03:56:12.355+0000] {processor.py:925} INFO - DAG(s) 'dss150p_sales_pipeline' retrieved from /opt/airflow/dags/dss150p_pipeline.py
[2026-09-23T03:56:12.572+0000] {logging_mixin.py:190} INFO - [2026-09-23T03:56:12.572+0000] {dag.py:3239} INFO - Sync 1 DAGs
[2026-09-23T03:56:12.692+0000] {logging_mixin.py:190} INFO - [2026-09-23T03:56:12.691+0000] {dag.py:4180} INFO - Setting next_dagrun for dss150p_sales_pipeline to 2026-09-23 02:00:00+00:00, run_after=2026-09-24 02:00:00+00:00
[2026-09-23T03:56:12.817+0000] {processor.py:208} INFO - Processing /opt/airflow/dags/dss150p_pipeline.py took 0.838 seconds
[2026-09-23T03:56:43.123+0000] {processor.py:186} INFO - Started process (PID=839) to work on /opt/airflow/dags/dss150p_pipeline.py
[2026-09-23T03:56:43.125+0000] {processor.py:914} INFO - Processing file /opt/airflow/dags/dss150p_pipeline.py for tasks to queue
[2026-09-23T03:56:43.133+0000] {logging_mixin.py:190} INFO - [2026-09-23T03:56:43.133+0000] {dagbag.py:588} INFO - Filling up the DagBag from /opt/airflow/dags/dss150p_pipeline.py
[2026-09-23T03:56:43.187+0000] {processor.py:925} INFO - DAG(s) 'dss150p_sales_pipeline' retrieved from /opt/airflow/dags/dss150p_pipeline.py
[2026-09-23T03:56:43.291+0000] {logging_mixin.py:190} INFO - [2026-09-23T03:56:43.290+0000] {dag.py:3239} INFO - Sync 1 DAGs
[2026-09-23T03:56:43.389+0000] {logging_mixin.py:190} INFO - [2026-09-23T03:56:43.388+0000] {dag.py:4180} INFO - Setting next_dagrun for dss150p_sales_pipeline to 2026-09-23 02:00:00+00:00, run_after=2026-09-24 02:00:00+00:00
[2026-09-23T03:56:43.435+0000] {processor.py:208} INFO - Processing /opt/airflow/dags/dss150p_pipeline.py took 0.333 seconds
[2026-09-23T03:57:13.828+0000] {processor.py:186} INFO - Started process (PID=844) to work on /opt/airflow/dags/dss150p_pipeline.py
[2026-09-23T03:57:13.832+0000] {processor.py:914} INFO - Processing file /opt/airflow/dags/dss150p_pipeline.py for tasks to queue
[2026-09-23T03:57:13.841+0000] {logging_mixin.py:190} INFO - [2026-09-23T03:57:13.839+0000] {dagbag.py:588} INFO - Filling up the DagBag from /opt/airflow/dags/dss150p_pipeline.py
[2026-09-23T03:57:13.938+0000] {processor.py:925} INFO - DAG(s) 'dss150p_sales_pipeline' retrieved from /opt/airflow/dags/dss150p_pipeline.py
[2026-09-23T03:57:14.109+0000] {logging_mixin.py:190} INFO - [2026-09-23T03:57:14.108+0000] {dag.py:3239} INFO - Sync 1 DAGs
[2026-09-23T03:57:14.263+0000] {logging_mixin.py:190} INFO - [2026-09-23T03:57:14.263+0000] {dag.py:4180} INFO - Setting next_dagrun for dss150p_sales_pipeline to 2026-09-23 02:00:00+00:00, run_after=2026-09-24 02:00:00+00:00
[2026-09-23T03:57:14.379+0000] {processor.py:208} INFO - Processing /opt/airflow/dags/dss150p_pipeline.py took 0.586 seconds
[2026-09-23T03:57:45.205+0000] {processor.py:186} INFO - Started process (PID=849) to work on /opt/airflow/dags/dss150p_pipeline.py
[2026-09-23T03:57:45.212+0000] {processor.py:914} INFO - Processing file /opt/airflow/dags/dss150p_pipeline.py for tasks to queue
[2026-09-23T03:57:45.255+0000] {logging_mixin.py:190} INFO - [2026-09-23T03:57:45.253+0000] {dagbag.py:588} INFO - Filling up the DagBag from /opt/airflow/dags/dss150p_pipeline.py
[2026-09-23T03:57:45.434+0000] {processor.py:925} INFO - DAG(s) 'dss150p_sales_pipeline' retrieved from /opt/airflow/dags/dss150p_pipeline.py
[2026-09-23T03:57:45.643+0000] {logging_mixin.py:190} INFO - [2026-09-23T03:57:45.643+0000] {dag.py:3239} INFO - Sync 1 DAGs
[2026-09-23T03:57:45.788+0000] {logging_mixin.py:190} INFO - [2026-09-23T03:57:45.788+0000] {dag.py:4180} INFO - Setting next_dagrun for dss150p_sales_pipeline to 2026-09-23 02:00:00+00:00, run_after=2026-09-24 02:00:00+00:00
[2026-09-23T03:57:45.860+0000] {processor.py:208} INFO - Processing /opt/airflow/dags/dss150p_pipeline.py took 0.783 seconds
[2026-09-23T03:58:09.989+0000] {processor.py:186} INFO - Started process (PID=854) to work on /opt/airflow/dags/dss150p_pipeline.py
[2026-09-23T03:58:09.994+0000] {processor.py:914} INFO - Processing file /opt/airflow/dags/dss150p_pipeline.py for tasks to queue
[2026-09-23T03:58:10.023+0000] {logging_mixin.py:190} INFO - [2026-09-23T03:58:10.018+0000] {dagbag.py:588} INFO - Filling up the DagBag from /opt/airflow/dags/dss150p_pipeline.py
[2026-09-23T03:58:10.106+0000] {processor.py:925} INFO - DAG(s) 'dss150p_sales_pipeline' retrieved from /opt/airflow/dags/dss150p_pipeline.py
[2026-09-23T03:58:10.250+0000] {logging_mixin.py:190} INFO - [2026-09-23T03:58:10.249+0000] {taskinstance.py:3315} ERROR - {'DAG Id': 'dss150p_sales_pipeline', 'Task Id': 'transform', 'Run Id': 'manual__2026-09-23T03:15:07+00:00', 'Hostname': 'c76e692badc3'}
[2026-09-23T03:58:10.388+0000] {logging_mixin.py:190} INFO - [2026-09-23T03:58:10.388+0000] {taskinstance.py:1226} INFO - Marking task as UP_FOR_RETRY. dag_id=dss150p_sales_pipeline, task_id=transform, run_id=manual__2026-09-23T03:15:07+00:00, execution_date=20260923T031507, start_date=20260923T031513, end_date=20260923T035810
[2026-09-23T03:58:10.519+0000] {logging_mixin.py:190} INFO - [2026-09-23T03:58:10.518+0000] {processor.py:876} INFO - Executed callback for <TaskInstance: dss150p_sales_pipeline.transform manual__2026-09-23T03:15:07+00:00 [up_for_retry]> in state up_for_retry
[2026-09-23T03:58:10.583+0000] {logging_mixin.py:190} INFO - [2026-09-23T03:58:10.582+0000] {dag.py:3239} INFO - Sync 1 DAGs
[2026-09-23T03:58:10.633+0000] {logging_mixin.py:190} INFO - [2026-09-23T03:58:10.631+0000] {dag.py:4180} INFO - Setting next_dagrun for dss150p_sales_pipeline to 2026-09-23 02:00:00+00:00, run_after=2026-09-24 02:00:00+00:00
[2026-09-23T03:58:10.688+0000] {processor.py:208} INFO - Processing /opt/airflow/dags/dss150p_pipeline.py took 0.729 seconds
[2026-09-23T03:58:20.175+0000] {processor.py:186} INFO - Started process (PID=859) to work on /opt/airflow/dags/dss150p_pipeline.py
[2026-09-23T03:58:20.188+0000] {processor.py:914} INFO - Processing file /opt/airflow/dags/dss150p_pipeline.py for tasks to queue
[2026-09-23T03:58:20.212+0000] {logging_mixin.py:190} INFO - [2026-09-23T03:58:20.203+0000] {dagbag.py:588} INFO - Filling up the DagBag from /opt/airflow/dags/dss150p_pipeline.py
[2026-09-23T03:58:20.353+0000] {processor.py:925} INFO - DAG(s) 'dss150p_sales_pipeline' retrieved from /opt/airflow/dags/dss150p_pipeline.py
[2026-09-23T03:58:20.437+0000] {logging_mixin.py:190} INFO - [2026-09-23T03:58:20.437+0000] {taskinstance.py:3315} ERROR - {'DAG Id': 'dss150p_sales_pipeline', 'Task Id': 'load', 'Run Id': 'scheduled__2026-09-22T02:00:00+00:00', 'Hostname': 'c76e692badc3'}
[2026-09-23T03:58:20.552+0000] {logging_mixin.py:190} INFO - [2026-09-23T03:58:20.552+0000] {taskinstance.py:1226} INFO - Marking task as UP_FOR_RETRY. dag_id=dss150p_sales_pipeline, task_id=load, run_id=scheduled__2026-09-22T02:00:00+00:00, execution_date=20260922T020000, start_date=20260923T030811, end_date=20260923T035820
[2026-09-23T03:58:20.642+0000] {logging_mixin.py:190} INFO - [2026-09-23T03:58:20.642+0000] {processor.py:876} INFO - Executed callback for <TaskInstance: dss150p_sales_pipeline.load scheduled__2026-09-22T02:00:00+00:00 [up_for_retry]> in state up_for_retry
[2026-09-23T03:58:20.645+0000] {logging_mixin.py:190} INFO - [2026-09-23T03:58:20.644+0000] {taskinstance.py:3315} ERROR - {'DAG Id': 'dss150p_sales_pipeline', 'Task Id': 'load', 'Run Id': 'manual__2026-09-23T03:17:25+00:00', 'Hostname': 'c76e692badc3'}
[2026-09-23T03:58:20.659+0000] {logging_mixin.py:190} INFO - [2026-09-23T03:58:20.659+0000] {taskinstance.py:1226} INFO - Marking task as UP_FOR_RETRY. dag_id=dss150p_sales_pipeline, task_id=load, run_id=manual__2026-09-23T03:17:25+00:00, execution_date=20260923T031725, start_date=20260923T034008, end_date=20260923T035820
[2026-09-23T03:58:20.681+0000] {logging_mixin.py:190} INFO - [2026-09-23T03:58:20.681+0000] {processor.py:876} INFO - Executed callback for <TaskInstance: dss150p_sales_pipeline.load manual__2026-09-23T03:17:25+00:00 [up_for_retry]> in state up_for_retry
[2026-09-23T03:58:20.685+0000] {logging_mixin.py:190} INFO - [2026-09-23T03:58:20.685+0000] {taskinstance.py:3315} ERROR - {'DAG Id': 'dss150p_sales_pipeline', 'Task Id': 'load', 'Run Id': 'scheduled__2026-09-22T02:00:00+00:00', 'Hostname': 'c76e692badc3'}
[2026-09-23T03:58:20.695+0000] {logging_mixin.py:190} INFO - [2026-09-23T03:58:20.695+0000] {taskinstance.py:1226} INFO - Marking task as UP_FOR_RETRY. dag_id=dss150p_sales_pipeline, task_id=load, run_id=scheduled__2026-09-22T02:00:00+00:00, execution_date=20260922T020000, start_date=20260923T030811, end_date=20260923T035820
[2026-09-23T03:58:20.709+0000] {logging_mixin.py:190} INFO - [2026-09-23T03:58:20.709+0000] {processor.py:876} INFO - Executed callback for <TaskInstance: dss150p_sales_pipeline.load scheduled__2026-09-22T02:00:00+00:00 [up_for_retry]> in state up_for_retry
[2026-09-23T03:58:22.245+0000] {logging_mixin.py:190} INFO - [2026-09-23T03:58:22.244+0000] {dag.py:3239} INFO - Sync 1 DAGs
[2026-09-23T03:58:22.291+0000] {logging_mixin.py:190} INFO - [2026-09-23T03:58:22.291+0000] {dag.py:4180} INFO - Setting next_dagrun for dss150p_sales_pipeline to 2026-09-23 02:00:00+00:00, run_after=2026-09-24 02:00:00+00:00
[2026-09-23T03:58:22.364+0000] {processor.py:208} INFO - Processing /opt/airflow/dags/dss150p_pipeline.py took 2.229 seconds
[2026-09-23T03:58:52.802+0000] {processor.py:186} INFO - Started process (PID=864) to work on /opt/airflow/dags/dss150p_pipeline.py
[2026-09-23T03:58:52.806+0000] {processor.py:914} INFO - Processing file /opt/airflow/dags/dss150p_pipeline.py for tasks to queue
[2026-09-23T03:58:52.816+0000] {logging_mixin.py:190} INFO - [2026-09-23T03:58:52.814+0000] {dagbag.py:588} INFO - Filling up the DagBag from /opt/airflow/dags/dss150p_pipeline.py
[2026-09-23T03:58:52.917+0000] {processor.py:925} INFO - DAG(s) 'dss150p_sales_pipeline' retrieved from /opt/airflow/dags/dss150p_pipeline.py
[2026-09-23T03:58:53.087+0000] {logging_mixin.py:190} INFO - [2026-09-23T03:58:53.087+0000] {taskinstance.py:3315} ERROR - {'DAG Id': 'dss150p_sales_pipeline', 'Task Id': 'load', 'Run Id': 'manual__2026-09-23T03:17:25+00:00', 'Hostname': 'c76e692badc3'}
[2026-09-23T03:58:53.171+0000] {logging_mixin.py:190} INFO - [2026-09-23T03:58:53.171+0000] {taskinstance.py:1226} INFO - Marking task as UP_FOR_RETRY. dag_id=dss150p_sales_pipeline, task_id=load, run_id=manual__2026-09-23T03:17:25+00:00, execution_date=20260923T031725, start_date=20260923T034008, end_date=20260923T035853
[2026-09-23T03:58:53.255+0000] {logging_mixin.py:190} INFO - [2026-09-23T03:58:53.255+0000] {processor.py:876} INFO - Executed callback for <TaskInstance: dss150p_sales_pipeline.load manual__2026-09-23T03:17:25+00:00 [up_for_retry]> in state up_for_retry
[2026-09-23T03:58:53.412+0000] {logging_mixin.py:190} INFO - [2026-09-23T03:58:53.412+0000] {dag.py:3239} INFO - Sync 1 DAGs
[2026-09-23T03:58:53.448+0000] {logging_mixin.py:190} INFO - [2026-09-23T03:58:53.447+0000] {dag.py:4180} INFO - Setting next_dagrun for dss150p_sales_pipeline to 2026-09-23 02:00:00+00:00, run_after=2026-09-24 02:00:00+00:00
[2026-09-23T03:58:53.480+0000] {processor.py:208} INFO - Processing /opt/airflow/dags/dss150p_pipeline.py took 0.728 seconds
[2026-09-23T03:59:24.267+0000] {processor.py:186} INFO - Started process (PID=873) to work on /opt/airflow/dags/dss150p_pipeline.py
[2026-09-23T03:59:24.269+0000] {processor.py:914} INFO - Processing file /opt/airflow/dags/dss150p_pipeline.py for tasks to queue
[2026-09-23T03:59:24.292+0000] {logging_mixin.py:190} INFO - [2026-09-23T03:59:24.292+0000] {dagbag.py:588} INFO - Filling up the DagBag from /opt/airflow/dags/dss150p_pipeline.py
[2026-09-23T03:59:24.391+0000] {processor.py:925} INFO - DAG(s) 'dss150p_sales_pipeline' retrieved from /opt/airflow/dags/dss150p_pipeline.py
[2026-09-23T03:59:25.715+0000] {logging_mixin.py:190} INFO - [2026-09-23T03:59:25.715+0000] {dag.py:3239} INFO - Sync 1 DAGs
[2026-09-23T03:59:25.756+0000] {logging_mixin.py:190} INFO - [2026-09-23T03:59:25.756+0000] {dag.py:4180} INFO - Setting next_dagrun for dss150p_sales_pipeline to 2026-09-23 02:00:00+00:00, run_after=2026-09-24 02:00:00+00:00
[2026-09-23T03:59:25.804+0000] {processor.py:208} INFO - Processing /opt/airflow/dags/dss150p_pipeline.py took 1.596 seconds
[2026-09-23T03:59:56.317+0000] {processor.py:186} INFO - Started process (PID=922) to work on /opt/airflow/dags/dss150p_pipeline.py
[2026-09-23T03:59:56.319+0000] {processor.py:914} INFO - Processing file /opt/airflow/dags/dss150p_pipeline.py for tasks to queue
[2026-09-23T03:59:56.323+0000] {logging_mixin.py:190} INFO - [2026-09-23T03:59:56.323+0000] {dagbag.py:588} INFO - Filling up the DagBag from /opt/airflow/dags/dss150p_pipeline.py
[2026-09-23T03:59:56.349+0000] {processor.py:925} INFO - DAG(s) 'dss150p_sales_pipeline' retrieved from /opt/airflow/dags/dss150p_pipeline.py
[2026-09-23T03:59:56.421+0000] {logging_mixin.py:190} INFO - [2026-09-23T03:59:56.421+0000] {dag.py:3239} INFO - Sync 1 DAGs
[2026-09-23T03:59:56.458+0000] {logging_mixin.py:190} INFO - [2026-09-23T03:59:56.458+0000] {dag.py:4180} INFO - Setting next_dagrun for dss150p_sales_pipeline to 2026-09-23 02:00:00+00:00, run_after=2026-09-24 02:00:00+00:00
[2026-09-23T03:59:56.483+0000] {processor.py:208} INFO - Processing /opt/airflow/dags/dss150p_pipeline.py took 0.190 seconds
[2026-09-23T04:00:26.827+0000] {processor.py:186} INFO - Started process (PID=927) to work on /opt/airflow/dags/dss150p_pipeline.py
[2026-09-23T04:00:26.829+0000] {processor.py:914} INFO - Processing file /opt/airflow/dags/dss150p_pipeline.py for tasks to queue
[2026-09-23T04:00:26.839+0000] {logging_mixin.py:190} INFO - [2026-09-23T04:00:26.835+0000] {dagbag.py:588} INFO - Filling up the DagBag from /opt/airflow/dags/dss150p_pipeline.py
[2026-09-23T04:00:26.916+0000] {processor.py:925} INFO - DAG(s) 'dss150p_sales_pipeline' retrieved from /opt/airflow/dags/dss150p_pipeline.py
[2026-09-23T04:00:26.986+0000] {logging_mixin.py:190} INFO - [2026-09-23T04:00:26.986+0000] {dag.py:3239} INFO - Sync 1 DAGs
[2026-09-23T04:00:27.036+0000] {logging_mixin.py:190} INFO - [2026-09-23T04:00:27.036+0000] {dag.py:4180} INFO - Setting next_dagrun for dss150p_sales_pipeline to 2026-09-23 02:00:00+00:00, run_after=2026-09-24 02:00:00+00:00
[2026-09-23T04:00:27.072+0000] {processor.py:208} INFO - Processing /opt/airflow/dags/dss150p_pipeline.py took 0.263 seconds
[2026-09-23T04:00:57.560+0000] {processor.py:186} INFO - Started process (PID=944) to work on /opt/airflow/dags/dss150p_pipeline.py
[2026-09-23T04:00:57.583+0000] {processor.py:914} INFO - Processing file /opt/airflow/dags/dss150p_pipeline.py for tasks to queue
[2026-09-23T04:00:57.599+0000] {logging_mixin.py:190} INFO - [2026-09-23T04:00:57.596+0000] {dagbag.py:588} INFO - Filling up the DagBag from /opt/airflow/dags/dss150p_pipeline.py
[2026-09-23T04:00:57.699+0000] {processor.py:925} INFO - DAG(s) 'dss150p_sales_pipeline' retrieved from /opt/airflow/dags/dss150p_pipeline.py
[2026-09-23T04:00:57.787+0000] {logging_mixin.py:190} INFO - [2026-09-23T04:00:57.787+0000] {dag.py:3239} INFO - Sync 1 DAGs
[2026-09-23T04:00:57.861+0000] {logging_mixin.py:190} INFO - [2026-09-23T04:00:57.860+0000] {dag.py:4180} INFO - Setting next_dagrun for dss150p_sales_pipeline to 2026-09-23 02:00:00+00:00, run_after=2026-09-24 02:00:00+00:00
[2026-09-23T04:00:57.904+0000] {processor.py:208} INFO - Processing /opt/airflow/dags/dss150p_pipeline.py took 0.399 seconds
[2026-09-23T04:01:28.318+0000] {processor.py:186} INFO - Started process (PID=949) to work on /opt/airflow/dags/dss150p_pipeline.py
[2026-09-23T04:01:28.323+0000] {processor.py:914} INFO - Processing file /opt/airflow/dags/dss150p_pipeline.py for tasks to queue
[2026-09-23T04:01:28.337+0000] {logging_mixin.py:190} INFO - [2026-09-23T04:01:28.333+0000] {dagbag.py:588} INFO - Filling up the DagBag from /opt/airflow/dags/dss150p_pipeline.py
[2026-09-23T04:01:28.449+0000] {processor.py:925} INFO - DAG(s) 'dss150p_sales_pipeline' retrieved from /opt/airflow/dags/dss150p_pipeline.py
[2026-09-23T04:01:28.574+0000] {logging_mixin.py:190} INFO - [2026-09-23T04:01:28.574+0000] {dag.py:3239} INFO - Sync 1 DAGs
[2026-09-23T04:01:28.654+0000] {logging_mixin.py:190} INFO - [2026-09-23T04:01:28.653+0000] {dag.py:4180} INFO - Setting next_dagrun for dss150p_sales_pipeline to 2026-09-23 02:00:00+00:00, run_after=2026-09-24 02:00:00+00:00
[2026-09-23T04:01:28.703+0000] {processor.py:208} INFO - Processing /opt/airflow/dags/dss150p_pipeline.py took 0.411 seconds
[2026-09-23T04:01:59.460+0000] {processor.py:186} INFO - Started process (PID=954) to work on /opt/airflow/dags/dss150p_pipeline.py
[2026-09-23T04:01:59.463+0000] {processor.py:914} INFO - Processing file /opt/airflow/dags/dss150p_pipeline.py for tasks to queue
[2026-09-23T04:01:59.494+0000] {logging_mixin.py:190} INFO - [2026-09-23T04:01:59.491+0000] {dagbag.py:588} INFO - Filling up the DagBag from /opt/airflow/dags/dss150p_pipeline.py
[2026-09-23T04:01:59.794+0000] {processor.py:925} INFO - DAG(s) 'dss150p_sales_pipeline' retrieved from /opt/airflow/dags/dss150p_pipeline.py
[2026-09-23T04:02:00.247+0000] {logging_mixin.py:190} INFO - [2026-09-23T04:02:00.246+0000] {dag.py:3239} INFO - Sync 1 DAGs
[2026-09-23T04:02:00.471+0000] {logging_mixin.py:190} INFO - [2026-09-23T04:02:00.471+0000] {dag.py:4180} INFO - Setting next_dagrun for dss150p_sales_pipeline to 2026-09-23 02:00:00+00:00, run_after=2026-09-24 02:00:00+00:00
[2026-09-23T04:02:00.603+0000] {processor.py:208} INFO - Processing /opt/airflow/dags/dss150p_pipeline.py took 1.328 seconds
[2026-09-23T04:02:31.168+0000] {processor.py:186} INFO - Started process (PID=959) to work on /opt/airflow/dags/dss150p_pipeline.py
[2026-09-23T04:02:31.178+0000] {processor.py:914} INFO - Processing file /opt/airflow/dags/dss150p_pipeline.py for tasks to queue
[2026-09-23T04:02:31.186+0000] {logging_mixin.py:190} INFO - [2026-09-23T04:02:31.186+0000] {dagbag.py:588} INFO - Filling up the DagBag from /opt/airflow/dags/dss150p_pipeline.py
[2026-09-23T04:02:31.273+0000] {processor.py:925} INFO - DAG(s) 'dss150p_sales_pipeline' retrieved from /opt/airflow/dags/dss150p_pipeline.py
[2026-09-23T04:02:31.419+0000] {logging_mixin.py:190} INFO - [2026-09-23T04:02:31.419+0000] {dag.py:3239} INFO - Sync 1 DAGs
[2026-09-23T04:02:31.502+0000] {logging_mixin.py:190} INFO - [2026-09-23T04:02:31.502+0000] {dag.py:4180} INFO - Setting next_dagrun for dss150p_sales_pipeline to 2026-09-23 02:00:00+00:00, run_after=2026-09-24 02:00:00+00:00
[2026-09-23T04:02:31.573+0000] {processor.py:208} INFO - Processing /opt/airflow/dags/dss150p_pipeline.py took 0.441 seconds
[2026-09-23T04:03:02.092+0000] {processor.py:186} INFO - Started process (PID=964) to work on /opt/airflow/dags/dss150p_pipeline.py
[2026-09-23T04:03:02.097+0000] {processor.py:914} INFO - Processing file /opt/airflow/dags/dss150p_pipeline.py for tasks to queue
[2026-09-23T04:03:02.113+0000] {logging_mixin.py:190} INFO - [2026-09-23T04:03:02.111+0000] {dagbag.py:588} INFO - Filling up the DagBag from /opt/airflow/dags/dss150p_pipeline.py
[2026-09-23T04:03:02.268+0000] {processor.py:925} INFO - DAG(s) 'dss150p_sales_pipeline' retrieved from /opt/airflow/dags/dss150p_pipeline.py
[2026-09-23T04:03:02.413+0000] {logging_mixin.py:190} INFO - [2026-09-23T04:03:02.412+0000] {dag.py:3239} INFO - Sync 1 DAGs
[2026-09-23T04:03:02.496+0000] {logging_mixin.py:190} INFO - [2026-09-23T04:03:02.496+0000] {dag.py:4180} INFO - Setting next_dagrun for dss150p_sales_pipeline to 2026-09-23 02:00:00+00:00, run_after=2026-09-24 02:00:00+00:00
[2026-09-23T04:03:02.531+0000] {processor.py:208} INFO - Processing /opt/airflow/dags/dss150p_pipeline.py took 0.456 seconds
[2026-09-23T04:03:32.888+0000] {processor.py:186} INFO - Started process (PID=969) to work on /opt/airflow/dags/dss150p_pipeline.py
[2026-09-23T04:03:32.891+0000] {processor.py:914} INFO - Processing file /opt/airflow/dags/dss150p_pipeline.py for tasks to queue
[2026-09-23T04:03:32.906+0000] {logging_mixin.py:190} INFO - [2026-09-23T04:03:32.905+0000] {dagbag.py:588} INFO - Filling up the DagBag from /opt/airflow/dags/dss150p_pipeline.py
[2026-09-23T04:03:33.058+0000] {processor.py:925} INFO - DAG(s) 'dss150p_sales_pipeline' retrieved from /opt/airflow/dags/dss150p_pipeline.py
[2026-09-23T04:03:33.187+0000] {logging_mixin.py:190} INFO - [2026-09-23T04:03:33.187+0000] {dag.py:3239} INFO - Sync 1 DAGs
[2026-09-23T04:03:33.227+0000] {logging_mixin.py:190} INFO - [2026-09-23T04:03:33.226+0000] {dag.py:4180} INFO - Setting next_dagrun for dss150p_sales_pipeline to 2026-09-23 02:00:00+00:00, run_after=2026-09-24 02:00:00+00:00
[2026-09-23T04:03:33.275+0000] {processor.py:208} INFO - Processing /opt/airflow/dags/dss150p_pipeline.py took 0.417 seconds
[2026-09-23T04:04:03.648+0000] {processor.py:186} INFO - Started process (PID=974) to work on /opt/airflow/dags/dss150p_pipeline.py
[2026-09-23T04:04:03.662+0000] {processor.py:914} INFO - Processing file /opt/airflow/dags/dss150p_pipeline.py for tasks to queue
[2026-09-23T04:04:03.672+0000] {logging_mixin.py:190} INFO - [2026-09-23T04:04:03.671+0000] {dagbag.py:588} INFO - Filling up the DagBag from /opt/airflow/dags/dss150p_pipeline.py
[2026-09-23T04:04:03.784+0000] {processor.py:925} INFO - DAG(s) 'dss150p_sales_pipeline' retrieved from /opt/airflow/dags/dss150p_pipeline.py
[2026-09-23T04:04:03.950+0000] {logging_mixin.py:190} INFO - [2026-09-23T04:04:03.950+0000] {dag.py:3239} INFO - Sync 1 DAGs
[2026-09-23T04:04:04.031+0000] {logging_mixin.py:190} INFO - [2026-09-23T04:04:04.031+0000] {dag.py:4180} INFO - Setting next_dagrun for dss150p_sales_pipeline to 2026-09-23 02:00:00+00:00, run_after=2026-09-24 02:00:00+00:00
[2026-09-23T04:04:04.067+0000] {processor.py:208} INFO - Processing /opt/airflow/dags/dss150p_pipeline.py took 0.460 seconds
[2026-09-23T04:04:34.869+0000] {processor.py:186} INFO - Started process (PID=979) to work on /opt/airflow/dags/dss150p_pipeline.py
[2026-09-23T04:04:34.871+0000] {processor.py:914} INFO - Processing file /opt/airflow/dags/dss150p_pipeline.py for tasks to queue
[2026-09-23T04:04:34.885+0000] {logging_mixin.py:190} INFO - [2026-09-23T04:04:34.884+0000] {dagbag.py:588} INFO - Filling up the DagBag from /opt/airflow/dags/dss150p_pipeline.py
[2026-09-23T04:04:35.016+0000] {processor.py:925} INFO - DAG(s) 'dss150p_sales_pipeline' retrieved from /opt/airflow/dags/dss150p_pipeline.py
[2026-09-23T04:04:35.450+0000] {logging_mixin.py:190} INFO - [2026-09-23T04:04:35.450+0000] {dag.py:3239} INFO - Sync 1 DAGs
[2026-09-23T04:04:35.551+0000] {logging_mixin.py:190} INFO - [2026-09-23T04:04:35.551+0000] {dag.py:4180} INFO - Setting next_dagrun for dss150p_sales_pipeline to 2026-09-23 02:00:00+00:00, run_after=2026-09-24 02:00:00+00:00
[2026-09-23T04:04:35.636+0000] {processor.py:208} INFO - Processing /opt/airflow/dags/dss150p_pipeline.py took 0.900 seconds
[2026-09-23T04:05:06.487+0000] {processor.py:186} INFO - Started process (PID=984) to work on /opt/airflow/dags/dss150p_pipeline.py
[2026-09-23T04:05:06.499+0000] {processor.py:914} INFO - Processing file /opt/airflow/dags/dss150p_pipeline.py for tasks to queue
[2026-09-23T04:05:06.515+0000] {logging_mixin.py:190} INFO - [2026-09-23T04:05:06.514+0000] {dagbag.py:588} INFO - Filling up the DagBag from /opt/airflow/dags/dss150p_pipeline.py
[2026-09-23T04:05:06.700+0000] {processor.py:925} INFO - DAG(s) 'dss150p_sales_pipeline' retrieved from /opt/airflow/dags/dss150p_pipeline.py
[2026-09-23T04:05:07.870+0000] {logging_mixin.py:190} INFO - [2026-09-23T04:05:07.870+0000] {dag.py:3239} INFO - Sync 1 DAGs
[2026-09-23T04:05:08.786+0000] {logging_mixin.py:190} INFO - [2026-09-23T04:05:08.763+0000] {dag.py:4180} INFO - Setting next_dagrun for dss150p_sales_pipeline to 2026-09-23 02:00:00+00:00, run_after=2026-09-24 02:00:00+00:00
[2026-09-23T04:05:14.990+0000] {processor.py:208} INFO - Processing /opt/airflow/dags/dss150p_pipeline.py took 8.584 seconds
[2026-09-23T04:05:46.915+0000] {processor.py:186} INFO - Started process (PID=989) to work on /opt/airflow/dags/dss150p_pipeline.py
[2026-09-23T04:05:46.948+0000] {processor.py:914} INFO - Processing file /opt/airflow/dags/dss150p_pipeline.py for tasks to queue
[2026-09-23T04:05:47.045+0000] {logging_mixin.py:190} INFO - [2026-09-23T04:05:47.042+0000] {dagbag.py:588} INFO - Filling up the DagBag from /opt/airflow/dags/dss150p_pipeline.py
[2026-09-23T04:05:47.218+0000] {processor.py:925} INFO - DAG(s) 'dss150p_sales_pipeline' retrieved from /opt/airflow/dags/dss150p_pipeline.py
[2026-09-23T04:05:47.459+0000] {logging_mixin.py:190} INFO - [2026-09-23T04:05:47.459+0000] {dag.py:3239} INFO - Sync 1 DAGs
[2026-09-23T04:05:47.510+0000] {logging_mixin.py:190} INFO - [2026-09-23T04:05:47.509+0000] {dag.py:4180} INFO - Setting next_dagrun for dss150p_sales_pipeline to 2026-09-23 02:00:00+00:00, run_after=2026-09-24 02:00:00+00:00
[2026-09-23T04:05:47.567+0000] {processor.py:208} INFO - Processing /opt/airflow/dags/dss150p_pipeline.py took 0.724 seconds
[2026-09-23T04:06:18.033+0000] {processor.py:186} INFO - Started process (PID=994) to work on /opt/airflow/dags/dss150p_pipeline.py
[2026-09-23T04:06:18.035+0000] {processor.py:914} INFO - Processing file /opt/airflow/dags/dss150p_pipeline.py for tasks to queue
[2026-09-23T04:06:18.052+0000] {logging_mixin.py:190} INFO - [2026-09-23T04:06:18.052+0000] {dagbag.py:588} INFO - Filling up the DagBag from /opt/airflow/dags/dss150p_pipeline.py
[2026-09-23T04:06:18.144+0000] {processor.py:925} INFO - DAG(s) 'dss150p_sales_pipeline' retrieved from /opt/airflow/dags/dss150p_pipeline.py
[2026-09-23T04:06:18.236+0000] {logging_mixin.py:190} INFO - [2026-09-23T04:06:18.236+0000] {dag.py:3239} INFO - Sync 1 DAGs
[2026-09-23T04:06:18.269+0000] {logging_mixin.py:190} INFO - [2026-09-23T04:06:18.268+0000] {dag.py:4180} INFO - Setting next_dagrun for dss150p_sales_pipeline to 2026-09-23 02:00:00+00:00, run_after=2026-09-24 02:00:00+00:00
[2026-09-23T04:06:18.312+0000] {processor.py:208} INFO - Processing /opt/airflow/dags/dss150p_pipeline.py took 0.299 seconds
[2026-09-23T04:06:48.681+0000] {processor.py:186} INFO - Started process (PID=999) to work on /opt/airflow/dags/dss150p_pipeline.py
[2026-09-23T04:06:48.687+0000] {processor.py:914} INFO - Processing file /opt/airflow/dags/dss150p_pipeline.py for tasks to queue
[2026-09-23T04:06:48.714+0000] {logging_mixin.py:190} INFO - [2026-09-23T04:06:48.713+0000] {dagbag.py:588} INFO - Filling up the DagBag from /opt/airflow/dags/dss150p_pipeline.py
[2026-09-23T04:06:48.870+0000] {processor.py:925} INFO - DAG(s) 'dss150p_sales_pipeline' retrieved from /opt/airflow/dags/dss150p_pipeline.py
[2026-09-23T04:06:49.001+0000] {logging_mixin.py:190} INFO - [2026-09-23T04:06:49.000+0000] {dag.py:3239} INFO - Sync 1 DAGs
[2026-09-23T04:06:49.050+0000] {logging_mixin.py:190} INFO - [2026-09-23T04:06:49.049+0000] {dag.py:4180} INFO - Setting next_dagrun for dss150p_sales_pipeline to 2026-09-23 02:00:00+00:00, run_after=2026-09-24 02:00:00+00:00
[2026-09-23T04:06:49.094+0000] {processor.py:208} INFO - Processing /opt/airflow/dags/dss150p_pipeline.py took 0.464 seconds
[2026-09-23T04:07:19.450+0000] {processor.py:186} INFO - Started process (PID=1004) to work on /opt/airflow/dags/dss150p_pipeline.py
[2026-09-23T04:07:19.452+0000] {processor.py:914} INFO - Processing file /opt/airflow/dags/dss150p_pipeline.py for tasks to queue
[2026-09-23T04:07:19.457+0000] {logging_mixin.py:190} INFO - [2026-09-23T04:07:19.456+0000] {dagbag.py:588} INFO - Filling up the DagBag from /opt/airflow/dags/dss150p_pipeline.py
[2026-09-23T04:07:19.525+0000] {processor.py:925} INFO - DAG(s) 'dss150p_sales_pipeline' retrieved from /opt/airflow/dags/dss150p_pipeline.py
[2026-09-23T04:07:19.678+0000] {logging_mixin.py:190} INFO - [2026-09-23T04:07:19.677+0000] {dag.py:3239} INFO - Sync 1 DAGs
[2026-09-23T04:07:19.759+0000] {logging_mixin.py:190} INFO - [2026-09-23T04:07:19.759+0000] {dag.py:4180} INFO - Setting next_dagrun for dss150p_sales_pipeline to 2026-09-23 02:00:00+00:00, run_after=2026-09-24 02:00:00+00:00
[2026-09-23T04:07:19.789+0000] {processor.py:208} INFO - Processing /opt/airflow/dags/dss150p_pipeline.py took 0.361 seconds
[2026-09-23T04:07:50.240+0000] {processor.py:186} INFO - Started process (PID=1009) to work on /opt/airflow/dags/dss150p_pipeline.py
[2026-09-23T04:07:50.246+0000] {processor.py:914} INFO - Processing file /opt/airflow/dags/dss150p_pipeline.py for tasks to queue
[2026-09-23T04:07:50.265+0000] {logging_mixin.py:190} INFO - [2026-09-23T04:07:50.261+0000] {dagbag.py:588} INFO - Filling up the DagBag from /opt/airflow/dags/dss150p_pipeline.py
[2026-09-23T04:07:50.344+0000] {processor.py:925} INFO - DAG(s) 'dss150p_sales_pipeline' retrieved from /opt/airflow/dags/dss150p_pipeline.py
[2026-09-23T04:07:50.461+0000] {logging_mixin.py:190} INFO - [2026-09-23T04:07:50.461+0000] {dag.py:3239} INFO - Sync 1 DAGs
[2026-09-23T04:07:50.551+0000] {logging_mixin.py:190} INFO - [2026-09-23T04:07:50.551+0000] {dag.py:4180} INFO - Setting next_dagrun for dss150p_sales_pipeline to 2026-09-23 02:00:00+00:00, run_after=2026-09-24 02:00:00+00:00
[2026-09-23T04:07:50.623+0000] {processor.py:208} INFO - Processing /opt/airflow/dags/dss150p_pipeline.py took 0.414 seconds
[2026-09-23T04:08:21.032+0000] {processor.py:186} INFO - Started process (PID=1014) to work on /opt/airflow/dags/dss150p_pipeline.py
[2026-09-23T04:08:21.036+0000] {processor.py:914} INFO - Processing file /opt/airflow/dags/dss150p_pipeline.py for tasks to queue
[2026-09-23T04:08:21.047+0000] {logging_mixin.py:190} INFO - [2026-09-23T04:08:21.047+0000] {dagbag.py:588} INFO - Filling up the DagBag from /opt/airflow/dags/dss150p_pipeline.py
[2026-09-23T04:08:21.106+0000] {processor.py:925} INFO - DAG(s) 'dss150p_sales_pipeline' retrieved from /opt/airflow/dags/dss150p_pipeline.py
[2026-09-23T04:08:21.223+0000] {logging_mixin.py:190} INFO - [2026-09-23T04:08:21.223+0000] {dag.py:3239} INFO - Sync 1 DAGs
[2026-09-23T04:08:21.294+0000] {logging_mixin.py:190} INFO - [2026-09-23T04:08:21.294+0000] {dag.py:4180} INFO - Setting next_dagrun for dss150p_sales_pipeline to 2026-09-23 02:00:00+00:00, run_after=2026-09-24 02:00:00+00:00
[2026-09-23T04:08:21.370+0000] {processor.py:208} INFO - Processing /opt/airflow/dags/dss150p_pipeline.py took 0.365 seconds
[2026-09-23T04:08:51.844+0000] {processor.py:186} INFO - Started process (PID=1019) to work on /opt/airflow/dags/dss150p_pipeline.py
[2026-09-23T04:08:51.846+0000] {processor.py:914} INFO - Processing file /opt/airflow/dags/dss150p_pipeline.py for tasks to queue
[2026-09-23T04:08:51.903+0000] {logging_mixin.py:190} INFO - [2026-09-23T04:08:51.902+0000] {dagbag.py:588} INFO - Filling up the DagBag from /opt/airflow/dags/dss150p_pipeline.py
[2026-09-23T04:08:52.063+0000] {processor.py:925} INFO - DAG(s) 'dss150p_sales_pipeline' retrieved from /opt/airflow/dags/dss150p_pipeline.py
[2026-09-23T04:08:52.245+0000] {logging_mixin.py:190} INFO - [2026-09-23T04:08:52.245+0000] {dag.py:3239} INFO - Sync 1 DAGs
[2026-09-23T04:08:52.345+0000] {logging_mixin.py:190} INFO - [2026-09-23T04:08:52.344+0000] {dag.py:4180} INFO - Setting next_dagrun for dss150p_sales_pipeline to 2026-09-23 02:00:00+00:00, run_after=2026-09-24 02:00:00+00:00
[2026-09-23T04:08:52.410+0000] {processor.py:208} INFO - Processing /opt/airflow/dags/dss150p_pipeline.py took 0.625 seconds
[2026-09-23T04:09:22.838+0000] {processor.py:186} INFO - Started process (PID=1024) to work on /opt/airflow/dags/dss150p_pipeline.py
[2026-09-23T04:09:22.854+0000] {processor.py:914} INFO - Processing file /opt/airflow/dags/dss150p_pipeline.py for tasks to queue
[2026-09-23T04:09:22.903+0000] {logging_mixin.py:190} INFO - [2026-09-23T04:09:22.902+0000] {dagbag.py:588} INFO - Filling up the DagBag from /opt/airflow/dags/dss150p_pipeline.py
[2026-09-23T04:09:23.092+0000] {processor.py:925} INFO - DAG(s) 'dss150p_sales_pipeline' retrieved from /opt/airflow/dags/dss150p_pipeline.py
[2026-09-23T04:09:23.318+0000] {logging_mixin.py:190} INFO - [2026-09-23T04:09:23.317+0000] {dag.py:3239} INFO - Sync 1 DAGs
[2026-09-23T04:09:23.391+0000] {logging_mixin.py:190} INFO - [2026-09-23T04:09:23.391+0000] {dag.py:4180} INFO - Setting next_dagrun for dss150p_sales_pipeline to 2026-09-23 02:00:00+00:00, run_after=2026-09-24 02:00:00+00:00
[2026-09-23T04:09:23.440+0000] {processor.py:208} INFO - Processing /opt/airflow/dags/dss150p_pipeline.py took 0.673 seconds
[2026-09-23T04:09:54.002+0000] {processor.py:186} INFO - Started process (PID=1029) to work on /opt/airflow/dags/dss150p_pipeline.py
[2026-09-23T04:09:54.003+0000] {processor.py:914} INFO - Processing file /opt/airflow/dags/dss150p_pipeline.py for tasks to queue
[2026-09-23T04:09:54.009+0000] {logging_mixin.py:190} INFO - [2026-09-23T04:09:54.008+0000] {dagbag.py:588} INFO - Filling up the DagBag from /opt/airflow/dags/dss150p_pipeline.py
[2026-09-23T04:09:54.164+0000] {processor.py:925} INFO - DAG(s) 'dss150p_sales_pipeline' retrieved from /opt/airflow/dags/dss150p_pipeline.py
[2026-09-23T04:09:54.516+0000] {logging_mixin.py:190} INFO - [2026-09-23T04:09:54.516+0000] {dag.py:3239} INFO - Sync 1 DAGs
[2026-09-23T04:09:54.596+0000] {logging_mixin.py:190} INFO - [2026-09-23T04:09:54.595+0000] {dag.py:4180} INFO - Setting next_dagrun for dss150p_sales_pipeline to 2026-09-23 02:00:00+00:00, run_after=2026-09-24 02:00:00+00:00
[2026-09-23T04:09:54.722+0000] {processor.py:208} INFO - Processing /opt/airflow/dags/dss150p_pipeline.py took 0.761 seconds
[2026-09-23T04:10:19.920+0000] {processor.py:186} INFO - Started process (PID=1034) to work on /opt/airflow/dags/dss150p_pipeline.py
[2026-09-23T04:10:19.925+0000] {processor.py:914} INFO - Processing file /opt/airflow/dags/dss150p_pipeline.py for tasks to queue
[2026-09-23T04:10:20.050+0000] {logging_mixin.py:190} INFO - [2026-09-23T04:10:20.027+0000] {dagbag.py:588} INFO - Filling up the DagBag from /opt/airflow/dags/dss150p_pipeline.py
[2026-09-23T04:10:21.042+0000] {processor.py:925} INFO - DAG(s) 'dss150p_sales_pipeline' retrieved from /opt/airflow/dags/dss150p_pipeline.py
[2026-09-23T04:10:26.192+0000] {logging_mixin.py:190} INFO - [2026-09-23T04:10:26.177+0000] {taskinstance.py:3315} ERROR - {'DAG Id': 'dss150p_sales_pipeline', 'Task Id': 'load', 'Run Id': 'manual__2026-09-23T03:17:25+00:00', 'Hostname': 'c76e692badc3'}
[2026-09-23T04:10:34.995+0000] {logging_mixin.py:190} INFO - [2026-09-23T04:10:34.992+0000] {taskinstance.py:1226} INFO - Marking task as FAILED. dag_id=dss150p_sales_pipeline, task_id=load, run_id=manual__2026-09-23T03:17:25+00:00, execution_date=20260923T031725, start_date=20260923T035953, end_date=20260923T041027
[2026-09-23T04:10:35.009+0000] {logging_mixin.py:190} INFO - [2026-09-23T04:10:35.009+0000] {taskinstance.py:1564} INFO - Executing callback at index 0: failure_callback
[2026-09-23T04:10:35.015+0000] {logging_mixin.py:190} INFO - ALERT: Task Failed!
[2026-09-23T04:10:35.021+0000] {logging_mixin.py:190} INFO - DAG: dss150p_sales_pipeline
[2026-09-23T04:10:35.025+0000] {logging_mixin.py:190} INFO - Task ID: load
[2026-09-23T04:10:35.026+0000] {logging_mixin.py:190} INFO - Run ID: manual__2026-09-23T03:17:25+00:00
[2026-09-23T04:10:35.032+0000] {logging_mixin.py:190} INFO - Execution Date: 2026-09-23 03:17:25+00:00
[2026-09-23T04:10:35.034+0000] {logging_mixin.py:190} INFO - Exception: {'DAG Id': 'dss150p_sales_pipeline', 'Task Id': 'load', 'Run Id': 'manual__2026-09-23T03:17:25+00:00', 'Hostname': 'c76e692badc3'}
[2026-09-23T04:10:36.246+0000] {logging_mixin.py:190} INFO - [2026-09-23T04:10:36.242+0000] {processor.py:876} INFO - Executed callback for <TaskInstance: dss150p_sales_pipeline.load manual__2026-09-23T03:17:25+00:00 [failed]> in state failed
[2026-09-23T04:10:37.119+0000] {logging_mixin.py:190} INFO - [2026-09-23T04:10:37.119+0000] {dag.py:3239} INFO - Sync 1 DAGs
[2026-09-23T04:10:37.247+0000] {logging_mixin.py:190} INFO - [2026-09-23T04:10:37.246+0000] {dag.py:4180} INFO - Setting next_dagrun for dss150p_sales_pipeline to 2026-09-23 02:00:00+00:00, run_after=2026-09-24 02:00:00+00:00
[2026-09-23T04:10:37.305+0000] {processor.py:208} INFO - Processing /opt/airflow/dags/dss150p_pipeline.py took 17.548 seconds
[2026-09-23T04:10:46.348+0000] {processor.py:186} INFO - Started process (PID=1039) to work on /opt/airflow/dags/dss150p_pipeline.py
[2026-09-23T04:10:46.352+0000] {processor.py:914} INFO - Processing file /opt/airflow/dags/dss150p_pipeline.py for tasks to queue
[2026-09-23T04:10:46.360+0000] {logging_mixin.py:190} INFO - [2026-09-23T04:10:46.360+0000] {dagbag.py:588} INFO - Filling up the DagBag from /opt/airflow/dags/dss150p_pipeline.py
[2026-09-23T04:10:46.492+0000] {processor.py:925} INFO - DAG(s) 'dss150p_sales_pipeline' retrieved from /opt/airflow/dags/dss150p_pipeline.py
[2026-09-23T04:10:46.604+0000] {logging_mixin.py:190} INFO - [2026-09-23T04:10:46.603+0000] {taskinstance.py:3315} ERROR - {'DAG Id': 'dss150p_sales_pipeline', 'Task Id': 'load', 'Run Id': 'manual__2026-09-23T03:15:07+00:00', 'Hostname': 'c76e692badc3'}
[2026-09-23T04:10:46.774+0000] {logging_mixin.py:190} INFO - [2026-09-23T04:10:46.773+0000] {taskinstance.py:1226} INFO - Marking task as UP_FOR_RETRY. dag_id=dss150p_sales_pipeline, task_id=load, run_id=manual__2026-09-23T03:15:07+00:00, execution_date=20260923T031507, start_date=20260923T040035, end_date=20260923T041046
[2026-09-23T04:10:46.846+0000] {logging_mixin.py:190} INFO - [2026-09-23T04:10:46.845+0000] {processor.py:876} INFO - Executed callback for <TaskInstance: dss150p_sales_pipeline.load manual__2026-09-23T03:15:07+00:00 [up_for_retry]> in state up_for_retry
[2026-09-23T04:10:46.858+0000] {logging_mixin.py:190} INFO - [2026-09-23T04:10:46.858+0000] {taskinstance.py:3315} ERROR - {'DAG Id': 'dss150p_sales_pipeline', 'Task Id': 'load', 'Run Id': 'manual__2026-09-23T03:15:07+00:00', 'Hostname': 'c76e692badc3'}
[2026-09-23T04:10:46.882+0000] {logging_mixin.py:190} INFO - [2026-09-23T04:10:46.882+0000] {taskinstance.py:1226} INFO - Marking task as UP_FOR_RETRY. dag_id=dss150p_sales_pipeline, task_id=load, run_id=manual__2026-09-23T03:15:07+00:00, execution_date=20260923T031507, start_date=20260923T040035, end_date=20260923T041046
[2026-09-23T04:10:46.910+0000] {logging_mixin.py:190} INFO - [2026-09-23T04:10:46.909+0000] {processor.py:876} INFO - Executed callback for <TaskInstance: dss150p_sales_pipeline.load manual__2026-09-23T03:15:07+00:00 [up_for_retry]> in state up_for_retry
[2026-09-23T04:10:46.918+0000] {logging_mixin.py:190} INFO - [2026-09-23T04:10:46.918+0000] {taskinstance.py:3315} ERROR - {'DAG Id': 'dss150p_sales_pipeline', 'Task Id': 'load', 'Run Id': 'manual__2026-09-23T03:15:07+00:00', 'Hostname': 'c76e692badc3'}
[2026-09-23T04:10:46.928+0000] {logging_mixin.py:190} INFO - [2026-09-23T04:10:46.928+0000] {taskinstance.py:1226} INFO - Marking task as UP_FOR_RETRY. dag_id=dss150p_sales_pipeline, task_id=load, run_id=manual__2026-09-23T03:15:07+00:00, execution_date=20260923T031507, start_date=20260923T040035, end_date=20260923T041046
[2026-09-23T04:10:46.967+0000] {logging_mixin.py:190} INFO - [2026-09-23T04:10:46.967+0000] {processor.py:876} INFO - Executed callback for <TaskInstance: dss150p_sales_pipeline.load manual__2026-09-23T03:15:07+00:00 [up_for_retry]> in state up_for_retry
[2026-09-23T04:10:46.983+0000] {logging_mixin.py:190} INFO - [2026-09-23T04:10:46.983+0000] {dag.py:3239} INFO - Sync 1 DAGs
[2026-09-23T04:10:47.022+0000] {logging_mixin.py:190} INFO - [2026-09-23T04:10:47.022+0000] {dag.py:4180} INFO - Setting next_dagrun for dss150p_sales_pipeline to 2026-09-23 02:00:00+00:00, run_after=2026-09-24 02:00:00+00:00
[2026-09-23T04:10:47.064+0000] {processor.py:208} INFO - Processing /opt/airflow/dags/dss150p_pipeline.py took 0.746 seconds
[2026-09-23T04:11:17.785+0000] {processor.py:186} INFO - Started process (PID=1044) to work on /opt/airflow/dags/dss150p_pipeline.py
[2026-09-23T04:11:17.796+0000] {processor.py:914} INFO - Processing file /opt/airflow/dags/dss150p_pipeline.py for tasks to queue
[2026-09-23T04:11:17.809+0000] {logging_mixin.py:190} INFO - [2026-09-23T04:11:17.808+0000] {dagbag.py:588} INFO - Filling up the DagBag from /opt/airflow/dags/dss150p_pipeline.py
[2026-09-23T04:11:17.927+0000] {processor.py:925} INFO - DAG(s) 'dss150p_sales_pipeline' retrieved from /opt/airflow/dags/dss150p_pipeline.py
[2026-09-23T04:11:18.329+0000] {logging_mixin.py:190} INFO - [2026-09-23T04:11:18.329+0000] {dag.py:3239} INFO - Sync 1 DAGs
[2026-09-23T04:11:18.402+0000] {logging_mixin.py:190} INFO - [2026-09-23T04:11:18.402+0000] {dag.py:4180} INFO - Setting next_dagrun for dss150p_sales_pipeline to 2026-09-23 02:00:00+00:00, run_after=2026-09-24 02:00:00+00:00
[2026-09-23T04:11:18.459+0000] {processor.py:208} INFO - Processing /opt/airflow/dags/dss150p_pipeline.py took 0.826 seconds
[2026-09-23T04:11:48.807+0000] {processor.py:186} INFO - Started process (PID=1050) to work on /opt/airflow/dags/dss150p_pipeline.py
[2026-09-23T04:11:48.824+0000] {processor.py:914} INFO - Processing file /opt/airflow/dags/dss150p_pipeline.py for tasks to queue
[2026-09-23T04:11:48.840+0000] {logging_mixin.py:190} INFO - [2026-09-23T04:11:48.840+0000] {dagbag.py:588} INFO - Filling up the DagBag from /opt/airflow/dags/dss150p_pipeline.py
[2026-09-23T04:11:48.901+0000] {processor.py:925} INFO - DAG(s) 'dss150p_sales_pipeline' retrieved from /opt/airflow/dags/dss150p_pipeline.py
[2026-09-23T04:11:49.015+0000] {logging_mixin.py:190} INFO - [2026-09-23T04:11:49.014+0000] {dag.py:3239} INFO - Sync 1 DAGs
[2026-09-23T04:11:49.145+0000] {logging_mixin.py:190} INFO - [2026-09-23T04:11:49.145+0000] {dag.py:4180} INFO - Setting next_dagrun for dss150p_sales_pipeline to 2026-09-23 02:00:00+00:00, run_after=2026-09-24 02:00:00+00:00
[2026-09-23T04:11:49.198+0000] {processor.py:208} INFO - Processing /opt/airflow/dags/dss150p_pipeline.py took 0.430 seconds
[2026-09-23T04:12:19.907+0000] {processor.py:186} INFO - Started process (PID=1066) to work on /opt/airflow/dags/dss150p_pipeline.py
[2026-09-23T04:12:19.912+0000] {processor.py:914} INFO - Processing file /opt/airflow/dags/dss150p_pipeline.py for tasks to queue
[2026-09-23T04:12:19.922+0000] {logging_mixin.py:190} INFO - [2026-09-23T04:12:19.921+0000] {dagbag.py:588} INFO - Filling up the DagBag from /opt/airflow/dags/dss150p_pipeline.py
[2026-09-23T04:12:20.020+0000] {processor.py:925} INFO - DAG(s) 'dss150p_sales_pipeline' retrieved from /opt/airflow/dags/dss150p_pipeline.py
[2026-09-23T04:12:20.142+0000] {logging_mixin.py:190} INFO - [2026-09-23T04:12:20.141+0000] {dag.py:3239} INFO - Sync 1 DAGs
[2026-09-23T04:12:20.192+0000] {logging_mixin.py:190} INFO - [2026-09-23T04:12:20.191+0000] {dag.py:4180} INFO - Setting next_dagrun for dss150p_sales_pipeline to 2026-09-23 02:00:00+00:00, run_after=2026-09-24 02:00:00+00:00
[2026-09-23T04:12:20.215+0000] {processor.py:208} INFO - Processing /opt/airflow/dags/dss150p_pipeline.py took 0.332 seconds
[2026-09-23T04:12:50.440+0000] {processor.py:186} INFO - Started process (PID=1071) to work on /opt/airflow/dags/dss150p_pipeline.py
[2026-09-23T04:12:50.448+0000] {processor.py:914} INFO - Processing file /opt/airflow/dags/dss150p_pipeline.py for tasks to queue
[2026-09-23T04:12:50.477+0000] {logging_mixin.py:190} INFO - [2026-09-23T04:12:50.475+0000] {dagbag.py:588} INFO - Filling up the DagBag from /opt/airflow/dags/dss150p_pipeline.py
[2026-09-23T04:12:50.623+0000] {processor.py:925} INFO - DAG(s) 'dss150p_sales_pipeline' retrieved from /opt/airflow/dags/dss150p_pipeline.py
[2026-09-23T04:12:50.801+0000] {logging_mixin.py:190} INFO - [2026-09-23T04:12:50.801+0000] {dag.py:3239} INFO - Sync 1 DAGs
[2026-09-23T04:12:50.868+0000] {logging_mixin.py:190} INFO - [2026-09-23T04:12:50.867+0000] {dag.py:4180} INFO - Setting next_dagrun for dss150p_sales_pipeline to 2026-09-23 02:00:00+00:00, run_after=2026-09-24 02:00:00+00:00
[2026-09-23T04:12:50.930+0000] {processor.py:208} INFO - Processing /opt/airflow/dags/dss150p_pipeline.py took 0.525 seconds
[2026-09-23T04:13:21.499+0000] {processor.py:186} INFO - Started process (PID=1076) to work on /opt/airflow/dags/dss150p_pipeline.py
[2026-09-23T04:13:21.509+0000] {processor.py:914} INFO - Processing file /opt/airflow/dags/dss150p_pipeline.py for tasks to queue
[2026-09-23T04:13:21.527+0000] {logging_mixin.py:190} INFO - [2026-09-23T04:13:21.522+0000] {dagbag.py:588} INFO - Filling up the DagBag from /opt/airflow/dags/dss150p_pipeline.py
[2026-09-23T04:13:21.654+0000] {processor.py:925} INFO - DAG(s) 'dss150p_sales_pipeline' retrieved from /opt/airflow/dags/dss150p_pipeline.py
[2026-09-23T04:13:21.883+0000] {logging_mixin.py:190} INFO - [2026-09-23T04:13:21.883+0000] {dag.py:3239} INFO - Sync 1 DAGs
[2026-09-23T04:13:21.957+0000] {logging_mixin.py:190} INFO - [2026-09-23T04:13:21.952+0000] {dag.py:4180} INFO - Setting next_dagrun for dss150p_sales_pipeline to 2026-09-23 02:00:00+00:00, run_after=2026-09-24 02:00:00+00:00
[2026-09-23T04:13:22.012+0000] {processor.py:208} INFO - Processing /opt/airflow/dags/dss150p_pipeline.py took 0.546 seconds
[2026-09-23T04:13:52.918+0000] {processor.py:186} INFO - Started process (PID=1081) to work on /opt/airflow/dags/dss150p_pipeline.py
[2026-09-23T04:13:52.924+0000] {processor.py:914} INFO - Processing file /opt/airflow/dags/dss150p_pipeline.py for tasks to queue
[2026-09-23T04:13:52.936+0000] {logging_mixin.py:190} INFO - [2026-09-23T04:13:52.935+0000] {dagbag.py:588} INFO - Filling up the DagBag from /opt/airflow/dags/dss150p_pipeline.py
[2026-09-23T04:13:53.082+0000] {processor.py:925} INFO - DAG(s) 'dss150p_sales_pipeline' retrieved from /opt/airflow/dags/dss150p_pipeline.py
[2026-09-23T04:13:53.211+0000] {logging_mixin.py:190} INFO - [2026-09-23T04:13:53.210+0000] {dag.py:3239} INFO - Sync 1 DAGs
[2026-09-23T04:13:53.260+0000] {logging_mixin.py:190} INFO - [2026-09-23T04:13:53.260+0000] {dag.py:4180} INFO - Setting next_dagrun for dss150p_sales_pipeline to 2026-09-23 02:00:00+00:00, run_after=2026-09-24 02:00:00+00:00
[2026-09-23T04:13:53.286+0000] {processor.py:208} INFO - Processing /opt/airflow/dags/dss150p_pipeline.py took 0.416 seconds
[2026-09-23T04:14:23.857+0000] {processor.py:186} INFO - Started process (PID=1086) to work on /opt/airflow/dags/dss150p_pipeline.py
[2026-09-23T04:14:23.860+0000] {processor.py:914} INFO - Processing file /opt/airflow/dags/dss150p_pipeline.py for tasks to queue
[2026-09-23T04:14:23.867+0000] {logging_mixin.py:190} INFO - [2026-09-23T04:14:23.866+0000] {dagbag.py:588} INFO - Filling up the DagBag from /opt/airflow/dags/dss150p_pipeline.py
[2026-09-23T04:14:24.011+0000] {processor.py:925} INFO - DAG(s) 'dss150p_sales_pipeline' retrieved from /opt/airflow/dags/dss150p_pipeline.py
[2026-09-23T04:14:24.122+0000] {logging_mixin.py:190} INFO - [2026-09-23T04:14:24.122+0000] {dag.py:3239} INFO - Sync 1 DAGs
[2026-09-23T04:14:24.249+0000] {logging_mixin.py:190} INFO - [2026-09-23T04:14:24.248+0000] {dag.py:4180} INFO - Setting next_dagrun for dss150p_sales_pipeline to 2026-09-23 02:00:00+00:00, run_after=2026-09-24 02:00:00+00:00
[2026-09-23T04:14:24.424+0000] {processor.py:208} INFO - Processing /opt/airflow/dags/dss150p_pipeline.py took 0.588 seconds
[2026-09-23T04:14:55.002+0000] {processor.py:186} INFO - Started process (PID=1091) to work on /opt/airflow/dags/dss150p_pipeline.py
[2026-09-23T04:14:55.017+0000] {processor.py:914} INFO - Processing file /opt/airflow/dags/dss150p_pipeline.py for tasks to queue
[2026-09-23T04:14:55.025+0000] {logging_mixin.py:190} INFO - [2026-09-23T04:14:55.024+0000] {dagbag.py:588} INFO - Filling up the DagBag from /opt/airflow/dags/dss150p_pipeline.py
[2026-09-23T04:14:55.134+0000] {processor.py:925} INFO - DAG(s) 'dss150p_sales_pipeline' retrieved from /opt/airflow/dags/dss150p_pipeline.py
[2026-09-23T04:14:55.248+0000] {logging_mixin.py:190} INFO - [2026-09-23T04:14:55.247+0000] {dag.py:3239} INFO - Sync 1 DAGs
[2026-09-23T04:14:55.382+0000] {logging_mixin.py:190} INFO - [2026-09-23T04:14:55.381+0000] {dag.py:4180} INFO - Setting next_dagrun for dss150p_sales_pipeline to 2026-09-23 02:00:00+00:00, run_after=2026-09-24 02:00:00+00:00
[2026-09-23T04:14:55.484+0000] {processor.py:208} INFO - Processing /opt/airflow/dags/dss150p_pipeline.py took 0.581 seconds
[2026-09-23T04:15:25.973+0000] {processor.py:186} INFO - Started process (PID=1096) to work on /opt/airflow/dags/dss150p_pipeline.py
[2026-09-23T04:15:25.981+0000] {processor.py:914} INFO - Processing file /opt/airflow/dags/dss150p_pipeline.py for tasks to queue
[2026-09-23T04:15:25.990+0000] {logging_mixin.py:190} INFO - [2026-09-23T04:15:25.988+0000] {dagbag.py:588} INFO - Filling up the DagBag from /opt/airflow/dags/dss150p_pipeline.py
[2026-09-23T04:15:26.045+0000] {processor.py:925} INFO - DAG(s) 'dss150p_sales_pipeline' retrieved from /opt/airflow/dags/dss150p_pipeline.py
[2026-09-23T04:15:26.158+0000] {logging_mixin.py:190} INFO - [2026-09-23T04:15:26.157+0000] {dag.py:3239} INFO - Sync 1 DAGs
[2026-09-23T04:15:26.198+0000] {logging_mixin.py:190} INFO - [2026-09-23T04:15:26.198+0000] {dag.py:4180} INFO - Setting next_dagrun for dss150p_sales_pipeline to 2026-09-23 02:00:00+00:00, run_after=2026-09-24 02:00:00+00:00
[2026-09-23T04:15:26.242+0000] {processor.py:208} INFO - Processing /opt/airflow/dags/dss150p_pipeline.py took 0.292 seconds
[2026-09-23T04:15:56.511+0000] {processor.py:186} INFO - Started process (PID=1101) to work on /opt/airflow/dags/dss150p_pipeline.py
[2026-09-23T04:15:56.514+0000] {processor.py:914} INFO - Processing file /opt/airflow/dags/dss150p_pipeline.py for tasks to queue
[2026-09-23T04:15:56.525+0000] {logging_mixin.py:190} INFO - [2026-09-23T04:15:56.521+0000] {dagbag.py:588} INFO - Filling up the DagBag from /opt/airflow/dags/dss150p_pipeline.py
[2026-09-23T04:15:56.682+0000] {processor.py:925} INFO - DAG(s) 'dss150p_sales_pipeline' retrieved from /opt/airflow/dags/dss150p_pipeline.py
[2026-09-23T04:15:56.837+0000] {logging_mixin.py:190} INFO - [2026-09-23T04:15:56.836+0000] {dag.py:3239} INFO - Sync 1 DAGs
[2026-09-23T04:15:56.871+0000] {logging_mixin.py:190} INFO - [2026-09-23T04:15:56.870+0000] {dag.py:4180} INFO - Setting next_dagrun for dss150p_sales_pipeline to 2026-09-23 02:00:00+00:00, run_after=2026-09-24 02:00:00+00:00
[2026-09-23T04:15:56.898+0000] {processor.py:208} INFO - Processing /opt/airflow/dags/dss150p_pipeline.py took 0.420 seconds
[2026-09-23T04:16:27.117+0000] {processor.py:186} INFO - Started process (PID=1106) to work on /opt/airflow/dags/dss150p_pipeline.py
[2026-09-23T04:16:27.138+0000] {processor.py:914} INFO - Processing file /opt/airflow/dags/dss150p_pipeline.py for tasks to queue
[2026-09-23T04:16:27.152+0000] {logging_mixin.py:190} INFO - [2026-09-23T04:16:27.152+0000] {dagbag.py:588} INFO - Filling up the DagBag from /opt/airflow/dags/dss150p_pipeline.py
[2026-09-23T04:16:27.228+0000] {processor.py:925} INFO - DAG(s) 'dss150p_sales_pipeline' retrieved from /opt/airflow/dags/dss150p_pipeline.py
[2026-09-23T04:16:27.335+0000] {logging_mixin.py:190} INFO - [2026-09-23T04:16:27.334+0000] {dag.py:3239} INFO - Sync 1 DAGs
[2026-09-23T04:16:27.369+0000] {logging_mixin.py:190} INFO - [2026-09-23T04:16:27.369+0000] {dag.py:4180} INFO - Setting next_dagrun for dss150p_sales_pipeline to 2026-09-23 02:00:00+00:00, run_after=2026-09-24 02:00:00+00:00
[2026-09-23T04:16:27.403+0000] {processor.py:208} INFO - Processing /opt/airflow/dags/dss150p_pipeline.py took 0.337 seconds
[2026-09-23T04:16:57.906+0000] {processor.py:186} INFO - Started process (PID=1111) to work on /opt/airflow/dags/dss150p_pipeline.py
[2026-09-23T04:16:57.909+0000] {processor.py:914} INFO - Processing file /opt/airflow/dags/dss150p_pipeline.py for tasks to queue
[2026-09-23T04:16:57.933+0000] {logging_mixin.py:190} INFO - [2026-09-23T04:16:57.931+0000] {dagbag.py:588} INFO - Filling up the DagBag from /opt/airflow/dags/dss150p_pipeline.py
[2026-09-23T04:16:58.083+0000] {processor.py:925} INFO - DAG(s) 'dss150p_sales_pipeline' retrieved from /opt/airflow/dags/dss150p_pipeline.py
[2026-09-23T04:16:58.383+0000] {logging_mixin.py:190} INFO - [2026-09-23T04:16:58.383+0000] {dag.py:3239} INFO - Sync 1 DAGs
[2026-09-23T04:16:58.436+0000] {logging_mixin.py:190} INFO - [2026-09-23T04:16:58.436+0000] {dag.py:4180} INFO - Setting next_dagrun for dss150p_sales_pipeline to 2026-09-23 02:00:00+00:00, run_after=2026-09-24 02:00:00+00:00
[2026-09-23T04:16:58.484+0000] {processor.py:208} INFO - Processing /opt/airflow/dags/dss150p_pipeline.py took 0.622 seconds
[2026-09-23T04:17:29.124+0000] {processor.py:186} INFO - Started process (PID=1116) to work on /opt/airflow/dags/dss150p_pipeline.py
[2026-09-23T04:17:29.133+0000] {processor.py:914} INFO - Processing file /opt/airflow/dags/dss150p_pipeline.py for tasks to queue
[2026-09-23T04:17:29.179+0000] {logging_mixin.py:190} INFO - [2026-09-23T04:17:29.162+0000] {dagbag.py:588} INFO - Filling up the DagBag from /opt/airflow/dags/dss150p_pipeline.py
[2026-09-23T04:17:29.390+0000] {processor.py:925} INFO - DAG(s) 'dss150p_sales_pipeline' retrieved from /opt/airflow/dags/dss150p_pipeline.py
[2026-09-23T04:17:29.628+0000] {logging_mixin.py:190} INFO - [2026-09-23T04:17:29.628+0000] {dag.py:3239} INFO - Sync 1 DAGs
[2026-09-23T04:17:29.713+0000] {logging_mixin.py:190} INFO - [2026-09-23T04:17:29.713+0000] {dag.py:4180} INFO - Setting next_dagrun for dss150p_sales_pipeline to 2026-09-23 02:00:00+00:00, run_after=2026-09-24 02:00:00+00:00
[2026-09-23T04:17:29.785+0000] {processor.py:208} INFO - Processing /opt/airflow/dags/dss150p_pipeline.py took 0.741 seconds
[2026-09-23T04:18:00.611+0000] {processor.py:186} INFO - Started process (PID=1121) to work on /opt/airflow/dags/dss150p_pipeline.py
[2026-09-23T04:18:00.616+0000] {processor.py:914} INFO - Processing file /opt/airflow/dags/dss150p_pipeline.py for tasks to queue
[2026-09-23T04:18:00.665+0000] {logging_mixin.py:190} INFO - [2026-09-23T04:18:00.662+0000] {dagbag.py:588} INFO - Filling up the DagBag from /opt/airflow/dags/dss150p_pipeline.py
[2026-09-23T04:18:00.874+0000] {processor.py:925} INFO - DAG(s) 'dss150p_sales_pipeline' retrieved from /opt/airflow/dags/dss150p_pipeline.py
[2026-09-23T04:18:01.712+0000] {logging_mixin.py:190} INFO - [2026-09-23T04:18:01.711+0000] {dag.py:3239} INFO - Sync 1 DAGs
[2026-09-23T04:18:01.820+0000] {logging_mixin.py:190} INFO - [2026-09-23T04:18:01.820+0000] {dag.py:4180} INFO - Setting next_dagrun for dss150p_sales_pipeline to 2026-09-23 02:00:00+00:00, run_after=2026-09-24 02:00:00+00:00
[2026-09-23T04:18:01.934+0000] {processor.py:208} INFO - Processing /opt/airflow/dags/dss150p_pipeline.py took 1.434 seconds
[2026-09-23T04:18:33.001+0000] {processor.py:186} INFO - Started process (PID=1126) to work on /opt/airflow/dags/dss150p_pipeline.py
[2026-09-23T04:18:33.012+0000] {processor.py:914} INFO - Processing file /opt/airflow/dags/dss150p_pipeline.py for tasks to queue
[2026-09-23T04:18:33.030+0000] {logging_mixin.py:190} INFO - [2026-09-23T04:18:33.022+0000] {dagbag.py:588} INFO - Filling up the DagBag from /opt/airflow/dags/dss150p_pipeline.py
[2026-09-23T04:18:33.220+0000] {processor.py:925} INFO - DAG(s) 'dss150p_sales_pipeline' retrieved from /opt/airflow/dags/dss150p_pipeline.py
[2026-09-23T04:18:33.723+0000] {logging_mixin.py:190} INFO - [2026-09-23T04:18:33.723+0000] {dag.py:3239} INFO - Sync 1 DAGs
[2026-09-23T04:18:33.833+0000] {logging_mixin.py:190} INFO - [2026-09-23T04:18:33.833+0000] {dag.py:4180} INFO - Setting next_dagrun for dss150p_sales_pipeline to 2026-09-23 02:00:00+00:00, run_after=2026-09-24 02:00:00+00:00
[2026-09-23T04:18:34.547+0000] {processor.py:208} INFO - Processing /opt/airflow/dags/dss150p_pipeline.py took 1.593 seconds
[2026-09-23T04:19:05.306+0000] {processor.py:186} INFO - Started process (PID=1131) to work on /opt/airflow/dags/dss150p_pipeline.py
[2026-09-23T04:19:05.309+0000] {processor.py:914} INFO - Processing file /opt/airflow/dags/dss150p_pipeline.py for tasks to queue
[2026-09-23T04:19:05.316+0000] {logging_mixin.py:190} INFO - [2026-09-23T04:19:05.315+0000] {dagbag.py:588} INFO - Filling up the DagBag from /opt/airflow/dags/dss150p_pipeline.py
[2026-09-23T04:19:05.386+0000] {processor.py:925} INFO - DAG(s) 'dss150p_sales_pipeline' retrieved from /opt/airflow/dags/dss150p_pipeline.py
[2026-09-23T04:19:05.535+0000] {logging_mixin.py:190} INFO - [2026-09-23T04:19:05.534+0000] {dag.py:3239} INFO - Sync 1 DAGs
[2026-09-23T04:19:05.576+0000] {logging_mixin.py:190} INFO - [2026-09-23T04:19:05.575+0000] {dag.py:4180} INFO - Setting next_dagrun for dss150p_sales_pipeline to 2026-09-23 02:00:00+00:00, run_after=2026-09-24 02:00:00+00:00
[2026-09-23T04:19:05.604+0000] {processor.py:208} INFO - Processing /opt/airflow/dags/dss150p_pipeline.py took 0.339 seconds
[2026-09-23T04:19:35.847+0000] {processor.py:186} INFO - Started process (PID=1136) to work on /opt/airflow/dags/dss150p_pipeline.py
[2026-09-23T04:19:35.856+0000] {processor.py:914} INFO - Processing file /opt/airflow/dags/dss150p_pipeline.py for tasks to queue
[2026-09-23T04:19:35.868+0000] {logging_mixin.py:190} INFO - [2026-09-23T04:19:35.866+0000] {dagbag.py:588} INFO - Filling up the DagBag from /opt/airflow/dags/dss150p_pipeline.py
[2026-09-23T04:19:35.912+0000] {processor.py:925} INFO - DAG(s) 'dss150p_sales_pipeline' retrieved from /opt/airflow/dags/dss150p_pipeline.py
[2026-09-23T04:19:35.987+0000] {logging_mixin.py:190} INFO - [2026-09-23T04:19:35.986+0000] {dag.py:3239} INFO - Sync 1 DAGs
[2026-09-23T04:19:36.041+0000] {logging_mixin.py:190} INFO - [2026-09-23T04:19:36.041+0000] {dag.py:4180} INFO - Setting next_dagrun for dss150p_sales_pipeline to 2026-09-23 02:00:00+00:00, run_after=2026-09-24 02:00:00+00:00
[2026-09-23T04:19:36.095+0000] {processor.py:208} INFO - Processing /opt/airflow/dags/dss150p_pipeline.py took 0.273 seconds
[2026-09-23T04:20:06.558+0000] {processor.py:186} INFO - Started process (PID=1141) to work on /opt/airflow/dags/dss150p_pipeline.py
[2026-09-23T04:20:06.560+0000] {processor.py:914} INFO - Processing file /opt/airflow/dags/dss150p_pipeline.py for tasks to queue
[2026-09-23T04:20:06.571+0000] {logging_mixin.py:190} INFO - [2026-09-23T04:20:06.566+0000] {dagbag.py:588} INFO - Filling up the DagBag from /opt/airflow/dags/dss150p_pipeline.py
[2026-09-23T04:20:06.618+0000] {processor.py:925} INFO - DAG(s) 'dss150p_sales_pipeline' retrieved from /opt/airflow/dags/dss150p_pipeline.py
[2026-09-23T04:20:06.700+0000] {logging_mixin.py:190} INFO - [2026-09-23T04:20:06.700+0000] {dag.py:3239} INFO - Sync 1 DAGs
[2026-09-23T04:20:06.745+0000] {logging_mixin.py:190} INFO - [2026-09-23T04:20:06.745+0000] {dag.py:4180} INFO - Setting next_dagrun for dss150p_sales_pipeline to 2026-09-23 02:00:00+00:00, run_after=2026-09-24 02:00:00+00:00
[2026-09-23T04:20:06.775+0000] {processor.py:208} INFO - Processing /opt/airflow/dags/dss150p_pipeline.py took 0.236 seconds
[2026-09-23T04:20:36.983+0000] {processor.py:186} INFO - Started process (PID=1146) to work on /opt/airflow/dags/dss150p_pipeline.py
[2026-09-23T04:20:36.986+0000] {processor.py:914} INFO - Processing file /opt/airflow/dags/dss150p_pipeline.py for tasks to queue
[2026-09-23T04:20:36.994+0000] {logging_mixin.py:190} INFO - [2026-09-23T04:20:36.993+0000] {dagbag.py:588} INFO - Filling up the DagBag from /opt/airflow/dags/dss150p_pipeline.py
[2026-09-23T04:20:37.056+0000] {processor.py:925} INFO - DAG(s) 'dss150p_sales_pipeline' retrieved from /opt/airflow/dags/dss150p_pipeline.py
[2026-09-23T04:20:37.168+0000] {logging_mixin.py:190} INFO - [2026-09-23T04:20:37.167+0000] {dag.py:3239} INFO - Sync 1 DAGs
[2026-09-23T04:20:37.264+0000] {logging_mixin.py:190} INFO - [2026-09-23T04:20:37.264+0000] {dag.py:4180} INFO - Setting next_dagrun for dss150p_sales_pipeline to 2026-09-23 02:00:00+00:00, run_after=2026-09-24 02:00:00+00:00
[2026-09-23T04:20:37.338+0000] {processor.py:208} INFO - Processing /opt/airflow/dags/dss150p_pipeline.py took 0.378 seconds
[2026-09-23T04:21:07.442+0000] {processor.py:186} INFO - Started process (PID=1151) to work on /opt/airflow/dags/dss150p_pipeline.py
[2026-09-23T04:21:07.444+0000] {processor.py:914} INFO - Processing file /opt/airflow/dags/dss150p_pipeline.py for tasks to queue
[2026-09-23T04:21:07.451+0000] {logging_mixin.py:190} INFO - [2026-09-23T04:21:07.450+0000] {dagbag.py:588} INFO - Filling up the DagBag from /opt/airflow/dags/dss150p_pipeline.py
[2026-09-23T04:21:07.496+0000] {processor.py:925} INFO - DAG(s) 'dss150p_sales_pipeline' retrieved from /opt/airflow/dags/dss150p_pipeline.py
[2026-09-23T04:21:07.592+0000] {logging_mixin.py:190} INFO - [2026-09-23T04:21:07.591+0000] {dag.py:3239} INFO - Sync 1 DAGs
[2026-09-23T04:21:07.639+0000] {logging_mixin.py:190} INFO - [2026-09-23T04:21:07.639+0000] {dag.py:4180} INFO - Setting next_dagrun for dss150p_sales_pipeline to 2026-09-23 02:00:00+00:00, run_after=2026-09-24 02:00:00+00:00
[2026-09-23T04:21:07.673+0000] {processor.py:208} INFO - Processing /opt/airflow/dags/dss150p_pipeline.py took 0.258 seconds
[2026-09-23T04:21:38.508+0000] {processor.py:186} INFO - Started process (PID=1156) to work on /opt/airflow/dags/dss150p_pipeline.py
[2026-09-23T04:21:38.513+0000] {processor.py:914} INFO - Processing file /opt/airflow/dags/dss150p_pipeline.py for tasks to queue
[2026-09-23T04:21:38.533+0000] {logging_mixin.py:190} INFO - [2026-09-23T04:21:38.531+0000] {dagbag.py:588} INFO - Filling up the DagBag from /opt/airflow/dags/dss150p_pipeline.py
[2026-09-23T04:21:38.627+0000] {processor.py:925} INFO - DAG(s) 'dss150p_sales_pipeline' retrieved from /opt/airflow/dags/dss150p_pipeline.py
[2026-09-23T04:21:38.770+0000] {logging_mixin.py:190} INFO - [2026-09-23T04:21:38.770+0000] {dag.py:3239} INFO - Sync 1 DAGs
[2026-09-23T04:21:38.863+0000] {logging_mixin.py:190} INFO - [2026-09-23T04:21:38.863+0000] {dag.py:4180} INFO - Setting next_dagrun for dss150p_sales_pipeline to 2026-09-23 02:00:00+00:00, run_after=2026-09-24 02:00:00+00:00
[2026-09-23T04:21:38.928+0000] {processor.py:208} INFO - Processing /opt/airflow/dags/dss150p_pipeline.py took 0.474 seconds
[2026-09-23T04:22:09.419+0000] {processor.py:186} INFO - Started process (PID=1161) to work on /opt/airflow/dags/dss150p_pipeline.py
[2026-09-23T04:22:09.424+0000] {processor.py:914} INFO - Processing file /opt/airflow/dags/dss150p_pipeline.py for tasks to queue
[2026-09-23T04:22:09.433+0000] {logging_mixin.py:190} INFO - [2026-09-23T04:22:09.432+0000] {dagbag.py:588} INFO - Filling up the DagBag from /opt/airflow/dags/dss150p_pipeline.py
[2026-09-23T04:22:09.474+0000] {processor.py:925} INFO - DAG(s) 'dss150p_sales_pipeline' retrieved from /opt/airflow/dags/dss150p_pipeline.py
[2026-09-23T04:22:09.577+0000] {logging_mixin.py:190} INFO - [2026-09-23T04:22:09.577+0000] {dag.py:3239} INFO - Sync 1 DAGs
[2026-09-23T04:22:09.621+0000] {logging_mixin.py:190} INFO - [2026-09-23T04:22:09.621+0000] {dag.py:4180} INFO - Setting next_dagrun for dss150p_sales_pipeline to 2026-09-23 02:00:00+00:00, run_after=2026-09-24 02:00:00+00:00
[2026-09-23T04:22:09.664+0000] {processor.py:208} INFO - Processing /opt/airflow/dags/dss150p_pipeline.py took 0.270 seconds
[2026-09-23T04:22:39.878+0000] {processor.py:186} INFO - Started process (PID=1166) to work on /opt/airflow/dags/dss150p_pipeline.py
[2026-09-23T04:22:39.885+0000] {processor.py:914} INFO - Processing file /opt/airflow/dags/dss150p_pipeline.py for tasks to queue
[2026-09-23T04:22:39.891+0000] {logging_mixin.py:190} INFO - [2026-09-23T04:22:39.889+0000] {dagbag.py:588} INFO - Filling up the DagBag from /opt/airflow/dags/dss150p_pipeline.py
[2026-09-23T04:22:39.925+0000] {processor.py:925} INFO - DAG(s) 'dss150p_sales_pipeline' retrieved from /opt/airflow/dags/dss150p_pipeline.py
[2026-09-23T04:22:39.989+0000] {logging_mixin.py:190} INFO - [2026-09-23T04:22:39.989+0000] {dag.py:3239} INFO - Sync 1 DAGs
[2026-09-23T04:22:40.030+0000] {logging_mixin.py:190} INFO - [2026-09-23T04:22:40.030+0000] {dag.py:4180} INFO - Setting next_dagrun for dss150p_sales_pipeline to 2026-09-23 02:00:00+00:00, run_after=2026-09-24 02:00:00+00:00
[2026-09-23T04:22:40.068+0000] {processor.py:208} INFO - Processing /opt/airflow/dags/dss150p_pipeline.py took 0.207 seconds
[2026-09-23T04:23:10.529+0000] {processor.py:186} INFO - Started process (PID=1171) to work on /opt/airflow/dags/dss150p_pipeline.py
[2026-09-23T04:23:10.538+0000] {processor.py:914} INFO - Processing file /opt/airflow/dags/dss150p_pipeline.py for tasks to queue
[2026-09-23T04:23:10.546+0000] {logging_mixin.py:190} INFO - [2026-09-23T04:23:10.545+0000] {dagbag.py:588} INFO - Filling up the DagBag from /opt/airflow/dags/dss150p_pipeline.py
[2026-09-23T04:23:10.608+0000] {processor.py:925} INFO - DAG(s) 'dss150p_sales_pipeline' retrieved from /opt/airflow/dags/dss150p_pipeline.py
[2026-09-23T04:23:10.701+0000] {logging_mixin.py:190} INFO - [2026-09-23T04:23:10.701+0000] {dag.py:3239} INFO - Sync 1 DAGs
[2026-09-23T04:23:10.755+0000] {logging_mixin.py:190} INFO - [2026-09-23T04:23:10.755+0000] {dag.py:4180} INFO - Setting next_dagrun for dss150p_sales_pipeline to 2026-09-23 02:00:00+00:00, run_after=2026-09-24 02:00:00+00:00
[2026-09-23T04:23:10.803+0000] {processor.py:208} INFO - Processing /opt/airflow/dags/dss150p_pipeline.py took 0.305 seconds
[2026-09-23T04:23:41.009+0000] {processor.py:186} INFO - Started process (PID=1176) to work on /opt/airflow/dags/dss150p_pipeline.py
[2026-09-23T04:23:41.022+0000] {processor.py:914} INFO - Processing file /opt/airflow/dags/dss150p_pipeline.py for tasks to queue
[2026-09-23T04:23:41.043+0000] {logging_mixin.py:190} INFO - [2026-09-23T04:23:41.042+0000] {dagbag.py:588} INFO - Filling up the DagBag from /opt/airflow/dags/dss150p_pipeline.py
[2026-09-23T04:23:41.150+0000] {processor.py:925} INFO - DAG(s) 'dss150p_sales_pipeline' retrieved from /opt/airflow/dags/dss150p_pipeline.py
[2026-09-23T04:23:41.257+0000] {logging_mixin.py:190} INFO - [2026-09-23T04:23:41.257+0000] {dag.py:3239} INFO - Sync 1 DAGs
[2026-09-23T04:23:41.315+0000] {logging_mixin.py:190} INFO - [2026-09-23T04:23:41.314+0000] {dag.py:4180} INFO - Setting next_dagrun for dss150p_sales_pipeline to 2026-09-23 02:00:00+00:00, run_after=2026-09-24 02:00:00+00:00
[2026-09-23T04:23:41.379+0000] {processor.py:208} INFO - Processing /opt/airflow/dags/dss150p_pipeline.py took 0.399 seconds
[2026-09-23T04:24:11.783+0000] {processor.py:186} INFO - Started process (PID=1181) to work on /opt/airflow/dags/dss150p_pipeline.py
[2026-09-23T04:24:11.790+0000] {processor.py:914} INFO - Processing file /opt/airflow/dags/dss150p_pipeline.py for tasks to queue
[2026-09-23T04:24:11.807+0000] {logging_mixin.py:190} INFO - [2026-09-23T04:24:11.805+0000] {dagbag.py:588} INFO - Filling up the DagBag from /opt/airflow/dags/dss150p_pipeline.py
[2026-09-23T04:24:11.905+0000] {processor.py:925} INFO - DAG(s) 'dss150p_sales_pipeline' retrieved from /opt/airflow/dags/dss150p_pipeline.py
[2026-09-23T04:24:12.063+0000] {logging_mixin.py:190} INFO - [2026-09-23T04:24:12.063+0000] {dag.py:3239} INFO - Sync 1 DAGs
[2026-09-23T04:24:12.129+0000] {logging_mixin.py:190} INFO - [2026-09-23T04:24:12.129+0000] {dag.py:4180} INFO - Setting next_dagrun for dss150p_sales_pipeline to 2026-09-23 02:00:00+00:00, run_after=2026-09-24 02:00:00+00:00
[2026-09-23T04:24:12.203+0000] {processor.py:208} INFO - Processing /opt/airflow/dags/dss150p_pipeline.py took 0.478 seconds
[2026-09-23T04:24:42.782+0000] {processor.py:186} INFO - Started process (PID=1186) to work on /opt/airflow/dags/dss150p_pipeline.py
[2026-09-23T04:24:42.791+0000] {processor.py:914} INFO - Processing file /opt/airflow/dags/dss150p_pipeline.py for tasks to queue
[2026-09-23T04:24:42.823+0000] {logging_mixin.py:190} INFO - [2026-09-23T04:24:42.822+0000] {dagbag.py:588} INFO - Filling up the DagBag from /opt/airflow/dags/dss150p_pipeline.py
[2026-09-23T04:24:42.891+0000] {processor.py:925} INFO - DAG(s) 'dss150p_sales_pipeline' retrieved from /opt/airflow/dags/dss150p_pipeline.py
[2026-09-23T04:24:43.043+0000] {logging_mixin.py:190} INFO - [2026-09-23T04:24:43.043+0000] {dag.py:3239} INFO - Sync 1 DAGs
[2026-09-23T04:24:43.124+0000] {logging_mixin.py:190} INFO - [2026-09-23T04:24:43.123+0000] {dag.py:4180} INFO - Setting next_dagrun for dss150p_sales_pipeline to 2026-09-23 02:00:00+00:00, run_after=2026-09-24 02:00:00+00:00
[2026-09-23T04:24:43.228+0000] {processor.py:208} INFO - Processing /opt/airflow/dags/dss150p_pipeline.py took 0.503 seconds
[2026-09-23T04:25:14.047+0000] {processor.py:186} INFO - Started process (PID=1191) to work on /opt/airflow/dags/dss150p_pipeline.py
[2026-09-23T04:25:14.050+0000] {processor.py:914} INFO - Processing file /opt/airflow/dags/dss150p_pipeline.py for tasks to queue
[2026-09-23T04:25:14.058+0000] {logging_mixin.py:190} INFO - [2026-09-23T04:25:14.057+0000] {dagbag.py:588} INFO - Filling up the DagBag from /opt/airflow/dags/dss150p_pipeline.py
[2026-09-23T04:25:14.116+0000] {processor.py:925} INFO - DAG(s) 'dss150p_sales_pipeline' retrieved from /opt/airflow/dags/dss150p_pipeline.py
[2026-09-23T04:25:14.247+0000] {logging_mixin.py:190} INFO - [2026-09-23T04:25:14.246+0000] {dag.py:3239} INFO - Sync 1 DAGs
[2026-09-23T04:25:14.300+0000] {logging_mixin.py:190} INFO - [2026-09-23T04:25:14.299+0000] {dag.py:4180} INFO - Setting next_dagrun for dss150p_sales_pipeline to 2026-09-23 02:00:00+00:00, run_after=2026-09-24 02:00:00+00:00
[2026-09-23T04:25:14.340+0000] {processor.py:208} INFO - Processing /opt/airflow/dags/dss150p_pipeline.py took 0.309 seconds
[2026-09-23T04:25:44.553+0000] {processor.py:186} INFO - Started process (PID=1196) to work on /opt/airflow/dags/dss150p_pipeline.py
[2026-09-23T04:25:44.564+0000] {processor.py:914} INFO - Processing file /opt/airflow/dags/dss150p_pipeline.py for tasks to queue
[2026-09-23T04:25:44.570+0000] {logging_mixin.py:190} INFO - [2026-09-23T04:25:44.569+0000] {dagbag.py:588} INFO - Filling up the DagBag from /opt/airflow/dags/dss150p_pipeline.py
[2026-09-23T04:25:44.627+0000] {processor.py:925} INFO - DAG(s) 'dss150p_sales_pipeline' retrieved from /opt/airflow/dags/dss150p_pipeline.py
[2026-09-23T04:25:44.803+0000] {logging_mixin.py:190} INFO - [2026-09-23T04:25:44.803+0000] {dag.py:3239} INFO - Sync 1 DAGs
[2026-09-23T04:25:44.878+0000] {logging_mixin.py:190} INFO - [2026-09-23T04:25:44.877+0000] {dag.py:4180} INFO - Setting next_dagrun for dss150p_sales_pipeline to 2026-09-23 02:00:00+00:00, run_after=2026-09-24 02:00:00+00:00
[2026-09-23T04:25:44.935+0000] {processor.py:208} INFO - Processing /opt/airflow/dags/dss150p_pipeline.py took 0.409 seconds
[2026-09-23T04:26:15.020+0000] {processor.py:186} INFO - Started process (PID=1201) to work on /opt/airflow/dags/dss150p_pipeline.py
[2026-09-23T04:26:15.022+0000] {processor.py:914} INFO - Processing file /opt/airflow/dags/dss150p_pipeline.py for tasks to queue
[2026-09-23T04:26:15.031+0000] {logging_mixin.py:190} INFO - [2026-09-23T04:26:15.030+0000] {dagbag.py:588} INFO - Filling up the DagBag from /opt/airflow/dags/dss150p_pipeline.py
[2026-09-23T04:26:15.104+0000] {processor.py:925} INFO - DAG(s) 'dss150p_sales_pipeline' retrieved from /opt/airflow/dags/dss150p_pipeline.py
[2026-09-23T04:26:15.208+0000] {logging_mixin.py:190} INFO - [2026-09-23T04:26:15.208+0000] {dag.py:3239} INFO - Sync 1 DAGs
[2026-09-23T04:26:15.288+0000] {logging_mixin.py:190} INFO - [2026-09-23T04:26:15.288+0000] {dag.py:4180} INFO - Setting next_dagrun for dss150p_sales_pipeline to 2026-09-23 02:00:00+00:00, run_after=2026-09-24 02:00:00+00:00
[2026-09-23T04:26:15.366+0000] {processor.py:208} INFO - Processing /opt/airflow/dags/dss150p_pipeline.py took 0.371 seconds
[2026-09-23T04:26:45.711+0000] {processor.py:186} INFO - Started process (PID=1206) to work on /opt/airflow/dags/dss150p_pipeline.py
[2026-09-23T04:26:45.714+0000] {processor.py:914} INFO - Processing file /opt/airflow/dags/dss150p_pipeline.py for tasks to queue
[2026-09-23T04:26:45.720+0000] {logging_mixin.py:190} INFO - [2026-09-23T04:26:45.720+0000] {dagbag.py:588} INFO - Filling up the DagBag from /opt/airflow/dags/dss150p_pipeline.py
[2026-09-23T04:26:45.775+0000] {processor.py:925} INFO - DAG(s) 'dss150p_sales_pipeline' retrieved from /opt/airflow/dags/dss150p_pipeline.py
[2026-09-23T04:26:45.930+0000] {logging_mixin.py:190} INFO - [2026-09-23T04:26:45.929+0000] {dag.py:3239} INFO - Sync 1 DAGs
[2026-09-23T04:26:45.960+0000] {logging_mixin.py:190} INFO - [2026-09-23T04:26:45.959+0000] {dag.py:4180} INFO - Setting next_dagrun for dss150p_sales_pipeline to 2026-09-23 02:00:00+00:00, run_after=2026-09-24 02:00:00+00:00
[2026-09-23T04:26:45.980+0000] {processor.py:208} INFO - Processing /opt/airflow/dags/dss150p_pipeline.py took 0.303 seconds
[2026-09-23T04:27:16.192+0000] {processor.py:186} INFO - Started process (PID=1211) to work on /opt/airflow/dags/dss150p_pipeline.py
[2026-09-23T04:27:16.200+0000] {processor.py:914} INFO - Processing file /opt/airflow/dags/dss150p_pipeline.py for tasks to queue
[2026-09-23T04:27:16.208+0000] {logging_mixin.py:190} INFO - [2026-09-23T04:27:16.206+0000] {dagbag.py:588} INFO - Filling up the DagBag from /opt/airflow/dags/dss150p_pipeline.py
[2026-09-23T04:27:16.341+0000] {processor.py:925} INFO - DAG(s) 'dss150p_sales_pipeline' retrieved from /opt/airflow/dags/dss150p_pipeline.py
[2026-09-23T04:27:16.514+0000] {logging_mixin.py:190} INFO - [2026-09-23T04:27:16.514+0000] {dag.py:3239} INFO - Sync 1 DAGs
[2026-09-23T04:27:16.604+0000] {logging_mixin.py:190} INFO - [2026-09-23T04:27:16.604+0000] {dag.py:4180} INFO - Setting next_dagrun for dss150p_sales_pipeline to 2026-09-23 02:00:00+00:00, run_after=2026-09-24 02:00:00+00:00
[2026-09-23T04:27:16.713+0000] {processor.py:208} INFO - Processing /opt/airflow/dags/dss150p_pipeline.py took 0.587 seconds
[2026-09-23T04:27:47.487+0000] {processor.py:186} INFO - Started process (PID=1216) to work on /opt/airflow/dags/dss150p_pipeline.py
[2026-09-23T04:27:47.491+0000] {processor.py:914} INFO - Processing file /opt/airflow/dags/dss150p_pipeline.py for tasks to queue
[2026-09-23T04:27:47.528+0000] {logging_mixin.py:190} INFO - [2026-09-23T04:27:47.533+0000] {dagbag.py:588} INFO - Filling up the DagBag from /opt/airflow/dags/dss150p_pipeline.py
[2026-09-23T04:27:47.958+0000] {processor.py:925} INFO - DAG(s) 'dss150p_sales_pipeline' retrieved from /opt/airflow/dags/dss150p_pipeline.py
[2026-09-23T04:27:49.038+0000] {logging_mixin.py:190} INFO - [2026-09-23T04:27:49.028+0000] {dag.py:3239} INFO - Sync 1 DAGs
[2026-09-23T04:27:49.222+0000] {logging_mixin.py:190} INFO - [2026-09-23T04:27:49.221+0000] {dag.py:4180} INFO - Setting next_dagrun for dss150p_sales_pipeline to 2026-09-23 02:00:00+00:00, run_after=2026-09-24 02:00:00+00:00
[2026-09-23T04:27:49.800+0000] {processor.py:208} INFO - Processing /opt/airflow/dags/dss150p_pipeline.py took 2.504 seconds
[2026-09-23T04:28:20.468+0000] {processor.py:186} INFO - Started process (PID=1221) to work on /opt/airflow/dags/dss150p_pipeline.py
[2026-09-23T04:28:20.537+0000] {processor.py:914} INFO - Processing file /opt/airflow/dags/dss150p_pipeline.py for tasks to queue
[2026-09-23T04:28:20.720+0000] {logging_mixin.py:190} INFO - [2026-09-23T04:28:20.699+0000] {dagbag.py:588} INFO - Filling up the DagBag from /opt/airflow/dags/dss150p_pipeline.py
[2026-09-23T04:28:22.563+0000] {processor.py:925} INFO - DAG(s) 'dss150p_sales_pipeline' retrieved from /opt/airflow/dags/dss150p_pipeline.py
[2026-09-23T04:28:26.599+0000] {logging_mixin.py:190} INFO - [2026-09-23T04:28:26.599+0000] {dag.py:3239} INFO - Sync 1 DAGs
[2026-09-23T04:28:26.872+0000] {logging_mixin.py:190} INFO - [2026-09-23T04:28:26.871+0000] {dag.py:4180} INFO - Setting next_dagrun for dss150p_sales_pipeline to 2026-09-23 02:00:00+00:00, run_after=2026-09-24 02:00:00+00:00
[2026-09-23T04:28:29.932+0000] {processor.py:208} INFO - Processing /opt/airflow/dags/dss150p_pipeline.py took 9.604 seconds
[2026-09-23T04:29:01.426+0000] {processor.py:186} INFO - Started process (PID=1226) to work on /opt/airflow/dags/dss150p_pipeline.py
[2026-09-23T04:29:01.551+0000] {processor.py:914} INFO - Processing file /opt/airflow/dags/dss150p_pipeline.py for tasks to queue
[2026-09-23T04:29:01.929+0000] {logging_mixin.py:190} INFO - [2026-09-23T04:29:01.926+0000] {dagbag.py:588} INFO - Filling up the DagBag from /opt/airflow/dags/dss150p_pipeline.py
[2026-09-23T04:29:03.114+0000] {processor.py:925} INFO - DAG(s) 'dss150p_sales_pipeline' retrieved from /opt/airflow/dags/dss150p_pipeline.py
[2026-09-23T04:29:17.908+0000] {logging_mixin.py:190} INFO - [2026-09-23T04:29:17.907+0000] {dag.py:3239} INFO - Sync 1 DAGs
[2026-09-23T04:29:18.016+0000] {logging_mixin.py:190} INFO - [2026-09-23T04:29:18.015+0000] {dag.py:4180} INFO - Setting next_dagrun for dss150p_sales_pipeline to 2026-09-23 02:00:00+00:00, run_after=2026-09-24 02:00:00+00:00
[2026-09-23T04:29:18.087+0000] {processor.py:208} INFO - Processing /opt/airflow/dags/dss150p_pipeline.py took 16.950 seconds
[2026-09-23T04:29:48.724+0000] {processor.py:186} INFO - Started process (PID=1231) to work on /opt/airflow/dags/dss150p_pipeline.py
[2026-09-23T04:29:48.734+0000] {processor.py:914} INFO - Processing file /opt/airflow/dags/dss150p_pipeline.py for tasks to queue
[2026-09-23T04:29:48.752+0000] {logging_mixin.py:190} INFO - [2026-09-23T04:29:48.751+0000] {dagbag.py:588} INFO - Filling up the DagBag from /opt/airflow/dags/dss150p_pipeline.py
[2026-09-23T04:29:48.858+0000] {processor.py:925} INFO - DAG(s) 'dss150p_sales_pipeline' retrieved from /opt/airflow/dags/dss150p_pipeline.py
[2026-09-23T04:29:49.046+0000] {logging_mixin.py:190} INFO - [2026-09-23T04:29:49.045+0000] {dag.py:3239} INFO - Sync 1 DAGs
[2026-09-23T04:29:49.107+0000] {logging_mixin.py:190} INFO - [2026-09-23T04:29:49.106+0000] {dag.py:4180} INFO - Setting next_dagrun for dss150p_sales_pipeline to 2026-09-23 02:00:00+00:00, run_after=2026-09-24 02:00:00+00:00
[2026-09-23T04:29:49.150+0000] {processor.py:208} INFO - Processing /opt/airflow/dags/dss150p_pipeline.py took 0.507 seconds
[2026-09-23T04:30:19.566+0000] {processor.py:186} INFO - Started process (PID=1236) to work on /opt/airflow/dags/dss150p_pipeline.py
[2026-09-23T04:30:19.570+0000] {processor.py:914} INFO - Processing file /opt/airflow/dags/dss150p_pipeline.py for tasks to queue
[2026-09-23T04:30:19.595+0000] {logging_mixin.py:190} INFO - [2026-09-23T04:30:19.594+0000] {dagbag.py:588} INFO - Filling up the DagBag from /opt/airflow/dags/dss150p_pipeline.py
[2026-09-23T04:30:19.642+0000] {processor.py:925} INFO - DAG(s) 'dss150p_sales_pipeline' retrieved from /opt/airflow/dags/dss150p_pipeline.py
[2026-09-23T04:30:19.723+0000] {logging_mixin.py:190} INFO - [2026-09-23T04:30:19.723+0000] {dag.py:3239} INFO - Sync 1 DAGs
[2026-09-23T04:30:19.794+0000] {logging_mixin.py:190} INFO - [2026-09-23T04:30:19.793+0000] {dag.py:4180} INFO - Setting next_dagrun for dss150p_sales_pipeline to 2026-09-23 02:00:00+00:00, run_after=2026-09-24 02:00:00+00:00
[2026-09-23T04:30:19.853+0000] {processor.py:208} INFO - Processing /opt/airflow/dags/dss150p_pipeline.py took 0.334 seconds
[2026-09-23T04:30:50.040+0000] {processor.py:186} INFO - Started process (PID=1241) to work on /opt/airflow/dags/dss150p_pipeline.py
[2026-09-23T04:30:50.046+0000] {processor.py:914} INFO - Processing file /opt/airflow/dags/dss150p_pipeline.py for tasks to queue
[2026-09-23T04:30:50.064+0000] {logging_mixin.py:190} INFO - [2026-09-23T04:30:50.063+0000] {dagbag.py:588} INFO - Filling up the DagBag from /opt/airflow/dags/dss150p_pipeline.py
[2026-09-23T04:30:50.176+0000] {processor.py:925} INFO - DAG(s) 'dss150p_sales_pipeline' retrieved from /opt/airflow/dags/dss150p_pipeline.py
[2026-09-23T04:30:50.290+0000] {logging_mixin.py:190} INFO - [2026-09-23T04:30:50.290+0000] {dag.py:3239} INFO - Sync 1 DAGs
[2026-09-23T04:30:50.392+0000] {logging_mixin.py:190} INFO - [2026-09-23T04:30:50.392+0000] {dag.py:4180} INFO - Setting next_dagrun for dss150p_sales_pipeline to 2026-09-23 02:00:00+00:00, run_after=2026-09-24 02:00:00+00:00
[2026-09-23T04:30:50.471+0000] {processor.py:208} INFO - Processing /opt/airflow/dags/dss150p_pipeline.py took 0.467 seconds
[2026-09-23T04:31:20.757+0000] {processor.py:186} INFO - Started process (PID=1246) to work on /opt/airflow/dags/dss150p_pipeline.py
[2026-09-23T04:31:20.761+0000] {processor.py:914} INFO - Processing file /opt/airflow/dags/dss150p_pipeline.py for tasks to queue
[2026-09-23T04:31:20.769+0000] {logging_mixin.py:190} INFO - [2026-09-23T04:31:20.768+0000] {dagbag.py:588} INFO - Filling up the DagBag from /opt/airflow/dags/dss150p_pipeline.py
[2026-09-23T04:31:20.820+0000] {processor.py:925} INFO - DAG(s) 'dss150p_sales_pipeline' retrieved from /opt/airflow/dags/dss150p_pipeline.py
[2026-09-23T04:31:20.900+0000] {logging_mixin.py:190} INFO - [2026-09-23T04:31:20.900+0000] {dag.py:3239} INFO - Sync 1 DAGs
[2026-09-23T04:31:20.940+0000] {logging_mixin.py:190} INFO - [2026-09-23T04:31:20.940+0000] {dag.py:4180} INFO - Setting next_dagrun for dss150p_sales_pipeline to 2026-09-23 02:00:00+00:00, run_after=2026-09-24 02:00:00+00:00
[2026-09-23T04:31:20.977+0000] {processor.py:208} INFO - Processing /opt/airflow/dags/dss150p_pipeline.py took 0.241 seconds
[2026-09-23T04:31:51.280+0000] {processor.py:186} INFO - Started process (PID=1251) to work on /opt/airflow/dags/dss150p_pipeline.py
[2026-09-23T04:31:51.284+0000] {processor.py:914} INFO - Processing file /opt/airflow/dags/dss150p_pipeline.py for tasks to queue
[2026-09-23T04:31:51.297+0000] {logging_mixin.py:190} INFO - [2026-09-23T04:31:51.293+0000] {dagbag.py:588} INFO - Filling up the DagBag from /opt/airflow/dags/dss150p_pipeline.py
[2026-09-23T04:31:51.374+0000] {processor.py:925} INFO - DAG(s) 'dss150p_sales_pipeline' retrieved from /opt/airflow/dags/dss150p_pipeline.py
[2026-09-23T04:31:51.500+0000] {logging_mixin.py:190} INFO - [2026-09-23T04:31:51.500+0000] {dag.py:3239} INFO - Sync 1 DAGs
[2026-09-23T04:31:51.550+0000] {logging_mixin.py:190} INFO - [2026-09-23T04:31:51.549+0000] {dag.py:4180} INFO - Setting next_dagrun for dss150p_sales_pipeline to 2026-09-23 02:00:00+00:00, run_after=2026-09-24 02:00:00+00:00
[2026-09-23T04:31:51.623+0000] {processor.py:208} INFO - Processing /opt/airflow/dags/dss150p_pipeline.py took 0.360 seconds
[2026-09-23T04:32:22.143+0000] {processor.py:186} INFO - Started process (PID=1292) to work on /opt/airflow/dags/dss150p_pipeline.py
[2026-09-23T04:32:22.147+0000] {processor.py:914} INFO - Processing file /opt/airflow/dags/dss150p_pipeline.py for tasks to queue
[2026-09-23T04:32:22.152+0000] {logging_mixin.py:190} INFO - [2026-09-23T04:32:22.151+0000] {dagbag.py:588} INFO - Filling up the DagBag from /opt/airflow/dags/dss150p_pipeline.py
[2026-09-23T04:32:22.178+0000] {processor.py:925} INFO - DAG(s) 'dss150p_sales_pipeline' retrieved from /opt/airflow/dags/dss150p_pipeline.py
[2026-09-23T04:32:22.269+0000] {logging_mixin.py:190} INFO - [2026-09-23T04:32:22.268+0000] {dag.py:3239} INFO - Sync 1 DAGs
[2026-09-23T04:32:22.310+0000] {logging_mixin.py:190} INFO - [2026-09-23T04:32:22.310+0000] {dag.py:4180} INFO - Setting next_dagrun for dss150p_sales_pipeline to 2026-09-23 02:00:00+00:00, run_after=2026-09-24 02:00:00+00:00
[2026-09-23T04:32:22.358+0000] {processor.py:208} INFO - Processing /opt/airflow/dags/dss150p_pipeline.py took 0.228 seconds
[2026-09-23T04:32:52.574+0000] {processor.py:186} INFO - Started process (PID=1297) to work on /opt/airflow/dags/dss150p_pipeline.py
[2026-09-23T04:32:52.576+0000] {processor.py:914} INFO - Processing file /opt/airflow/dags/dss150p_pipeline.py for tasks to queue
[2026-09-23T04:32:52.582+0000] {logging_mixin.py:190} INFO - [2026-09-23T04:32:52.582+0000] {dagbag.py:588} INFO - Filling up the DagBag from /opt/airflow/dags/dss150p_pipeline.py
[2026-09-23T04:32:52.630+0000] {processor.py:925} INFO - DAG(s) 'dss150p_sales_pipeline' retrieved from /opt/airflow/dags/dss150p_pipeline.py
[2026-09-23T04:32:52.714+0000] {logging_mixin.py:190} INFO - [2026-09-23T04:32:52.714+0000] {dag.py:3239} INFO - Sync 1 DAGs
[2026-09-23T04:32:52.758+0000] {logging_mixin.py:190} INFO - [2026-09-23T04:32:52.758+0000] {dag.py:4180} INFO - Setting next_dagrun for dss150p_sales_pipeline to 2026-09-23 02:00:00+00:00, run_after=2026-09-24 02:00:00+00:00
[2026-09-23T04:32:52.795+0000] {processor.py:208} INFO - Processing /opt/airflow/dags/dss150p_pipeline.py took 0.239 seconds
[2026-09-23T04:33:18.149+0000] {processor.py:186} INFO - Started process (PID=1337) to work on /opt/airflow/dags/dss150p_pipeline.py
[2026-09-23T04:33:18.160+0000] {processor.py:914} INFO - Processing file /opt/airflow/dags/dss150p_pipeline.py for tasks to queue
[2026-09-23T04:33:18.172+0000] {logging_mixin.py:190} INFO - [2026-09-23T04:33:18.171+0000] {dagbag.py:588} INFO - Filling up the DagBag from /opt/airflow/dags/dss150p_pipeline.py
[2026-09-23T04:33:18.228+0000] {processor.py:925} INFO - DAG(s) 'dss150p_sales_pipeline' retrieved from /opt/airflow/dags/dss150p_pipeline.py
[2026-09-23T04:33:18.301+0000] {logging_mixin.py:190} INFO - [2026-09-23T04:33:18.301+0000] {dag.py:3239} INFO - Sync 1 DAGs
[2026-09-23T04:33:18.336+0000] {logging_mixin.py:190} INFO - [2026-09-23T04:33:18.335+0000] {dag.py:4180} INFO - Setting next_dagrun for dss150p_sales_pipeline to 2026-09-23 02:00:00+00:00, run_after=2026-09-24 02:00:00+00:00
[2026-09-23T04:33:18.381+0000] {processor.py:208} INFO - Processing /opt/airflow/dags/dss150p_pipeline.py took 0.258 seconds
[2026-09-23T04:33:48.562+0000] {processor.py:186} INFO - Started process (PID=1343) to work on /opt/airflow/dags/dss150p_pipeline.py
[2026-09-23T04:33:48.565+0000] {processor.py:914} INFO - Processing file /opt/airflow/dags/dss150p_pipeline.py for tasks to queue
[2026-09-23T04:33:48.572+0000] {logging_mixin.py:190} INFO - [2026-09-23T04:33:48.571+0000] {dagbag.py:588} INFO - Filling up the DagBag from /opt/airflow/dags/dss150p_pipeline.py
[2026-09-23T04:33:48.618+0000] {processor.py:925} INFO - DAG(s) 'dss150p_sales_pipeline' retrieved from /opt/airflow/dags/dss150p_pipeline.py
[2026-09-23T04:33:48.698+0000] {logging_mixin.py:190} INFO - [2026-09-23T04:33:48.698+0000] {dag.py:3239} INFO - Sync 1 DAGs
[2026-09-23T04:33:48.738+0000] {logging_mixin.py:190} INFO - [2026-09-23T04:33:48.738+0000] {dag.py:4180} INFO - Setting next_dagrun for dss150p_sales_pipeline to 2026-09-23 02:00:00+00:00, run_after=2026-09-24 02:00:00+00:00
[2026-09-23T04:33:48.774+0000] {processor.py:208} INFO - Processing /opt/airflow/dags/dss150p_pipeline.py took 0.235 seconds
[2026-09-23T04:34:19.183+0000] {processor.py:186} INFO - Started process (PID=1348) to work on /opt/airflow/dags/dss150p_pipeline.py
[2026-09-23T04:34:19.187+0000] {processor.py:914} INFO - Processing file /opt/airflow/dags/dss150p_pipeline.py for tasks to queue
[2026-09-23T04:34:19.205+0000] {logging_mixin.py:190} INFO - [2026-09-23T04:34:19.201+0000] {dagbag.py:588} INFO - Filling up the DagBag from /opt/airflow/dags/dss150p_pipeline.py
[2026-09-23T04:34:19.621+0000] {processor.py:925} INFO - DAG(s) 'dss150p_sales_pipeline' retrieved from /opt/airflow/dags/dss150p_pipeline.py
[2026-09-23T04:34:19.902+0000] {logging_mixin.py:190} INFO - [2026-09-23T04:34:19.902+0000] {dag.py:3239} INFO - Sync 1 DAGs
[2026-09-23T04:34:20.089+0000] {logging_mixin.py:190} INFO - [2026-09-23T04:34:20.088+0000] {dag.py:4180} INFO - Setting next_dagrun for dss150p_sales_pipeline to 2026-09-23 02:00:00+00:00, run_after=2026-09-24 02:00:00+00:00
[2026-09-23T04:34:20.226+0000] {processor.py:208} INFO - Processing /opt/airflow/dags/dss150p_pipeline.py took 1.075 seconds
[2026-09-23T04:34:50.960+0000] {processor.py:186} INFO - Started process (PID=1377) to work on /opt/airflow/dags/dss150p_pipeline.py
[2026-09-23T04:34:50.963+0000] {processor.py:914} INFO - Processing file /opt/airflow/dags/dss150p_pipeline.py for tasks to queue
[2026-09-23T04:34:50.972+0000] {logging_mixin.py:190} INFO - [2026-09-23T04:34:50.971+0000] {dagbag.py:588} INFO - Filling up the DagBag from /opt/airflow/dags/dss150p_pipeline.py
[2026-09-23T04:34:51.114+0000] {processor.py:925} INFO - DAG(s) 'dss150p_sales_pipeline' retrieved from /opt/airflow/dags/dss150p_pipeline.py
[2026-09-23T04:34:51.270+0000] {logging_mixin.py:190} INFO - [2026-09-23T04:34:51.270+0000] {dag.py:3239} INFO - Sync 1 DAGs
[2026-09-23T04:34:51.353+0000] {logging_mixin.py:190} INFO - [2026-09-23T04:34:51.353+0000] {dag.py:4180} INFO - Setting next_dagrun for dss150p_sales_pipeline to 2026-09-23 02:00:00+00:00, run_after=2026-09-24 02:00:00+00:00
[2026-09-23T04:34:51.385+0000] {processor.py:208} INFO - Processing /opt/airflow/dags/dss150p_pipeline.py took 0.455 seconds
[2026-09-23T04:35:21.520+0000] {processor.py:186} INFO - Started process (PID=1382) to work on /opt/airflow/dags/dss150p_pipeline.py
[2026-09-23T04:35:21.524+0000] {processor.py:914} INFO - Processing file /opt/airflow/dags/dss150p_pipeline.py for tasks to queue
[2026-09-23T04:35:21.534+0000] {logging_mixin.py:190} INFO - [2026-09-23T04:35:21.529+0000] {dagbag.py:588} INFO - Filling up the DagBag from /opt/airflow/dags/dss150p_pipeline.py
[2026-09-23T04:35:21.607+0000] {processor.py:925} INFO - DAG(s) 'dss150p_sales_pipeline' retrieved from /opt/airflow/dags/dss150p_pipeline.py
[2026-09-23T04:35:21.724+0000] {logging_mixin.py:190} INFO - [2026-09-23T04:35:21.723+0000] {dag.py:3239} INFO - Sync 1 DAGs
[2026-09-23T04:35:21.786+0000] {logging_mixin.py:190} INFO - [2026-09-23T04:35:21.785+0000] {dag.py:4180} INFO - Setting next_dagrun for dss150p_sales_pipeline to 2026-09-23 02:00:00+00:00, run_after=2026-09-24 02:00:00+00:00
[2026-09-23T04:35:21.831+0000] {processor.py:208} INFO - Processing /opt/airflow/dags/dss150p_pipeline.py took 0.369 seconds
[2026-09-23T04:35:52.305+0000] {processor.py:186} INFO - Started process (PID=1387) to work on /opt/airflow/dags/dss150p_pipeline.py
[2026-09-23T04:35:52.313+0000] {processor.py:914} INFO - Processing file /opt/airflow/dags/dss150p_pipeline.py for tasks to queue
[2026-09-23T04:35:52.328+0000] {logging_mixin.py:190} INFO - [2026-09-23T04:35:52.327+0000] {dagbag.py:588} INFO - Filling up the DagBag from /opt/airflow/dags/dss150p_pipeline.py
[2026-09-23T04:35:52.413+0000] {processor.py:925} INFO - DAG(s) 'dss150p_sales_pipeline' retrieved from /opt/airflow/dags/dss150p_pipeline.py
[2026-09-23T04:35:52.612+0000] {logging_mixin.py:190} INFO - [2026-09-23T04:35:52.612+0000] {dag.py:3239} INFO - Sync 1 DAGs
[2026-09-23T04:35:52.664+0000] {logging_mixin.py:190} INFO - [2026-09-23T04:35:52.664+0000] {dag.py:4180} INFO - Setting next_dagrun for dss150p_sales_pipeline to 2026-09-23 02:00:00+00:00, run_after=2026-09-24 02:00:00+00:00
[2026-09-23T04:35:52.706+0000] {processor.py:208} INFO - Processing /opt/airflow/dags/dss150p_pipeline.py took 0.436 seconds
[2026-09-23T04:36:23.473+0000] {processor.py:186} INFO - Started process (PID=1392) to work on /opt/airflow/dags/dss150p_pipeline.py
[2026-09-23T04:36:23.476+0000] {processor.py:914} INFO - Processing file /opt/airflow/dags/dss150p_pipeline.py for tasks to queue
[2026-09-23T04:36:23.482+0000] {logging_mixin.py:190} INFO - [2026-09-23T04:36:23.481+0000] {dagbag.py:588} INFO - Filling up the DagBag from /opt/airflow/dags/dss150p_pipeline.py
[2026-09-23T04:36:23.670+0000] {processor.py:925} INFO - DAG(s) 'dss150p_sales_pipeline' retrieved from /opt/airflow/dags/dss150p_pipeline.py
[2026-09-23T04:36:24.024+0000] {logging_mixin.py:190} INFO - [2026-09-23T04:36:24.024+0000] {dag.py:3239} INFO - Sync 1 DAGs
[2026-09-23T04:36:24.193+0000] {logging_mixin.py:190} INFO - [2026-09-23T04:36:24.192+0000] {dag.py:4180} INFO - Setting next_dagrun for dss150p_sales_pipeline to 2026-09-23 02:00:00+00:00, run_after=2026-09-24 02:00:00+00:00
[2026-09-23T04:36:24.272+0000] {processor.py:208} INFO - Processing /opt/airflow/dags/dss150p_pipeline.py took 0.825 seconds
[2026-09-23T04:36:54.512+0000] {processor.py:186} INFO - Started process (PID=1397) to work on /opt/airflow/dags/dss150p_pipeline.py
[2026-09-23T04:36:54.515+0000] {processor.py:914} INFO - Processing file /opt/airflow/dags/dss150p_pipeline.py for tasks to queue
[2026-09-23T04:36:54.522+0000] {logging_mixin.py:190} INFO - [2026-09-23T04:36:54.521+0000] {dagbag.py:588} INFO - Filling up the DagBag from /opt/airflow/dags/dss150p_pipeline.py
[2026-09-23T04:36:54.642+0000] {processor.py:925} INFO - DAG(s) 'dss150p_sales_pipeline' retrieved from /opt/airflow/dags/dss150p_pipeline.py
[2026-09-23T04:36:55.254+0000] {logging_mixin.py:190} INFO - [2026-09-23T04:36:55.254+0000] {dag.py:3239} INFO - Sync 1 DAGs
[2026-09-23T04:36:55.405+0000] {logging_mixin.py:190} INFO - [2026-09-23T04:36:55.405+0000] {dag.py:4180} INFO - Setting next_dagrun for dss150p_sales_pipeline to 2026-09-23 02:00:00+00:00, run_after=2026-09-24 02:00:00+00:00
[2026-09-23T04:36:55.705+0000] {processor.py:208} INFO - Processing /opt/airflow/dags/dss150p_pipeline.py took 1.224 seconds
[2026-09-23T04:37:37.618+0000] {processor.py:186} INFO - Started process (PID=1402) to work on /opt/airflow/dags/dss150p_pipeline.py
[2026-09-23T04:37:38.001+0000] {processor.py:914} INFO - Processing file /opt/airflow/dags/dss150p_pipeline.py for tasks to queue
[2026-09-23T04:37:38.014+0000] {logging_mixin.py:190} INFO - [2026-09-23T04:37:38.013+0000] {dagbag.py:588} INFO - Filling up the DagBag from /opt/airflow/dags/dss150p_pipeline.py
[2026-09-23T04:37:46.986+0000] {processor.py:925} INFO - DAG(s) 'dss150p_sales_pipeline' retrieved from /opt/airflow/dags/dss150p_pipeline.py
[2026-09-23T04:39:05.002+0000] {processor.py:186} INFO - Started process (PID=1405) to work on /opt/airflow/dags/dss150p_pipeline.py
[2026-09-23T04:39:05.013+0000] {processor.py:914} INFO - Processing file /opt/airflow/dags/dss150p_pipeline.py for tasks to queue
[2026-09-23T04:39:05.045+0000] {logging_mixin.py:190} INFO - [2026-09-23T04:39:05.043+0000] {dagbag.py:588} INFO - Filling up the DagBag from /opt/airflow/dags/dss150p_pipeline.py
[2026-09-23T04:39:05.385+0000] {processor.py:925} INFO - DAG(s) 'dss150p_sales_pipeline' retrieved from /opt/airflow/dags/dss150p_pipeline.py
[2026-09-23T04:39:05.513+0000] {logging_mixin.py:190} INFO - [2026-09-23T04:39:05.512+0000] {dag.py:3239} INFO - Sync 1 DAGs
[2026-09-23T04:39:05.580+0000] {logging_mixin.py:190} INFO - [2026-09-23T04:39:05.580+0000] {dag.py:4180} INFO - Setting next_dagrun for dss150p_sales_pipeline to 2026-09-23 02:00:00+00:00, run_after=2026-09-24 02:00:00+00:00
[2026-09-23T04:39:05.644+0000] {processor.py:208} INFO - Processing /opt/airflow/dags/dss150p_pipeline.py took 0.994 seconds
[2026-09-23T04:39:36.214+0000] {processor.py:186} INFO - Started process (PID=1410) to work on /opt/airflow/dags/dss150p_pipeline.py
[2026-09-23T04:39:36.227+0000] {processor.py:914} INFO - Processing file /opt/airflow/dags/dss150p_pipeline.py for tasks to queue
[2026-09-23T04:39:36.237+0000] {logging_mixin.py:190} INFO - [2026-09-23T04:39:36.236+0000] {dagbag.py:588} INFO - Filling up the DagBag from /opt/airflow/dags/dss150p_pipeline.py
[2026-09-23T04:39:36.300+0000] {processor.py:925} INFO - DAG(s) 'dss150p_sales_pipeline' retrieved from /opt/airflow/dags/dss150p_pipeline.py
[2026-09-23T04:39:36.381+0000] {logging_mixin.py:190} INFO - [2026-09-23T04:39:36.381+0000] {dag.py:3239} INFO - Sync 1 DAGs
[2026-09-23T04:39:36.446+0000] {logging_mixin.py:190} INFO - [2026-09-23T04:39:36.446+0000] {dag.py:4180} INFO - Setting next_dagrun for dss150p_sales_pipeline to 2026-09-23 02:00:00+00:00, run_after=2026-09-24 02:00:00+00:00
[2026-09-23T04:39:36.494+0000] {processor.py:208} INFO - Processing /opt/airflow/dags/dss150p_pipeline.py took 0.299 seconds
[2026-09-23T04:40:06.779+0000] {processor.py:186} INFO - Started process (PID=1427) to work on /opt/airflow/dags/dss150p_pipeline.py
[2026-09-23T04:40:06.783+0000] {processor.py:914} INFO - Processing file /opt/airflow/dags/dss150p_pipeline.py for tasks to queue
[2026-09-23T04:40:06.789+0000] {logging_mixin.py:190} INFO - [2026-09-23T04:40:06.788+0000] {dagbag.py:588} INFO - Filling up the DagBag from /opt/airflow/dags/dss150p_pipeline.py
[2026-09-23T04:40:06.859+0000] {processor.py:925} INFO - DAG(s) 'dss150p_sales_pipeline' retrieved from /opt/airflow/dags/dss150p_pipeline.py
[2026-09-23T04:40:06.942+0000] {logging_mixin.py:190} INFO - [2026-09-23T04:40:06.942+0000] {dag.py:3239} INFO - Sync 1 DAGs
[2026-09-23T04:40:06.979+0000] {logging_mixin.py:190} INFO - [2026-09-23T04:40:06.979+0000] {dag.py:4180} INFO - Setting next_dagrun for dss150p_sales_pipeline to 2026-09-23 02:00:00+00:00, run_after=2026-09-24 02:00:00+00:00
[2026-09-23T04:40:07.019+0000] {processor.py:208} INFO - Processing /opt/airflow/dags/dss150p_pipeline.py took 0.256 seconds
[2026-09-23T04:40:37.595+0000] {processor.py:186} INFO - Started process (PID=1444) to work on /opt/airflow/dags/dss150p_pipeline.py
[2026-09-23T04:40:37.600+0000] {processor.py:914} INFO - Processing file /opt/airflow/dags/dss150p_pipeline.py for tasks to queue
[2026-09-23T04:40:37.611+0000] {logging_mixin.py:190} INFO - [2026-09-23T04:40:37.610+0000] {dagbag.py:588} INFO - Filling up the DagBag from /opt/airflow/dags/dss150p_pipeline.py
[2026-09-23T04:40:37.654+0000] {processor.py:925} INFO - DAG(s) 'dss150p_sales_pipeline' retrieved from /opt/airflow/dags/dss150p_pipeline.py
[2026-09-23T04:40:37.831+0000] {logging_mixin.py:190} INFO - [2026-09-23T04:40:37.830+0000] {dag.py:3239} INFO - Sync 1 DAGs
[2026-09-23T04:40:37.906+0000] {logging_mixin.py:190} INFO - [2026-09-23T04:40:37.906+0000] {dag.py:4180} INFO - Setting next_dagrun for dss150p_sales_pipeline to 2026-09-23 02:00:00+00:00, run_after=2026-09-24 02:00:00+00:00
[2026-09-23T04:40:37.956+0000] {processor.py:208} INFO - Processing /opt/airflow/dags/dss150p_pipeline.py took 0.376 seconds
[2026-09-23T04:41:08.622+0000] {processor.py:186} INFO - Started process (PID=1461) to work on /opt/airflow/dags/dss150p_pipeline.py
[2026-09-23T04:41:08.637+0000] {processor.py:914} INFO - Processing file /opt/airflow/dags/dss150p_pipeline.py for tasks to queue
[2026-09-23T04:41:08.647+0000] {logging_mixin.py:190} INFO - [2026-09-23T04:41:08.646+0000] {dagbag.py:588} INFO - Filling up the DagBag from /opt/airflow/dags/dss150p_pipeline.py
[2026-09-23T04:41:08.755+0000] {processor.py:925} INFO - DAG(s) 'dss150p_sales_pipeline' retrieved from /opt/airflow/dags/dss150p_pipeline.py
[2026-09-23T04:41:08.880+0000] {logging_mixin.py:190} INFO - [2026-09-23T04:41:08.880+0000] {dag.py:3239} INFO - Sync 1 DAGs
[2026-09-23T04:41:08.992+0000] {logging_mixin.py:190} INFO - [2026-09-23T04:41:08.992+0000] {dag.py:4180} INFO - Setting next_dagrun for dss150p_sales_pipeline to 2026-09-23 02:00:00+00:00, run_after=2026-09-24 02:00:00+00:00
[2026-09-23T04:41:09.021+0000] {processor.py:208} INFO - Processing /opt/airflow/dags/dss150p_pipeline.py took 0.433 seconds
[2026-09-23T04:41:39.577+0000] {processor.py:186} INFO - Started process (PID=1478) to work on /opt/airflow/dags/dss150p_pipeline.py
[2026-09-23T04:41:39.580+0000] {processor.py:914} INFO - Processing file /opt/airflow/dags/dss150p_pipeline.py for tasks to queue
[2026-09-23T04:41:39.588+0000] {logging_mixin.py:190} INFO - [2026-09-23T04:41:39.588+0000] {dagbag.py:588} INFO - Filling up the DagBag from /opt/airflow/dags/dss150p_pipeline.py
[2026-09-23T04:41:39.639+0000] {processor.py:925} INFO - DAG(s) 'dss150p_sales_pipeline' retrieved from /opt/airflow/dags/dss150p_pipeline.py
[2026-09-23T04:41:40.145+0000] {logging_mixin.py:190} INFO - [2026-09-23T04:41:40.145+0000] {dag.py:3239} INFO - Sync 1 DAGs
[2026-09-23T04:41:40.212+0000] {logging_mixin.py:190} INFO - [2026-09-23T04:41:40.211+0000] {dag.py:4180} INFO - Setting next_dagrun for dss150p_sales_pipeline to 2026-09-23 02:00:00+00:00, run_after=2026-09-24 02:00:00+00:00
[2026-09-23T04:41:40.290+0000] {processor.py:208} INFO - Processing /opt/airflow/dags/dss150p_pipeline.py took 0.735 seconds
[2026-09-23T04:42:10.866+0000] {processor.py:186} INFO - Started process (PID=1483) to work on /opt/airflow/dags/dss150p_pipeline.py
[2026-09-23T04:42:10.868+0000] {processor.py:914} INFO - Processing file /opt/airflow/dags/dss150p_pipeline.py for tasks to queue
[2026-09-23T04:42:10.877+0000] {logging_mixin.py:190} INFO - [2026-09-23T04:42:10.876+0000] {dagbag.py:588} INFO - Filling up the DagBag from /opt/airflow/dags/dss150p_pipeline.py
[2026-09-23T04:42:10.975+0000] {processor.py:925} INFO - DAG(s) 'dss150p_sales_pipeline' retrieved from /opt/airflow/dags/dss150p_pipeline.py
[2026-09-23T04:42:11.072+0000] {logging_mixin.py:190} INFO - [2026-09-23T04:42:11.071+0000] {dag.py:3239} INFO - Sync 1 DAGs
[2026-09-23T04:42:11.113+0000] {logging_mixin.py:190} INFO - [2026-09-23T04:42:11.113+0000] {dag.py:4180} INFO - Setting next_dagrun for dss150p_sales_pipeline to 2026-09-23 02:00:00+00:00, run_after=2026-09-24 02:00:00+00:00
[2026-09-23T04:42:11.141+0000] {processor.py:208} INFO - Processing /opt/airflow/dags/dss150p_pipeline.py took 0.295 seconds
[2026-09-23T04:42:41.918+0000] {processor.py:186} INFO - Started process (PID=1512) to work on /opt/airflow/dags/dss150p_pipeline.py
[2026-09-23T04:42:41.925+0000] {processor.py:914} INFO - Processing file /opt/airflow/dags/dss150p_pipeline.py for tasks to queue
[2026-09-23T04:42:41.942+0000] {logging_mixin.py:190} INFO - [2026-09-23T04:42:41.941+0000] {dagbag.py:588} INFO - Filling up the DagBag from /opt/airflow/dags/dss150p_pipeline.py
[2026-09-23T04:42:42.022+0000] {processor.py:925} INFO - DAG(s) 'dss150p_sales_pipeline' retrieved from /opt/airflow/dags/dss150p_pipeline.py
[2026-09-23T04:42:42.147+0000] {logging_mixin.py:190} INFO - [2026-09-23T04:42:42.147+0000] {dag.py:3239} INFO - Sync 1 DAGs
[2026-09-23T04:42:42.200+0000] {logging_mixin.py:190} INFO - [2026-09-23T04:42:42.200+0000] {dag.py:4180} INFO - Setting next_dagrun for dss150p_sales_pipeline to 2026-09-23 02:00:00+00:00, run_after=2026-09-24 02:00:00+00:00
[2026-09-23T04:42:42.246+0000] {processor.py:208} INFO - Processing /opt/airflow/dags/dss150p_pipeline.py took 0.368 seconds
[2026-09-23T04:43:13.762+0000] {processor.py:186} INFO - Started process (PID=1517) to work on /opt/airflow/dags/dss150p_pipeline.py
[2026-09-23T04:43:13.792+0000] {processor.py:914} INFO - Processing file /opt/airflow/dags/dss150p_pipeline.py for tasks to queue
[2026-09-23T04:43:13.986+0000] {logging_mixin.py:190} INFO - [2026-09-23T04:43:13.984+0000] {dagbag.py:588} INFO - Filling up the DagBag from /opt/airflow/dags/dss150p_pipeline.py
[2026-09-23T04:43:14.134+0000] {processor.py:925} INFO - DAG(s) 'dss150p_sales_pipeline' retrieved from /opt/airflow/dags/dss150p_pipeline.py
[2026-09-23T04:43:14.885+0000] {logging_mixin.py:190} INFO - [2026-09-23T04:43:14.884+0000] {dag.py:3239} INFO - Sync 1 DAGs
[2026-09-23T04:43:15.638+0000] {logging_mixin.py:190} INFO - [2026-09-23T04:43:15.637+0000] {dag.py:4180} INFO - Setting next_dagrun for dss150p_sales_pipeline to 2026-09-23 02:00:00+00:00, run_after=2026-09-24 02:00:00+00:00
[2026-09-23T04:43:15.805+0000] {processor.py:208} INFO - Processing /opt/airflow/dags/dss150p_pipeline.py took 2.624 seconds
[2026-09-23T04:43:37.778+0000] {processor.py:186} INFO - Started process (PID=1522) to work on /opt/airflow/dags/dss150p_pipeline.py
[2026-09-23T04:43:37.781+0000] {processor.py:914} INFO - Processing file /opt/airflow/dags/dss150p_pipeline.py for tasks to queue
[2026-09-23T04:43:37.795+0000] {logging_mixin.py:190} INFO - [2026-09-23T04:43:37.794+0000] {dagbag.py:588} INFO - Filling up the DagBag from /opt/airflow/dags/dss150p_pipeline.py
[2026-09-23T04:43:37.957+0000] {processor.py:925} INFO - DAG(s) 'dss150p_sales_pipeline' retrieved from /opt/airflow/dags/dss150p_pipeline.py
[2026-09-23T04:43:38.125+0000] {logging_mixin.py:190} INFO - [2026-09-23T04:43:38.110+0000] {taskinstance.py:3315} ERROR - {'DAG Id': 'dss150p_sales_pipeline', 'Task Id': 'load', 'Run Id': 'scheduled__2026-09-22T02:00:00+00:00', 'Hostname': 'c76e692badc3'}
[2026-09-23T04:43:38.252+0000] {logging_mixin.py:190} INFO - [2026-09-23T04:43:38.252+0000] {taskinstance.py:1226} INFO - Marking task as UP_FOR_RETRY. dag_id=dss150p_sales_pipeline, task_id=load, run_id=scheduled__2026-09-22T02:00:00+00:00, execution_date=20260922T020000, start_date=20260923T043308, end_date=20260923T044338
[2026-09-23T04:43:38.462+0000] {logging_mixin.py:190} INFO - [2026-09-23T04:43:38.462+0000] {processor.py:876} INFO - Executed callback for <TaskInstance: dss150p_sales_pipeline.load scheduled__2026-09-22T02:00:00+00:00 [up_for_retry]> in state up_for_retry
[2026-09-23T04:43:38.627+0000] {logging_mixin.py:190} INFO - [2026-09-23T04:43:38.624+0000] {dag.py:3239} INFO - Sync 1 DAGs
[2026-09-23T04:43:38.756+0000] {logging_mixin.py:190} INFO - [2026-09-23T04:43:38.756+0000] {dag.py:4180} INFO - Setting next_dagrun for dss150p_sales_pipeline to 2026-09-23 02:00:00+00:00, run_after=2026-09-24 02:00:00+00:00
[2026-09-23T04:43:38.792+0000] {processor.py:208} INFO - Processing /opt/airflow/dags/dss150p_pipeline.py took 1.036 seconds
[2026-09-23T04:44:09.933+0000] {processor.py:186} INFO - Started process (PID=1527) to work on /opt/airflow/dags/dss150p_pipeline.py
[2026-09-23T04:44:09.936+0000] {processor.py:914} INFO - Processing file /opt/airflow/dags/dss150p_pipeline.py for tasks to queue
[2026-09-23T04:44:10.037+0000] {logging_mixin.py:190} INFO - [2026-09-23T04:44:10.036+0000] {dagbag.py:588} INFO - Filling up the DagBag from /opt/airflow/dags/dss150p_pipeline.py
[2026-09-23T04:44:10.217+0000] {processor.py:925} INFO - DAG(s) 'dss150p_sales_pipeline' retrieved from /opt/airflow/dags/dss150p_pipeline.py
[2026-09-23T04:44:10.546+0000] {logging_mixin.py:190} INFO - [2026-09-23T04:44:10.546+0000] {dag.py:3239} INFO - Sync 1 DAGs
[2026-09-23T04:44:10.603+0000] {logging_mixin.py:190} INFO - [2026-09-23T04:44:10.603+0000] {dag.py:4180} INFO - Setting next_dagrun for dss150p_sales_pipeline to 2026-09-23 02:00:00+00:00, run_after=2026-09-24 02:00:00+00:00
[2026-09-23T04:44:10.697+0000] {processor.py:208} INFO - Processing /opt/airflow/dags/dss150p_pipeline.py took 0.848 seconds
[2026-09-23T04:44:41.340+0000] {processor.py:186} INFO - Started process (PID=1535) to work on /opt/airflow/dags/dss150p_pipeline.py
[2026-09-23T04:44:41.342+0000] {processor.py:914} INFO - Processing file /opt/airflow/dags/dss150p_pipeline.py for tasks to queue
[2026-09-23T04:44:41.379+0000] {logging_mixin.py:190} INFO - [2026-09-23T04:44:41.378+0000] {dagbag.py:588} INFO - Filling up the DagBag from /opt/airflow/dags/dss150p_pipeline.py
[2026-09-23T04:44:41.450+0000] {processor.py:925} INFO - DAG(s) 'dss150p_sales_pipeline' retrieved from /opt/airflow/dags/dss150p_pipeline.py
[2026-09-23T04:44:41.599+0000] {logging_mixin.py:190} INFO - [2026-09-23T04:44:41.598+0000] {dag.py:3239} INFO - Sync 1 DAGs
[2026-09-23T04:44:41.673+0000] {logging_mixin.py:190} INFO - [2026-09-23T04:44:41.673+0000] {dag.py:4180} INFO - Setting next_dagrun for dss150p_sales_pipeline to 2026-09-23 02:00:00+00:00, run_after=2026-09-24 02:00:00+00:00
[2026-09-23T04:44:41.737+0000] {processor.py:208} INFO - Processing /opt/airflow/dags/dss150p_pipeline.py took 0.430 seconds
[2026-09-23T04:45:12.448+0000] {processor.py:186} INFO - Started process (PID=1549) to work on /opt/airflow/dags/dss150p_pipeline.py
[2026-09-23T04:45:12.456+0000] {processor.py:914} INFO - Processing file /opt/airflow/dags/dss150p_pipeline.py for tasks to queue
[2026-09-23T04:45:12.482+0000] {logging_mixin.py:190} INFO - [2026-09-23T04:45:12.481+0000] {dagbag.py:588} INFO - Filling up the DagBag from /opt/airflow/dags/dss150p_pipeline.py
[2026-09-23T04:45:12.708+0000] {processor.py:925} INFO - DAG(s) 'dss150p_sales_pipeline' retrieved from /opt/airflow/dags/dss150p_pipeline.py
[2026-09-23T04:45:12.974+0000] {logging_mixin.py:190} INFO - [2026-09-23T04:45:12.974+0000] {dag.py:3239} INFO - Sync 1 DAGs
[2026-09-23T04:45:13.086+0000] {logging_mixin.py:190} INFO - [2026-09-23T04:45:13.085+0000] {dag.py:4180} INFO - Setting next_dagrun for dss150p_sales_pipeline to 2026-09-23 02:00:00+00:00, run_after=2026-09-24 02:00:00+00:00
[2026-09-23T04:45:13.147+0000] {processor.py:208} INFO - Processing /opt/airflow/dags/dss150p_pipeline.py took 0.801 seconds
[2026-09-23T04:45:13.822+0000] {processor.py:186} INFO - Started process (PID=1554) to work on /opt/airflow/dags/dss150p_pipeline.py
[2026-09-23T04:45:13.825+0000] {processor.py:914} INFO - Processing file /opt/airflow/dags/dss150p_pipeline.py for tasks to queue
[2026-09-23T04:45:13.836+0000] {logging_mixin.py:190} INFO - [2026-09-23T04:45:13.835+0000] {dagbag.py:588} INFO - Filling up the DagBag from /opt/airflow/dags/dss150p_pipeline.py
[2026-09-23T04:45:13.941+0000] {processor.py:925} INFO - DAG(s) 'dss150p_sales_pipeline' retrieved from /opt/airflow/dags/dss150p_pipeline.py
[2026-09-23T04:45:14.961+0000] {logging_mixin.py:190} INFO - [2026-09-23T04:45:14.961+0000] {dag.py:3239} INFO - Sync 1 DAGs
[2026-09-23T04:45:14.998+0000] {logging_mixin.py:190} INFO - [2026-09-23T04:45:14.998+0000] {dag.py:4180} INFO - Setting next_dagrun for dss150p_sales_pipeline to 2026-09-23 02:00:00+00:00, run_after=2026-09-24 02:00:00+00:00
[2026-09-23T04:45:15.033+0000] {processor.py:208} INFO - Processing /opt/airflow/dags/dss150p_pipeline.py took 1.229 seconds
[2026-09-23T04:45:45.616+0000] {processor.py:186} INFO - Started process (PID=1559) to work on /opt/airflow/dags/dss150p_pipeline.py
[2026-09-23T04:45:45.622+0000] {processor.py:914} INFO - Processing file /opt/airflow/dags/dss150p_pipeline.py for tasks to queue
[2026-09-23T04:45:45.632+0000] {logging_mixin.py:190} INFO - [2026-09-23T04:45:45.631+0000] {dagbag.py:588} INFO - Filling up the DagBag from /opt/airflow/dags/dss150p_pipeline.py
[2026-09-23T04:45:45.728+0000] {processor.py:925} INFO - DAG(s) 'dss150p_sales_pipeline' retrieved from /opt/airflow/dags/dss150p_pipeline.py
[2026-09-23T04:45:45.928+0000] {logging_mixin.py:190} INFO - [2026-09-23T04:45:45.928+0000] {dag.py:3239} INFO - Sync 1 DAGs
[2026-09-23T04:45:45.998+0000] {logging_mixin.py:190} INFO - [2026-09-23T04:45:45.998+0000] {dag.py:4180} INFO - Setting next_dagrun for dss150p_sales_pipeline to 2026-09-23 02:00:00+00:00, run_after=2026-09-24 02:00:00+00:00
[2026-09-23T04:45:46.033+0000] {processor.py:208} INFO - Processing /opt/airflow/dags/dss150p_pipeline.py took 0.449 seconds
[2026-09-23T04:46:16.957+0000] {processor.py:186} INFO - Started process (PID=1588) to work on /opt/airflow/dags/dss150p_pipeline.py
[2026-09-23T04:46:16.970+0000] {processor.py:914} INFO - Processing file /opt/airflow/dags/dss150p_pipeline.py for tasks to queue
[2026-09-23T04:46:16.977+0000] {logging_mixin.py:190} INFO - [2026-09-23T04:46:16.977+0000] {dagbag.py:588} INFO - Filling up the DagBag from /opt/airflow/dags/dss150p_pipeline.py
[2026-09-23T04:46:17.061+0000] {processor.py:925} INFO - DAG(s) 'dss150p_sales_pipeline' retrieved from /opt/airflow/dags/dss150p_pipeline.py
[2026-09-23T04:46:17.176+0000] {logging_mixin.py:190} INFO - [2026-09-23T04:46:17.176+0000] {dag.py:3239} INFO - Sync 1 DAGs
[2026-09-23T04:46:17.220+0000] {logging_mixin.py:190} INFO - [2026-09-23T04:46:17.220+0000] {dag.py:4180} INFO - Setting next_dagrun for dss150p_sales_pipeline to 2026-09-23 02:00:00+00:00, run_after=2026-09-24 02:00:00+00:00
[2026-09-23T04:46:17.261+0000] {processor.py:208} INFO - Processing /opt/airflow/dags/dss150p_pipeline.py took 0.326 seconds
[2026-09-23T04:46:47.575+0000] {processor.py:186} INFO - Started process (PID=1618) to work on /opt/airflow/dags/dss150p_pipeline.py
[2026-09-23T04:46:47.578+0000] {processor.py:914} INFO - Processing file /opt/airflow/dags/dss150p_pipeline.py for tasks to queue
[2026-09-23T04:46:47.586+0000] {logging_mixin.py:190} INFO - [2026-09-23T04:46:47.585+0000] {dagbag.py:588} INFO - Filling up the DagBag from /opt/airflow/dags/dss150p_pipeline.py
[2026-09-23T04:46:47.654+0000] {processor.py:925} INFO - DAG(s) 'dss150p_sales_pipeline' retrieved from /opt/airflow/dags/dss150p_pipeline.py
[2026-09-23T04:46:47.765+0000] {logging_mixin.py:190} INFO - [2026-09-23T04:46:47.764+0000] {dag.py:3239} INFO - Sync 1 DAGs
[2026-09-23T04:46:47.826+0000] {logging_mixin.py:190} INFO - [2026-09-23T04:46:47.826+0000] {dag.py:4180} INFO - Setting next_dagrun for dss150p_sales_pipeline to 2026-09-23 02:00:00+00:00, run_after=2026-09-24 02:00:00+00:00
[2026-09-23T04:46:47.892+0000] {processor.py:208} INFO - Processing /opt/airflow/dags/dss150p_pipeline.py took 0.334 seconds
[2026-09-23T04:47:18.817+0000] {processor.py:186} INFO - Started process (PID=1629) to work on /opt/airflow/dags/dss150p_pipeline.py
[2026-09-23T04:47:18.843+0000] {processor.py:914} INFO - Processing file /opt/airflow/dags/dss150p_pipeline.py for tasks to queue
[2026-09-23T04:47:18.864+0000] {logging_mixin.py:190} INFO - [2026-09-23T04:47:18.860+0000] {dagbag.py:588} INFO - Filling up the DagBag from /opt/airflow/dags/dss150p_pipeline.py
[2026-09-23T04:47:19.013+0000] {processor.py:925} INFO - DAG(s) 'dss150p_sales_pipeline' retrieved from /opt/airflow/dags/dss150p_pipeline.py
[2026-09-23T04:47:19.141+0000] {logging_mixin.py:190} INFO - [2026-09-23T04:47:19.141+0000] {dag.py:3239} INFO - Sync 1 DAGs
[2026-09-23T04:47:19.208+0000] {logging_mixin.py:190} INFO - [2026-09-23T04:47:19.208+0000] {dag.py:4180} INFO - Setting next_dagrun for dss150p_sales_pipeline to 2026-09-23 02:00:00+00:00, run_after=2026-09-24 02:00:00+00:00
[2026-09-23T04:47:19.263+0000] {processor.py:208} INFO - Processing /opt/airflow/dags/dss150p_pipeline.py took 0.819 seconds
[2026-09-23T04:47:50.150+0000] {processor.py:186} INFO - Started process (PID=1677) to work on /opt/airflow/dags/dss150p_pipeline.py
[2026-09-23T04:47:50.154+0000] {processor.py:914} INFO - Processing file /opt/airflow/dags/dss150p_pipeline.py for tasks to queue
[2026-09-23T04:47:50.193+0000] {logging_mixin.py:190} INFO - [2026-09-23T04:47:50.191+0000] {dagbag.py:588} INFO - Filling up the DagBag from /opt/airflow/dags/dss150p_pipeline.py
[2026-09-23T04:47:50.278+0000] {processor.py:925} INFO - DAG(s) 'dss150p_sales_pipeline' retrieved from /opt/airflow/dags/dss150p_pipeline.py
[2026-09-23T04:47:50.412+0000] {logging_mixin.py:190} INFO - [2026-09-23T04:47:50.412+0000] {dag.py:3239} INFO - Sync 1 DAGs
[2026-09-23T04:47:50.466+0000] {logging_mixin.py:190} INFO - [2026-09-23T04:47:50.465+0000] {dag.py:4180} INFO - Setting next_dagrun for dss150p_sales_pipeline to 2026-09-23 02:00:00+00:00, run_after=2026-09-24 02:00:00+00:00
[2026-09-23T04:47:50.516+0000] {processor.py:208} INFO - Processing /opt/airflow/dags/dss150p_pipeline.py took 0.447 seconds
[2026-09-23T04:48:21.132+0000] {processor.py:186} INFO - Started process (PID=1682) to work on /opt/airflow/dags/dss150p_pipeline.py
[2026-09-23T04:48:21.178+0000] {processor.py:914} INFO - Processing file /opt/airflow/dags/dss150p_pipeline.py for tasks to queue
[2026-09-23T04:48:21.228+0000] {logging_mixin.py:190} INFO - [2026-09-23T04:48:21.227+0000] {dagbag.py:588} INFO - Filling up the DagBag from /opt/airflow/dags/dss150p_pipeline.py
[2026-09-23T04:48:21.363+0000] {processor.py:925} INFO - DAG(s) 'dss150p_sales_pipeline' retrieved from /opt/airflow/dags/dss150p_pipeline.py
[2026-09-23T04:48:21.511+0000] {logging_mixin.py:190} INFO - [2026-09-23T04:48:21.511+0000] {dag.py:3239} INFO - Sync 1 DAGs
[2026-09-23T04:48:21.567+0000] {logging_mixin.py:190} INFO - [2026-09-23T04:48:21.566+0000] {dag.py:4180} INFO - Setting next_dagrun for dss150p_sales_pipeline to 2026-09-23 02:00:00+00:00, run_after=2026-09-24 02:00:00+00:00
[2026-09-23T04:48:21.645+0000] {processor.py:208} INFO - Processing /opt/airflow/dags/dss150p_pipeline.py took 0.563 seconds
[2026-09-23T04:48:52.306+0000] {processor.py:186} INFO - Started process (PID=1736) to work on /opt/airflow/dags/dss150p_pipeline.py
[2026-09-23T04:48:52.309+0000] {processor.py:914} INFO - Processing file /opt/airflow/dags/dss150p_pipeline.py for tasks to queue
[2026-09-23T04:48:52.320+0000] {logging_mixin.py:190} INFO - [2026-09-23T04:48:52.319+0000] {dagbag.py:588} INFO - Filling up the DagBag from /opt/airflow/dags/dss150p_pipeline.py
[2026-09-23T04:48:52.374+0000] {processor.py:925} INFO - DAG(s) 'dss150p_sales_pipeline' retrieved from /opt/airflow/dags/dss150p_pipeline.py
[2026-09-23T04:48:52.577+0000] {logging_mixin.py:190} INFO - [2026-09-23T04:48:52.576+0000] {dag.py:3239} INFO - Sync 1 DAGs
[2026-09-23T04:48:52.639+0000] {logging_mixin.py:190} INFO - [2026-09-23T04:48:52.639+0000] {dag.py:4180} INFO - Setting next_dagrun for dss150p_sales_pipeline to 2026-09-23 02:00:00+00:00, run_after=2026-09-24 02:00:00+00:00
[2026-09-23T04:48:52.704+0000] {processor.py:208} INFO - Processing /opt/airflow/dags/dss150p_pipeline.py took 0.429 seconds
[2026-09-23T04:49:22.855+0000] {processor.py:186} INFO - Started process (PID=1741) to work on /opt/airflow/dags/dss150p_pipeline.py
[2026-09-23T04:49:22.864+0000] {processor.py:914} INFO - Processing file /opt/airflow/dags/dss150p_pipeline.py for tasks to queue
[2026-09-23T04:49:22.876+0000] {logging_mixin.py:190} INFO - [2026-09-23T04:49:22.875+0000] {dagbag.py:588} INFO - Filling up the DagBag from /opt/airflow/dags/dss150p_pipeline.py
[2026-09-23T04:49:22.918+0000] {processor.py:925} INFO - DAG(s) 'dss150p_sales_pipeline' retrieved from /opt/airflow/dags/dss150p_pipeline.py
[2026-09-23T04:49:23.016+0000] {logging_mixin.py:190} INFO - [2026-09-23T04:49:23.016+0000] {dag.py:3239} INFO - Sync 1 DAGs
[2026-09-23T04:49:23.068+0000] {logging_mixin.py:190} INFO - [2026-09-23T04:49:23.068+0000] {dag.py:4180} INFO - Setting next_dagrun for dss150p_sales_pipeline to 2026-09-23 02:00:00+00:00, run_after=2026-09-24 02:00:00+00:00
[2026-09-23T04:49:23.110+0000] {processor.py:208} INFO - Processing /opt/airflow/dags/dss150p_pipeline.py took 0.278 seconds
[2026-09-23T04:49:53.956+0000] {processor.py:186} INFO - Started process (PID=1746) to work on /opt/airflow/dags/dss150p_pipeline.py
[2026-09-23T04:49:53.972+0000] {processor.py:914} INFO - Processing file /opt/airflow/dags/dss150p_pipeline.py for tasks to queue
[2026-09-23T04:49:53.993+0000] {logging_mixin.py:190} INFO - [2026-09-23T04:49:53.991+0000] {dagbag.py:588} INFO - Filling up the DagBag from /opt/airflow/dags/dss150p_pipeline.py
[2026-09-23T04:49:54.107+0000] {processor.py:925} INFO - DAG(s) 'dss150p_sales_pipeline' retrieved from /opt/airflow/dags/dss150p_pipeline.py
[2026-09-23T04:49:54.280+0000] {logging_mixin.py:190} INFO - [2026-09-23T04:49:54.280+0000] {dag.py:3239} INFO - Sync 1 DAGs
[2026-09-23T04:49:54.372+0000] {logging_mixin.py:190} INFO - [2026-09-23T04:49:54.372+0000] {dag.py:4180} INFO - Setting next_dagrun for dss150p_sales_pipeline to 2026-09-23 02:00:00+00:00, run_after=2026-09-24 02:00:00+00:00
[2026-09-23T04:49:54.455+0000] {processor.py:208} INFO - Processing /opt/airflow/dags/dss150p_pipeline.py took 0.541 seconds
[2026-09-23T04:50:24.988+0000] {processor.py:186} INFO - Started process (PID=1751) to work on /opt/airflow/dags/dss150p_pipeline.py
[2026-09-23T04:50:24.991+0000] {processor.py:914} INFO - Processing file /opt/airflow/dags/dss150p_pipeline.py for tasks to queue
[2026-09-23T04:50:25.003+0000] {logging_mixin.py:190} INFO - [2026-09-23T04:50:25.003+0000] {dagbag.py:588} INFO - Filling up the DagBag from /opt/airflow/dags/dss150p_pipeline.py
[2026-09-23T04:50:25.061+0000] {processor.py:925} INFO - DAG(s) 'dss150p_sales_pipeline' retrieved from /opt/airflow/dags/dss150p_pipeline.py
[2026-09-23T04:50:25.162+0000] {logging_mixin.py:190} INFO - [2026-09-23T04:50:25.162+0000] {dag.py:3239} INFO - Sync 1 DAGs
[2026-09-23T04:50:25.208+0000] {logging_mixin.py:190} INFO - [2026-09-23T04:50:25.208+0000] {dag.py:4180} INFO - Setting next_dagrun for dss150p_sales_pipeline to 2026-09-23 02:00:00+00:00, run_after=2026-09-24 02:00:00+00:00
[2026-09-23T04:50:25.238+0000] {processor.py:208} INFO - Processing /opt/airflow/dags/dss150p_pipeline.py took 0.284 seconds
[2026-09-23T04:50:55.929+0000] {processor.py:186} INFO - Started process (PID=1756) to work on /opt/airflow/dags/dss150p_pipeline.py
[2026-09-23T04:50:55.935+0000] {processor.py:914} INFO - Processing file /opt/airflow/dags/dss150p_pipeline.py for tasks to queue
[2026-09-23T04:50:56.014+0000] {logging_mixin.py:190} INFO - [2026-09-23T04:50:55.977+0000] {dagbag.py:588} INFO - Filling up the DagBag from /opt/airflow/dags/dss150p_pipeline.py
[2026-09-23T04:50:56.513+0000] {processor.py:925} INFO - DAG(s) 'dss150p_sales_pipeline' retrieved from /opt/airflow/dags/dss150p_pipeline.py
[2026-09-23T04:50:57.010+0000] {logging_mixin.py:190} INFO - [2026-09-23T04:50:57.010+0000] {dag.py:3239} INFO - Sync 1 DAGs
[2026-09-23T04:50:57.229+0000] {logging_mixin.py:190} INFO - [2026-09-23T04:50:57.228+0000] {dag.py:4180} INFO - Setting next_dagrun for dss150p_sales_pipeline to 2026-09-23 02:00:00+00:00, run_after=2026-09-24 02:00:00+00:00
[2026-09-23T04:50:57.322+0000] {processor.py:208} INFO - Processing /opt/airflow/dags/dss150p_pipeline.py took 1.475 seconds
[2026-09-23T04:51:28.148+0000] {processor.py:186} INFO - Started process (PID=1761) to work on /opt/airflow/dags/dss150p_pipeline.py
[2026-09-23T04:51:28.157+0000] {processor.py:914} INFO - Processing file /opt/airflow/dags/dss150p_pipeline.py for tasks to queue
[2026-09-23T04:51:28.181+0000] {logging_mixin.py:190} INFO - [2026-09-23T04:51:28.179+0000] {dagbag.py:588} INFO - Filling up the DagBag from /opt/airflow/dags/dss150p_pipeline.py
[2026-09-23T04:51:28.311+0000] {processor.py:925} INFO - DAG(s) 'dss150p_sales_pipeline' retrieved from /opt/airflow/dags/dss150p_pipeline.py
[2026-09-23T04:51:28.434+0000] {logging_mixin.py:190} INFO - [2026-09-23T04:51:28.434+0000] {dag.py:3239} INFO - Sync 1 DAGs
[2026-09-23T04:51:28.610+0000] {logging_mixin.py:190} INFO - [2026-09-23T04:51:28.605+0000] {dag.py:4180} INFO - Setting next_dagrun for dss150p_sales_pipeline to 2026-09-23 02:00:00+00:00, run_after=2026-09-24 02:00:00+00:00
[2026-09-23T04:51:28.783+0000] {processor.py:208} INFO - Processing /opt/airflow/dags/dss150p_pipeline.py took 0.677 seconds
[2026-09-23T04:51:59.241+0000] {processor.py:186} INFO - Started process (PID=1778) to work on /opt/airflow/dags/dss150p_pipeline.py
[2026-09-23T04:51:59.249+0000] {processor.py:914} INFO - Processing file /opt/airflow/dags/dss150p_pipeline.py for tasks to queue
[2026-09-23T04:51:59.264+0000] {logging_mixin.py:190} INFO - [2026-09-23T04:51:59.263+0000] {dagbag.py:588} INFO - Filling up the DagBag from /opt/airflow/dags/dss150p_pipeline.py
[2026-09-23T04:51:59.421+0000] {processor.py:925} INFO - DAG(s) 'dss150p_sales_pipeline' retrieved from /opt/airflow/dags/dss150p_pipeline.py
[2026-09-23T04:51:59.548+0000] {logging_mixin.py:190} INFO - [2026-09-23T04:51:59.547+0000] {dag.py:3239} INFO - Sync 1 DAGs
[2026-09-23T04:51:59.593+0000] {logging_mixin.py:190} INFO - [2026-09-23T04:51:59.593+0000] {dag.py:4180} INFO - Setting next_dagrun for dss150p_sales_pipeline to 2026-09-23 02:00:00+00:00, run_after=2026-09-24 02:00:00+00:00
[2026-09-23T04:51:59.642+0000] {processor.py:208} INFO - Processing /opt/airflow/dags/dss150p_pipeline.py took 0.448 seconds
[2026-09-23T04:52:29.950+0000] {processor.py:186} INFO - Started process (PID=1783) to work on /opt/airflow/dags/dss150p_pipeline.py
[2026-09-23T04:52:29.955+0000] {processor.py:914} INFO - Processing file /opt/airflow/dags/dss150p_pipeline.py for tasks to queue
[2026-09-23T04:52:29.972+0000] {logging_mixin.py:190} INFO - [2026-09-23T04:52:29.971+0000] {dagbag.py:588} INFO - Filling up the DagBag from /opt/airflow/dags/dss150p_pipeline.py
[2026-09-23T04:52:30.057+0000] {processor.py:925} INFO - DAG(s) 'dss150p_sales_pipeline' retrieved from /opt/airflow/dags/dss150p_pipeline.py
[2026-09-23T04:52:30.205+0000] {logging_mixin.py:190} INFO - [2026-09-23T04:52:30.205+0000] {dag.py:3239} INFO - Sync 1 DAGs
[2026-09-23T04:52:30.291+0000] {logging_mixin.py:190} INFO - [2026-09-23T04:52:30.291+0000] {dag.py:4180} INFO - Setting next_dagrun for dss150p_sales_pipeline to 2026-09-23 02:00:00+00:00, run_after=2026-09-24 02:00:00+00:00
[2026-09-23T04:52:30.349+0000] {processor.py:208} INFO - Processing /opt/airflow/dags/dss150p_pipeline.py took 0.453 seconds
[2026-09-23T04:53:01.166+0000] {processor.py:186} INFO - Started process (PID=1800) to work on /opt/airflow/dags/dss150p_pipeline.py
[2026-09-23T04:53:01.171+0000] {processor.py:914} INFO - Processing file /opt/airflow/dags/dss150p_pipeline.py for tasks to queue
[2026-09-23T04:53:01.193+0000] {logging_mixin.py:190} INFO - [2026-09-23T04:53:01.192+0000] {dagbag.py:588} INFO - Filling up the DagBag from /opt/airflow/dags/dss150p_pipeline.py
[2026-09-23T04:53:01.302+0000] {processor.py:925} INFO - DAG(s) 'dss150p_sales_pipeline' retrieved from /opt/airflow/dags/dss150p_pipeline.py
[2026-09-23T04:53:01.388+0000] {logging_mixin.py:190} INFO - [2026-09-23T04:53:01.388+0000] {dag.py:3239} INFO - Sync 1 DAGs
[2026-09-23T04:53:01.448+0000] {logging_mixin.py:190} INFO - [2026-09-23T04:53:01.448+0000] {dag.py:4180} INFO - Setting next_dagrun for dss150p_sales_pipeline to 2026-09-23 02:00:00+00:00, run_after=2026-09-24 02:00:00+00:00
[2026-09-23T04:53:01.491+0000] {processor.py:208} INFO - Processing /opt/airflow/dags/dss150p_pipeline.py took 0.376 seconds
[2026-09-23T04:53:31.819+0000] {processor.py:186} INFO - Started process (PID=1805) to work on /opt/airflow/dags/dss150p_pipeline.py
[2026-09-23T04:53:31.821+0000] {processor.py:914} INFO - Processing file /opt/airflow/dags/dss150p_pipeline.py for tasks to queue
[2026-09-23T04:53:31.838+0000] {logging_mixin.py:190} INFO - [2026-09-23T04:53:31.837+0000] {dagbag.py:588} INFO - Filling up the DagBag from /opt/airflow/dags/dss150p_pipeline.py
[2026-09-23T04:53:31.961+0000] {processor.py:925} INFO - DAG(s) 'dss150p_sales_pipeline' retrieved from /opt/airflow/dags/dss150p_pipeline.py
[2026-09-23T04:53:32.087+0000] {logging_mixin.py:190} INFO - [2026-09-23T04:53:32.087+0000] {dag.py:3239} INFO - Sync 1 DAGs
[2026-09-23T04:53:32.190+0000] {logging_mixin.py:190} INFO - [2026-09-23T04:53:32.190+0000] {dag.py:4180} INFO - Setting next_dagrun for dss150p_sales_pipeline to 2026-09-23 02:00:00+00:00, run_after=2026-09-24 02:00:00+00:00
[2026-09-23T04:53:32.225+0000] {processor.py:208} INFO - Processing /opt/airflow/dags/dss150p_pipeline.py took 0.456 seconds
[2026-09-23T04:54:02.755+0000] {processor.py:186} INFO - Started process (PID=1822) to work on /opt/airflow/dags/dss150p_pipeline.py
[2026-09-23T04:54:02.764+0000] {processor.py:914} INFO - Processing file /opt/airflow/dags/dss150p_pipeline.py for tasks to queue
[2026-09-23T04:54:02.779+0000] {logging_mixin.py:190} INFO - [2026-09-23T04:54:02.777+0000] {dagbag.py:588} INFO - Filling up the DagBag from /opt/airflow/dags/dss150p_pipeline.py
[2026-09-23T04:54:02.882+0000] {processor.py:925} INFO - DAG(s) 'dss150p_sales_pipeline' retrieved from /opt/airflow/dags/dss150p_pipeline.py
[2026-09-23T04:54:03.071+0000] {logging_mixin.py:190} INFO - [2026-09-23T04:54:03.071+0000] {dag.py:3239} INFO - Sync 1 DAGs
[2026-09-23T04:54:03.145+0000] {logging_mixin.py:190} INFO - [2026-09-23T04:54:03.145+0000] {dag.py:4180} INFO - Setting next_dagrun for dss150p_sales_pipeline to 2026-09-23 02:00:00+00:00, run_after=2026-09-24 02:00:00+00:00
[2026-09-23T04:54:03.215+0000] {processor.py:208} INFO - Processing /opt/airflow/dags/dss150p_pipeline.py took 0.494 seconds
[2026-09-23T04:54:33.817+0000] {processor.py:186} INFO - Started process (PID=1827) to work on /opt/airflow/dags/dss150p_pipeline.py
[2026-09-23T04:54:33.821+0000] {processor.py:914} INFO - Processing file /opt/airflow/dags/dss150p_pipeline.py for tasks to queue
[2026-09-23T04:54:33.832+0000] {logging_mixin.py:190} INFO - [2026-09-23T04:54:33.831+0000] {dagbag.py:588} INFO - Filling up the DagBag from /opt/airflow/dags/dss150p_pipeline.py
[2026-09-23T04:54:33.956+0000] {processor.py:925} INFO - DAG(s) 'dss150p_sales_pipeline' retrieved from /opt/airflow/dags/dss150p_pipeline.py
[2026-09-23T04:54:34.140+0000] {logging_mixin.py:190} INFO - [2026-09-23T04:54:34.139+0000] {dag.py:3239} INFO - Sync 1 DAGs
[2026-09-23T04:54:34.196+0000] {logging_mixin.py:190} INFO - [2026-09-23T04:54:34.195+0000] {dag.py:4180} INFO - Setting next_dagrun for dss150p_sales_pipeline to 2026-09-23 02:00:00+00:00, run_after=2026-09-24 02:00:00+00:00
[2026-09-23T04:54:34.231+0000] {processor.py:208} INFO - Processing /opt/airflow/dags/dss150p_pipeline.py took 0.489 seconds
[2026-09-23T04:55:04.665+0000] {processor.py:186} INFO - Started process (PID=1832) to work on /opt/airflow/dags/dss150p_pipeline.py
[2026-09-23T04:55:04.668+0000] {processor.py:914} INFO - Processing file /opt/airflow/dags/dss150p_pipeline.py for tasks to queue
[2026-09-23T04:55:04.679+0000] {logging_mixin.py:190} INFO - [2026-09-23T04:55:04.678+0000] {dagbag.py:588} INFO - Filling up the DagBag from /opt/airflow/dags/dss150p_pipeline.py
[2026-09-23T04:55:04.776+0000] {processor.py:925} INFO - DAG(s) 'dss150p_sales_pipeline' retrieved from /opt/airflow/dags/dss150p_pipeline.py
[2026-09-23T04:55:04.945+0000] {logging_mixin.py:190} INFO - [2026-09-23T04:55:04.945+0000] {dag.py:3239} INFO - Sync 1 DAGs
[2026-09-23T04:55:05.190+0000] {logging_mixin.py:190} INFO - [2026-09-23T04:55:05.189+0000] {dag.py:4180} INFO - Setting next_dagrun for dss150p_sales_pipeline to 2026-09-23 02:00:00+00:00, run_after=2026-09-24 02:00:00+00:00
[2026-09-23T04:55:05.264+0000] {processor.py:208} INFO - Processing /opt/airflow/dags/dss150p_pipeline.py took 0.638 seconds
[2026-09-23T04:55:36.164+0000] {processor.py:186} INFO - Started process (PID=1850) to work on /opt/airflow/dags/dss150p_pipeline.py
[2026-09-23T04:55:36.175+0000] {processor.py:914} INFO - Processing file /opt/airflow/dags/dss150p_pipeline.py for tasks to queue
[2026-09-23T04:55:36.207+0000] {logging_mixin.py:190} INFO - [2026-09-23T04:55:36.202+0000] {dagbag.py:588} INFO - Filling up the DagBag from /opt/airflow/dags/dss150p_pipeline.py
[2026-09-23T04:55:36.263+0000] {processor.py:925} INFO - DAG(s) 'dss150p_sales_pipeline' retrieved from /opt/airflow/dags/dss150p_pipeline.py
[2026-09-23T04:55:36.379+0000] {logging_mixin.py:190} INFO - [2026-09-23T04:55:36.379+0000] {dag.py:3239} INFO - Sync 1 DAGs
[2026-09-23T04:55:36.442+0000] {logging_mixin.py:190} INFO - [2026-09-23T04:55:36.442+0000] {dag.py:4180} INFO - Setting next_dagrun for dss150p_sales_pipeline to 2026-09-23 02:00:00+00:00, run_after=2026-09-24 02:00:00+00:00
[2026-09-23T04:55:36.485+0000] {processor.py:208} INFO - Processing /opt/airflow/dags/dss150p_pipeline.py took 0.360 seconds
[2026-09-23T04:56:07.314+0000] {processor.py:186} INFO - Started process (PID=1878) to work on /opt/airflow/dags/dss150p_pipeline.py
[2026-09-23T04:56:07.319+0000] {processor.py:914} INFO - Processing file /opt/airflow/dags/dss150p_pipeline.py for tasks to queue
[2026-09-23T04:56:07.344+0000] {logging_mixin.py:190} INFO - [2026-09-23T04:56:07.340+0000] {dagbag.py:588} INFO - Filling up the DagBag from /opt/airflow/dags/dss150p_pipeline.py
[2026-09-23T04:56:07.516+0000] {processor.py:925} INFO - DAG(s) 'dss150p_sales_pipeline' retrieved from /opt/airflow/dags/dss150p_pipeline.py
[2026-09-23T04:56:07.708+0000] {logging_mixin.py:190} INFO - [2026-09-23T04:56:07.708+0000] {dag.py:3239} INFO - Sync 1 DAGs
[2026-09-23T04:56:07.842+0000] {logging_mixin.py:190} INFO - [2026-09-23T04:56:07.842+0000] {dag.py:4180} INFO - Setting next_dagrun for dss150p_sales_pipeline to 2026-09-23 02:00:00+00:00, run_after=2026-09-24 02:00:00+00:00
[2026-09-23T04:56:07.919+0000] {processor.py:208} INFO - Processing /opt/airflow/dags/dss150p_pipeline.py took 0.669 seconds
[2026-09-23T04:56:38.818+0000] {processor.py:186} INFO - Started process (PID=1883) to work on /opt/airflow/dags/dss150p_pipeline.py
[2026-09-23T04:56:38.877+0000] {processor.py:914} INFO - Processing file /opt/airflow/dags/dss150p_pipeline.py for tasks to queue
[2026-09-23T04:56:38.934+0000] {logging_mixin.py:190} INFO - [2026-09-23T04:56:38.930+0000] {dagbag.py:588} INFO - Filling up the DagBag from /opt/airflow/dags/dss150p_pipeline.py
[2026-09-23T04:56:39.662+0000] {processor.py:925} INFO - DAG(s) 'dss150p_sales_pipeline' retrieved from /opt/airflow/dags/dss150p_pipeline.py
[2026-09-23T04:56:40.923+0000] {logging_mixin.py:190} INFO - [2026-09-23T04:56:40.915+0000] {dag.py:3239} INFO - Sync 1 DAGs
[2026-09-23T04:56:41.151+0000] {logging_mixin.py:190} INFO - [2026-09-23T04:56:41.148+0000] {dag.py:4180} INFO - Setting next_dagrun for dss150p_sales_pipeline to 2026-09-23 02:00:00+00:00, run_after=2026-09-24 02:00:00+00:00
[2026-09-23T04:56:41.492+0000] {processor.py:208} INFO - Processing /opt/airflow/dags/dss150p_pipeline.py took 2.796 seconds
[2026-09-23T04:57:14.920+0000] {processor.py:186} INFO - Started process (PID=1900) to work on /opt/airflow/dags/dss150p_pipeline.py
[2026-09-23T04:57:14.928+0000] {processor.py:914} INFO - Processing file /opt/airflow/dags/dss150p_pipeline.py for tasks to queue
[2026-09-23T04:57:14.949+0000] {logging_mixin.py:190} INFO - [2026-09-23T04:57:14.948+0000] {dagbag.py:588} INFO - Filling up the DagBag from /opt/airflow/dags/dss150p_pipeline.py
[2026-09-23T04:57:15.408+0000] {processor.py:925} INFO - DAG(s) 'dss150p_sales_pipeline' retrieved from /opt/airflow/dags/dss150p_pipeline.py
[2026-09-23T04:57:15.787+0000] {logging_mixin.py:190} INFO - [2026-09-23T04:57:15.786+0000] {dag.py:3239} INFO - Sync 1 DAGs
[2026-09-23T04:57:15.830+0000] {logging_mixin.py:190} INFO - [2026-09-23T04:57:15.830+0000] {dag.py:4180} INFO - Setting next_dagrun for dss150p_sales_pipeline to 2026-09-23 02:00:00+00:00, run_after=2026-09-24 02:00:00+00:00
[2026-09-23T04:57:16.051+0000] {processor.py:208} INFO - Processing /opt/airflow/dags/dss150p_pipeline.py took 1.242 seconds
[2026-09-23T04:57:46.529+0000] {processor.py:186} INFO - Started process (PID=1905) to work on /opt/airflow/dags/dss150p_pipeline.py
[2026-09-23T04:57:46.534+0000] {processor.py:914} INFO - Processing file /opt/airflow/dags/dss150p_pipeline.py for tasks to queue
[2026-09-23T04:57:46.544+0000] {logging_mixin.py:190} INFO - [2026-09-23T04:57:46.543+0000] {dagbag.py:588} INFO - Filling up the DagBag from /opt/airflow/dags/dss150p_pipeline.py
[2026-09-23T04:57:46.621+0000] {processor.py:925} INFO - DAG(s) 'dss150p_sales_pipeline' retrieved from /opt/airflow/dags/dss150p_pipeline.py
[2026-09-23T04:57:46.774+0000] {logging_mixin.py:190} INFO - [2026-09-23T04:57:46.773+0000] {dag.py:3239} INFO - Sync 1 DAGs
[2026-09-23T04:57:46.840+0000] {logging_mixin.py:190} INFO - [2026-09-23T04:57:46.839+0000] {dag.py:4180} INFO - Setting next_dagrun for dss150p_sales_pipeline to 2026-09-23 02:00:00+00:00, run_after=2026-09-24 02:00:00+00:00
[2026-09-23T04:57:46.879+0000] {processor.py:208} INFO - Processing /opt/airflow/dags/dss150p_pipeline.py took 0.384 seconds
[2026-09-23T04:58:17.153+0000] {processor.py:186} INFO - Started process (PID=1911) to work on /opt/airflow/dags/dss150p_pipeline.py
[2026-09-23T04:58:17.157+0000] {processor.py:914} INFO - Processing file /opt/airflow/dags/dss150p_pipeline.py for tasks to queue
[2026-09-23T04:58:17.180+0000] {logging_mixin.py:190} INFO - [2026-09-23T04:58:17.179+0000] {dagbag.py:588} INFO - Filling up the DagBag from /opt/airflow/dags/dss150p_pipeline.py
[2026-09-23T04:58:17.269+0000] {processor.py:925} INFO - DAG(s) 'dss150p_sales_pipeline' retrieved from /opt/airflow/dags/dss150p_pipeline.py
[2026-09-23T04:58:17.421+0000] {logging_mixin.py:190} INFO - [2026-09-23T04:58:17.417+0000] {dag.py:3239} INFO - Sync 1 DAGs
[2026-09-23T04:58:17.499+0000] {logging_mixin.py:190} INFO - [2026-09-23T04:58:17.499+0000] {dag.py:4180} INFO - Setting next_dagrun for dss150p_sales_pipeline to 2026-09-23 02:00:00+00:00, run_after=2026-09-24 02:00:00+00:00
[2026-09-23T04:58:17.535+0000] {processor.py:208} INFO - Processing /opt/airflow/dags/dss150p_pipeline.py took 0.427 seconds
[2026-09-23T04:58:47.858+0000] {processor.py:186} INFO - Started process (PID=1927) to work on /opt/airflow/dags/dss150p_pipeline.py
[2026-09-23T04:58:47.861+0000] {processor.py:914} INFO - Processing file /opt/airflow/dags/dss150p_pipeline.py for tasks to queue
[2026-09-23T04:58:47.868+0000] {logging_mixin.py:190} INFO - [2026-09-23T04:58:47.867+0000] {dagbag.py:588} INFO - Filling up the DagBag from /opt/airflow/dags/dss150p_pipeline.py
[2026-09-23T04:58:47.904+0000] {processor.py:925} INFO - DAG(s) 'dss150p_sales_pipeline' retrieved from /opt/airflow/dags/dss150p_pipeline.py
[2026-09-23T04:58:47.976+0000] {logging_mixin.py:190} INFO - [2026-09-23T04:58:47.976+0000] {dag.py:3239} INFO - Sync 1 DAGs
[2026-09-23T04:58:48.013+0000] {logging_mixin.py:190} INFO - [2026-09-23T04:58:48.013+0000] {dag.py:4180} INFO - Setting next_dagrun for dss150p_sales_pipeline to 2026-09-23 02:00:00+00:00, run_after=2026-09-24 02:00:00+00:00
[2026-09-23T04:58:48.050+0000] {processor.py:208} INFO - Processing /opt/airflow/dags/dss150p_pipeline.py took 0.208 seconds
[2026-09-23T04:59:18.520+0000] {processor.py:186} INFO - Started process (PID=1932) to work on /opt/airflow/dags/dss150p_pipeline.py
[2026-09-23T04:59:18.524+0000] {processor.py:914} INFO - Processing file /opt/airflow/dags/dss150p_pipeline.py for tasks to queue
[2026-09-23T04:59:18.534+0000] {logging_mixin.py:190} INFO - [2026-09-23T04:59:18.533+0000] {dagbag.py:588} INFO - Filling up the DagBag from /opt/airflow/dags/dss150p_pipeline.py
[2026-09-23T04:59:18.600+0000] {processor.py:925} INFO - DAG(s) 'dss150p_sales_pipeline' retrieved from /opt/airflow/dags/dss150p_pipeline.py
[2026-09-23T04:59:18.689+0000] {logging_mixin.py:190} INFO - [2026-09-23T04:59:18.688+0000] {dag.py:3239} INFO - Sync 1 DAGs
[2026-09-23T04:59:18.757+0000] {logging_mixin.py:190} INFO - [2026-09-23T04:59:18.754+0000] {dag.py:4180} INFO - Setting next_dagrun for dss150p_sales_pipeline to 2026-09-23 02:00:00+00:00, run_after=2026-09-24 02:00:00+00:00
[2026-09-23T04:59:18.809+0000] {processor.py:208} INFO - Processing /opt/airflow/dags/dss150p_pipeline.py took 0.307 seconds
[2026-09-23T04:59:49.173+0000] {processor.py:186} INFO - Started process (PID=1937) to work on /opt/airflow/dags/dss150p_pipeline.py
[2026-09-23T04:59:49.176+0000] {processor.py:914} INFO - Processing file /opt/airflow/dags/dss150p_pipeline.py for tasks to queue
[2026-09-23T04:59:49.182+0000] {logging_mixin.py:190} INFO - [2026-09-23T04:59:49.181+0000] {dagbag.py:588} INFO - Filling up the DagBag from /opt/airflow/dags/dss150p_pipeline.py
[2026-09-23T04:59:49.212+0000] {processor.py:925} INFO - DAG(s) 'dss150p_sales_pipeline' retrieved from /opt/airflow/dags/dss150p_pipeline.py
[2026-09-23T04:59:49.274+0000] {logging_mixin.py:190} INFO - [2026-09-23T04:59:49.274+0000] {dag.py:3239} INFO - Sync 1 DAGs
[2026-09-23T04:59:49.311+0000] {logging_mixin.py:190} INFO - [2026-09-23T04:59:49.310+0000] {dag.py:4180} INFO - Setting next_dagrun for dss150p_sales_pipeline to 2026-09-23 02:00:00+00:00, run_after=2026-09-24 02:00:00+00:00
[2026-09-23T04:59:49.353+0000] {processor.py:208} INFO - Processing /opt/airflow/dags/dss150p_pipeline.py took 0.199 seconds
[2026-09-23T05:00:19.614+0000] {processor.py:186} INFO - Started process (PID=1942) to work on /opt/airflow/dags/dss150p_pipeline.py
[2026-09-23T05:00:19.618+0000] {processor.py:914} INFO - Processing file /opt/airflow/dags/dss150p_pipeline.py for tasks to queue
[2026-09-23T05:00:19.627+0000] {logging_mixin.py:190} INFO - [2026-09-23T05:00:19.626+0000] {dagbag.py:588} INFO - Filling up the DagBag from /opt/airflow/dags/dss150p_pipeline.py
[2026-09-23T05:00:19.692+0000] {processor.py:925} INFO - DAG(s) 'dss150p_sales_pipeline' retrieved from /opt/airflow/dags/dss150p_pipeline.py
[2026-09-23T05:00:19.791+0000] {logging_mixin.py:190} INFO - [2026-09-23T05:00:19.790+0000] {dag.py:3239} INFO - Sync 1 DAGs
[2026-09-23T05:00:19.837+0000] {logging_mixin.py:190} INFO - [2026-09-23T05:00:19.836+0000] {dag.py:4180} INFO - Setting next_dagrun for dss150p_sales_pipeline to 2026-09-23 02:00:00+00:00, run_after=2026-09-24 02:00:00+00:00
[2026-09-23T05:00:19.892+0000] {processor.py:208} INFO - Processing /opt/airflow/dags/dss150p_pipeline.py took 0.316 seconds
[2026-09-23T05:00:50.288+0000] {processor.py:186} INFO - Started process (PID=1947) to work on /opt/airflow/dags/dss150p_pipeline.py
[2026-09-23T05:00:50.291+0000] {processor.py:914} INFO - Processing file /opt/airflow/dags/dss150p_pipeline.py for tasks to queue
[2026-09-23T05:00:50.303+0000] {logging_mixin.py:190} INFO - [2026-09-23T05:00:50.301+0000] {dagbag.py:588} INFO - Filling up the DagBag from /opt/airflow/dags/dss150p_pipeline.py
[2026-09-23T05:00:50.355+0000] {processor.py:925} INFO - DAG(s) 'dss150p_sales_pipeline' retrieved from /opt/airflow/dags/dss150p_pipeline.py
[2026-09-23T05:00:50.462+0000] {logging_mixin.py:190} INFO - [2026-09-23T05:00:50.461+0000] {dag.py:3239} INFO - Sync 1 DAGs
[2026-09-23T05:00:50.528+0000] {logging_mixin.py:190} INFO - [2026-09-23T05:00:50.528+0000] {dag.py:4180} INFO - Setting next_dagrun for dss150p_sales_pipeline to 2026-09-23 02:00:00+00:00, run_after=2026-09-24 02:00:00+00:00
[2026-09-23T05:00:50.564+0000] {processor.py:208} INFO - Processing /opt/airflow/dags/dss150p_pipeline.py took 0.295 seconds
[2026-09-23T05:01:20.627+0000] {processor.py:186} INFO - Started process (PID=1952) to work on /opt/airflow/dags/dss150p_pipeline.py
[2026-09-23T05:01:20.629+0000] {processor.py:914} INFO - Processing file /opt/airflow/dags/dss150p_pipeline.py for tasks to queue
[2026-09-23T05:01:20.634+0000] {logging_mixin.py:190} INFO - [2026-09-23T05:01:20.633+0000] {dagbag.py:588} INFO - Filling up the DagBag from /opt/airflow/dags/dss150p_pipeline.py
[2026-09-23T05:01:20.659+0000] {processor.py:925} INFO - DAG(s) 'dss150p_sales_pipeline' retrieved from /opt/airflow/dags/dss150p_pipeline.py
[2026-09-23T05:01:20.713+0000] {logging_mixin.py:190} INFO - [2026-09-23T05:01:20.713+0000] {dag.py:3239} INFO - Sync 1 DAGs
[2026-09-23T05:01:20.743+0000] {logging_mixin.py:190} INFO - [2026-09-23T05:01:20.742+0000] {dag.py:4180} INFO - Setting next_dagrun for dss150p_sales_pipeline to 2026-09-23 02:00:00+00:00, run_after=2026-09-24 02:00:00+00:00
[2026-09-23T05:01:20.775+0000] {processor.py:208} INFO - Processing /opt/airflow/dags/dss150p_pipeline.py took 0.163 seconds
[2026-09-23T05:01:50.940+0000] {processor.py:186} INFO - Started process (PID=1957) to work on /opt/airflow/dags/dss150p_pipeline.py
[2026-09-23T05:01:50.943+0000] {processor.py:914} INFO - Processing file /opt/airflow/dags/dss150p_pipeline.py for tasks to queue
[2026-09-23T05:01:50.950+0000] {logging_mixin.py:190} INFO - [2026-09-23T05:01:50.949+0000] {dagbag.py:588} INFO - Filling up the DagBag from /opt/airflow/dags/dss150p_pipeline.py
[2026-09-23T05:01:50.985+0000] {processor.py:925} INFO - DAG(s) 'dss150p_sales_pipeline' retrieved from /opt/airflow/dags/dss150p_pipeline.py
[2026-09-23T05:01:51.063+0000] {logging_mixin.py:190} INFO - [2026-09-23T05:01:51.063+0000] {dag.py:3239} INFO - Sync 1 DAGs
[2026-09-23T05:01:51.114+0000] {logging_mixin.py:190} INFO - [2026-09-23T05:01:51.114+0000] {dag.py:4180} INFO - Setting next_dagrun for dss150p_sales_pipeline to 2026-09-23 02:00:00+00:00, run_after=2026-09-24 02:00:00+00:00
[2026-09-23T05:01:51.144+0000] {processor.py:208} INFO - Processing /opt/airflow/dags/dss150p_pipeline.py took 0.224 seconds
[2026-09-23T05:02:21.658+0000] {processor.py:186} INFO - Started process (PID=1962) to work on /opt/airflow/dags/dss150p_pipeline.py
[2026-09-23T05:02:21.661+0000] {processor.py:914} INFO - Processing file /opt/airflow/dags/dss150p_pipeline.py for tasks to queue
[2026-09-23T05:02:21.682+0000] {logging_mixin.py:190} INFO - [2026-09-23T05:02:21.681+0000] {dagbag.py:588} INFO - Filling up the DagBag from /opt/airflow/dags/dss150p_pipeline.py
[2026-09-23T05:02:21.741+0000] {processor.py:925} INFO - DAG(s) 'dss150p_sales_pipeline' retrieved from /opt/airflow/dags/dss150p_pipeline.py
[2026-09-23T05:02:21.840+0000] {logging_mixin.py:190} INFO - [2026-09-23T05:02:21.840+0000] {dag.py:3239} INFO - Sync 1 DAGs
[2026-09-23T05:02:21.884+0000] {logging_mixin.py:190} INFO - [2026-09-23T05:02:21.884+0000] {dag.py:4180} INFO - Setting next_dagrun for dss150p_sales_pipeline to 2026-09-23 02:00:00+00:00, run_after=2026-09-24 02:00:00+00:00
[2026-09-23T05:02:21.921+0000] {processor.py:208} INFO - Processing /opt/airflow/dags/dss150p_pipeline.py took 0.288 seconds
[2026-09-23T05:02:52.095+0000] {processor.py:186} INFO - Started process (PID=1967) to work on /opt/airflow/dags/dss150p_pipeline.py
[2026-09-23T05:02:52.101+0000] {processor.py:914} INFO - Processing file /opt/airflow/dags/dss150p_pipeline.py for tasks to queue
[2026-09-23T05:02:52.114+0000] {logging_mixin.py:190} INFO - [2026-09-23T05:02:52.113+0000] {dagbag.py:588} INFO - Filling up the DagBag from /opt/airflow/dags/dss150p_pipeline.py
[2026-09-23T05:02:52.196+0000] {processor.py:925} INFO - DAG(s) 'dss150p_sales_pipeline' retrieved from /opt/airflow/dags/dss150p_pipeline.py
[2026-09-23T05:02:52.321+0000] {logging_mixin.py:190} INFO - [2026-09-23T05:02:52.320+0000] {dag.py:3239} INFO - Sync 1 DAGs
[2026-09-23T05:02:52.373+0000] {logging_mixin.py:190} INFO - [2026-09-23T05:02:52.372+0000] {dag.py:4180} INFO - Setting next_dagrun for dss150p_sales_pipeline to 2026-09-23 02:00:00+00:00, run_after=2026-09-24 02:00:00+00:00
[2026-09-23T05:02:52.422+0000] {processor.py:208} INFO - Processing /opt/airflow/dags/dss150p_pipeline.py took 0.355 seconds
[2026-09-23T05:03:22.747+0000] {processor.py:186} INFO - Started process (PID=1972) to work on /opt/airflow/dags/dss150p_pipeline.py
[2026-09-23T05:03:22.756+0000] {processor.py:914} INFO - Processing file /opt/airflow/dags/dss150p_pipeline.py for tasks to queue
[2026-09-23T05:03:22.763+0000] {logging_mixin.py:190} INFO - [2026-09-23T05:03:22.762+0000] {dagbag.py:588} INFO - Filling up the DagBag from /opt/airflow/dags/dss150p_pipeline.py
[2026-09-23T05:03:22.815+0000] {processor.py:925} INFO - DAG(s) 'dss150p_sales_pipeline' retrieved from /opt/airflow/dags/dss150p_pipeline.py
[2026-09-23T05:03:22.929+0000] {logging_mixin.py:190} INFO - [2026-09-23T05:03:22.929+0000] {dag.py:3239} INFO - Sync 1 DAGs
[2026-09-23T05:03:22.995+0000] {logging_mixin.py:190} INFO - [2026-09-23T05:03:22.995+0000] {dag.py:4180} INFO - Setting next_dagrun for dss150p_sales_pipeline to 2026-09-23 02:00:00+00:00, run_after=2026-09-24 02:00:00+00:00
[2026-09-23T05:03:23.030+0000] {processor.py:208} INFO - Processing /opt/airflow/dags/dss150p_pipeline.py took 0.308 seconds
[2026-09-23T05:03:53.151+0000] {processor.py:186} INFO - Started process (PID=1977) to work on /opt/airflow/dags/dss150p_pipeline.py
[2026-09-23T05:03:53.154+0000] {processor.py:914} INFO - Processing file /opt/airflow/dags/dss150p_pipeline.py for tasks to queue
[2026-09-23T05:03:53.165+0000] {logging_mixin.py:190} INFO - [2026-09-23T05:03:53.164+0000] {dagbag.py:588} INFO - Filling up the DagBag from /opt/airflow/dags/dss150p_pipeline.py
[2026-09-23T05:03:53.227+0000] {processor.py:925} INFO - DAG(s) 'dss150p_sales_pipeline' retrieved from /opt/airflow/dags/dss150p_pipeline.py
[2026-09-23T05:03:53.428+0000] {logging_mixin.py:190} INFO - [2026-09-23T05:03:53.428+0000] {dag.py:3239} INFO - Sync 1 DAGs
[2026-09-23T05:03:53.480+0000] {logging_mixin.py:190} INFO - [2026-09-23T05:03:53.479+0000] {dag.py:4180} INFO - Setting next_dagrun for dss150p_sales_pipeline to 2026-09-23 02:00:00+00:00, run_after=2026-09-24 02:00:00+00:00
[2026-09-23T05:03:53.530+0000] {processor.py:208} INFO - Processing /opt/airflow/dags/dss150p_pipeline.py took 0.411 seconds
[2026-09-23T05:04:23.839+0000] {processor.py:186} INFO - Started process (PID=1994) to work on /opt/airflow/dags/dss150p_pipeline.py
[2026-09-23T05:04:23.842+0000] {processor.py:914} INFO - Processing file /opt/airflow/dags/dss150p_pipeline.py for tasks to queue
[2026-09-23T05:04:23.853+0000] {logging_mixin.py:190} INFO - [2026-09-23T05:04:23.851+0000] {dagbag.py:588} INFO - Filling up the DagBag from /opt/airflow/dags/dss150p_pipeline.py
[2026-09-23T05:04:23.909+0000] {processor.py:925} INFO - DAG(s) 'dss150p_sales_pipeline' retrieved from /opt/airflow/dags/dss150p_pipeline.py
[2026-09-23T05:04:23.987+0000] {logging_mixin.py:190} INFO - [2026-09-23T05:04:23.986+0000] {dag.py:3239} INFO - Sync 1 DAGs
[2026-09-23T05:04:24.035+0000] {logging_mixin.py:190} INFO - [2026-09-23T05:04:24.035+0000] {dag.py:4180} INFO - Setting next_dagrun for dss150p_sales_pipeline to 2026-09-23 02:00:00+00:00, run_after=2026-09-24 02:00:00+00:00
[2026-09-23T05:04:24.081+0000] {processor.py:208} INFO - Processing /opt/airflow/dags/dss150p_pipeline.py took 0.272 seconds
[2026-09-23T05:04:54.308+0000] {processor.py:186} INFO - Started process (PID=1999) to work on /opt/airflow/dags/dss150p_pipeline.py
[2026-09-23T05:04:54.311+0000] {processor.py:914} INFO - Processing file /opt/airflow/dags/dss150p_pipeline.py for tasks to queue
[2026-09-23T05:04:54.317+0000] {logging_mixin.py:190} INFO - [2026-09-23T05:04:54.316+0000] {dagbag.py:588} INFO - Filling up the DagBag from /opt/airflow/dags/dss150p_pipeline.py
[2026-09-23T05:04:54.359+0000] {processor.py:925} INFO - DAG(s) 'dss150p_sales_pipeline' retrieved from /opt/airflow/dags/dss150p_pipeline.py
[2026-09-23T05:04:54.429+0000] {logging_mixin.py:190} INFO - [2026-09-23T05:04:54.429+0000] {dag.py:3239} INFO - Sync 1 DAGs
[2026-09-23T05:04:54.469+0000] {logging_mixin.py:190} INFO - [2026-09-23T05:04:54.469+0000] {dag.py:4180} INFO - Setting next_dagrun for dss150p_sales_pipeline to 2026-09-23 02:00:00+00:00, run_after=2026-09-24 02:00:00+00:00
[2026-09-23T05:04:54.504+0000] {processor.py:208} INFO - Processing /opt/airflow/dags/dss150p_pipeline.py took 0.210 seconds
[2026-09-23T05:05:24.827+0000] {processor.py:186} INFO - Started process (PID=2016) to work on /opt/airflow/dags/dss150p_pipeline.py
[2026-09-23T05:05:24.831+0000] {processor.py:914} INFO - Processing file /opt/airflow/dags/dss150p_pipeline.py for tasks to queue
[2026-09-23T05:05:24.837+0000] {logging_mixin.py:190} INFO - [2026-09-23T05:05:24.836+0000] {dagbag.py:588} INFO - Filling up the DagBag from /opt/airflow/dags/dss150p_pipeline.py
[2026-09-23T05:05:24.883+0000] {processor.py:925} INFO - DAG(s) 'dss150p_sales_pipeline' retrieved from /opt/airflow/dags/dss150p_pipeline.py
[2026-09-23T05:05:24.940+0000] {logging_mixin.py:190} INFO - [2026-09-23T05:05:24.939+0000] {dag.py:3239} INFO - Sync 1 DAGs
[2026-09-23T05:05:24.996+0000] {logging_mixin.py:190} INFO - [2026-09-23T05:05:24.995+0000] {dag.py:4180} INFO - Setting next_dagrun for dss150p_sales_pipeline to 2026-09-23 02:00:00+00:00, run_after=2026-09-24 02:00:00+00:00
[2026-09-23T05:05:25.041+0000] {processor.py:208} INFO - Processing /opt/airflow/dags/dss150p_pipeline.py took 0.228 seconds
[2026-09-23T05:05:55.357+0000] {processor.py:186} INFO - Started process (PID=2021) to work on /opt/airflow/dags/dss150p_pipeline.py
[2026-09-23T05:05:55.363+0000] {processor.py:914} INFO - Processing file /opt/airflow/dags/dss150p_pipeline.py for tasks to queue
[2026-09-23T05:05:55.406+0000] {logging_mixin.py:190} INFO - [2026-09-23T05:05:55.404+0000] {dagbag.py:588} INFO - Filling up the DagBag from /opt/airflow/dags/dss150p_pipeline.py
[2026-09-23T05:05:55.516+0000] {processor.py:925} INFO - DAG(s) 'dss150p_sales_pipeline' retrieved from /opt/airflow/dags/dss150p_pipeline.py
[2026-09-23T05:05:55.904+0000] {logging_mixin.py:190} INFO - [2026-09-23T05:05:55.903+0000] {dag.py:3239} INFO - Sync 1 DAGs
[2026-09-23T05:05:56.104+0000] {logging_mixin.py:190} INFO - [2026-09-23T05:05:56.104+0000] {dag.py:4180} INFO - Setting next_dagrun for dss150p_sales_pipeline to 2026-09-23 02:00:00+00:00, run_after=2026-09-24 02:00:00+00:00
[2026-09-23T05:05:56.232+0000] {processor.py:208} INFO - Processing /opt/airflow/dags/dss150p_pipeline.py took 0.977 seconds
[2026-09-23T05:06:26.760+0000] {processor.py:186} INFO - Started process (PID=2026) to work on /opt/airflow/dags/dss150p_pipeline.py
[2026-09-23T05:06:26.767+0000] {processor.py:914} INFO - Processing file /opt/airflow/dags/dss150p_pipeline.py for tasks to queue
[2026-09-23T05:06:26.780+0000] {logging_mixin.py:190} INFO - [2026-09-23T05:06:26.779+0000] {dagbag.py:588} INFO - Filling up the DagBag from /opt/airflow/dags/dss150p_pipeline.py
[2026-09-23T05:06:26.883+0000] {processor.py:925} INFO - DAG(s) 'dss150p_sales_pipeline' retrieved from /opt/airflow/dags/dss150p_pipeline.py
[2026-09-23T05:06:26.972+0000] {logging_mixin.py:190} INFO - [2026-09-23T05:06:26.972+0000] {dag.py:3239} INFO - Sync 1 DAGs
[2026-09-23T05:06:27.026+0000] {logging_mixin.py:190} INFO - [2026-09-23T05:06:27.025+0000] {dag.py:4180} INFO - Setting next_dagrun for dss150p_sales_pipeline to 2026-09-23 02:00:00+00:00, run_after=2026-09-24 02:00:00+00:00
[2026-09-23T05:06:27.109+0000] {processor.py:208} INFO - Processing /opt/airflow/dags/dss150p_pipeline.py took 0.407 seconds
[2026-09-23T05:06:57.592+0000] {processor.py:186} INFO - Started process (PID=2031) to work on /opt/airflow/dags/dss150p_pipeline.py
[2026-09-23T05:06:57.597+0000] {processor.py:914} INFO - Processing file /opt/airflow/dags/dss150p_pipeline.py for tasks to queue
[2026-09-23T05:06:57.621+0000] {logging_mixin.py:190} INFO - [2026-09-23T05:06:57.614+0000] {dagbag.py:588} INFO - Filling up the DagBag from /opt/airflow/dags/dss150p_pipeline.py
[2026-09-23T05:06:57.758+0000] {processor.py:925} INFO - DAG(s) 'dss150p_sales_pipeline' retrieved from /opt/airflow/dags/dss150p_pipeline.py
[2026-09-23T05:06:57.867+0000] {logging_mixin.py:190} INFO - [2026-09-23T05:06:57.866+0000] {dag.py:3239} INFO - Sync 1 DAGs
[2026-09-23T05:06:57.931+0000] {logging_mixin.py:190} INFO - [2026-09-23T05:06:57.931+0000] {dag.py:4180} INFO - Setting next_dagrun for dss150p_sales_pipeline to 2026-09-23 02:00:00+00:00, run_after=2026-09-24 02:00:00+00:00
[2026-09-23T05:06:57.970+0000] {processor.py:208} INFO - Processing /opt/airflow/dags/dss150p_pipeline.py took 0.423 seconds
[2026-09-23T05:07:28.311+0000] {processor.py:186} INFO - Started process (PID=2036) to work on /opt/airflow/dags/dss150p_pipeline.py
[2026-09-23T05:07:28.314+0000] {processor.py:914} INFO - Processing file /opt/airflow/dags/dss150p_pipeline.py for tasks to queue
[2026-09-23T05:07:28.325+0000] {logging_mixin.py:190} INFO - [2026-09-23T05:07:28.324+0000] {dagbag.py:588} INFO - Filling up the DagBag from /opt/airflow/dags/dss150p_pipeline.py
[2026-09-23T05:07:28.392+0000] {processor.py:925} INFO - DAG(s) 'dss150p_sales_pipeline' retrieved from /opt/airflow/dags/dss150p_pipeline.py
[2026-09-23T05:07:28.489+0000] {logging_mixin.py:190} INFO - [2026-09-23T05:07:28.488+0000] {dag.py:3239} INFO - Sync 1 DAGs
[2026-09-23T05:07:28.530+0000] {logging_mixin.py:190} INFO - [2026-09-23T05:07:28.530+0000] {dag.py:4180} INFO - Setting next_dagrun for dss150p_sales_pipeline to 2026-09-23 02:00:00+00:00, run_after=2026-09-24 02:00:00+00:00
[2026-09-23T05:07:28.572+0000] {processor.py:208} INFO - Processing /opt/airflow/dags/dss150p_pipeline.py took 0.295 seconds
[2026-09-23T05:07:58.823+0000] {processor.py:186} INFO - Started process (PID=2041) to work on /opt/airflow/dags/dss150p_pipeline.py
[2026-09-23T05:07:58.826+0000] {processor.py:914} INFO - Processing file /opt/airflow/dags/dss150p_pipeline.py for tasks to queue
[2026-09-23T05:07:58.837+0000] {logging_mixin.py:190} INFO - [2026-09-23T05:07:58.831+0000] {dagbag.py:588} INFO - Filling up the DagBag from /opt/airflow/dags/dss150p_pipeline.py
[2026-09-23T05:07:58.926+0000] {processor.py:925} INFO - DAG(s) 'dss150p_sales_pipeline' retrieved from /opt/airflow/dags/dss150p_pipeline.py
[2026-09-23T05:07:59.060+0000] {logging_mixin.py:190} INFO - [2026-09-23T05:07:59.059+0000] {dag.py:3239} INFO - Sync 1 DAGs
[2026-09-23T05:07:59.089+0000] {logging_mixin.py:190} INFO - [2026-09-23T05:07:59.089+0000] {dag.py:4180} INFO - Setting next_dagrun for dss150p_sales_pipeline to 2026-09-23 02:00:00+00:00, run_after=2026-09-24 02:00:00+00:00
[2026-09-23T05:07:59.122+0000] {processor.py:208} INFO - Processing /opt/airflow/dags/dss150p_pipeline.py took 0.329 seconds
[2026-09-23T05:08:29.533+0000] {processor.py:186} INFO - Started process (PID=2046) to work on /opt/airflow/dags/dss150p_pipeline.py
[2026-09-23T05:08:29.536+0000] {processor.py:914} INFO - Processing file /opt/airflow/dags/dss150p_pipeline.py for tasks to queue
[2026-09-23T05:08:29.542+0000] {logging_mixin.py:190} INFO - [2026-09-23T05:08:29.541+0000] {dagbag.py:588} INFO - Filling up the DagBag from /opt/airflow/dags/dss150p_pipeline.py
[2026-09-23T05:08:29.626+0000] {processor.py:925} INFO - DAG(s) 'dss150p_sales_pipeline' retrieved from /opt/airflow/dags/dss150p_pipeline.py
[2026-09-23T05:08:29.865+0000] {logging_mixin.py:190} INFO - [2026-09-23T05:08:29.864+0000] {dag.py:3239} INFO - Sync 1 DAGs
[2026-09-23T05:08:29.939+0000] {logging_mixin.py:190} INFO - [2026-09-23T05:08:29.939+0000] {dag.py:4180} INFO - Setting next_dagrun for dss150p_sales_pipeline to 2026-09-23 02:00:00+00:00, run_after=2026-09-24 02:00:00+00:00
[2026-09-23T05:08:29.993+0000] {processor.py:208} INFO - Processing /opt/airflow/dags/dss150p_pipeline.py took 0.510 seconds
[2026-09-23T05:09:01.193+0000] {processor.py:186} INFO - Started process (PID=2051) to work on /opt/airflow/dags/dss150p_pipeline.py
[2026-09-23T05:09:01.198+0000] {processor.py:914} INFO - Processing file /opt/airflow/dags/dss150p_pipeline.py for tasks to queue
[2026-09-23T05:09:01.211+0000] {logging_mixin.py:190} INFO - [2026-09-23T05:09:01.209+0000] {dagbag.py:588} INFO - Filling up the DagBag from /opt/airflow/dags/dss150p_pipeline.py
[2026-09-23T05:09:01.799+0000] {processor.py:925} INFO - DAG(s) 'dss150p_sales_pipeline' retrieved from /opt/airflow/dags/dss150p_pipeline.py
[2026-09-23T05:09:15.983+0000] {logging_mixin.py:190} INFO - [2026-09-23T05:09:15.982+0000] {dag.py:3239} INFO - Sync 1 DAGs
[2026-09-23T05:09:21.778+0000] {logging_mixin.py:190} INFO - [2026-09-23T05:09:21.778+0000] {dag.py:4180} INFO - Setting next_dagrun for dss150p_sales_pipeline to 2026-09-23 02:00:00+00:00, run_after=2026-09-24 02:00:00+00:00
[2026-09-23T05:09:31.007+0000] {processor.py:208} INFO - Processing /opt/airflow/dags/dss150p_pipeline.py took 29.848 seconds
[2026-09-23T05:10:02.930+0000] {processor.py:186} INFO - Started process (PID=2056) to work on /opt/airflow/dags/dss150p_pipeline.py
[2026-09-23T05:10:02.932+0000] {processor.py:914} INFO - Processing file /opt/airflow/dags/dss150p_pipeline.py for tasks to queue
[2026-09-23T05:10:02.949+0000] {logging_mixin.py:190} INFO - [2026-09-23T05:10:02.945+0000] {dagbag.py:588} INFO - Filling up the DagBag from /opt/airflow/dags/dss150p_pipeline.py
[2026-09-23T05:10:03.177+0000] {processor.py:925} INFO - DAG(s) 'dss150p_sales_pipeline' retrieved from /opt/airflow/dags/dss150p_pipeline.py
[2026-09-23T05:10:03.420+0000] {logging_mixin.py:190} INFO - [2026-09-23T05:10:03.420+0000] {dag.py:3239} INFO - Sync 1 DAGs
[2026-09-23T05:10:03.531+0000] {logging_mixin.py:190} INFO - [2026-09-23T05:10:03.531+0000] {dag.py:4180} INFO - Setting next_dagrun for dss150p_sales_pipeline to 2026-09-23 02:00:00+00:00, run_after=2026-09-24 02:00:00+00:00
[2026-09-23T05:10:03.614+0000] {processor.py:208} INFO - Processing /opt/airflow/dags/dss150p_pipeline.py took 0.768 seconds
[2026-09-23T05:10:34.148+0000] {processor.py:186} INFO - Started process (PID=2061) to work on /opt/airflow/dags/dss150p_pipeline.py
[2026-09-23T05:10:34.150+0000] {processor.py:914} INFO - Processing file /opt/airflow/dags/dss150p_pipeline.py for tasks to queue
[2026-09-23T05:10:34.159+0000] {logging_mixin.py:190} INFO - [2026-09-23T05:10:34.158+0000] {dagbag.py:588} INFO - Filling up the DagBag from /opt/airflow/dags/dss150p_pipeline.py
[2026-09-23T05:10:34.207+0000] {processor.py:925} INFO - DAG(s) 'dss150p_sales_pipeline' retrieved from /opt/airflow/dags/dss150p_pipeline.py
[2026-09-23T05:10:34.307+0000] {logging_mixin.py:190} INFO - [2026-09-23T05:10:34.306+0000] {dag.py:3239} INFO - Sync 1 DAGs
[2026-09-23T05:10:34.364+0000] {logging_mixin.py:190} INFO - [2026-09-23T05:10:34.364+0000] {dag.py:4180} INFO - Setting next_dagrun for dss150p_sales_pipeline to 2026-09-23 02:00:00+00:00, run_after=2026-09-24 02:00:00+00:00
[2026-09-23T05:10:34.389+0000] {processor.py:208} INFO - Processing /opt/airflow/dags/dss150p_pipeline.py took 0.281 seconds
[2026-09-23T05:11:04.554+0000] {processor.py:186} INFO - Started process (PID=2066) to work on /opt/airflow/dags/dss150p_pipeline.py
[2026-09-23T05:11:04.557+0000] {processor.py:914} INFO - Processing file /opt/airflow/dags/dss150p_pipeline.py for tasks to queue
[2026-09-23T05:11:04.572+0000] {logging_mixin.py:190} INFO - [2026-09-23T05:11:04.570+0000] {dagbag.py:588} INFO - Filling up the DagBag from /opt/airflow/dags/dss150p_pipeline.py
[2026-09-23T05:11:04.665+0000] {processor.py:925} INFO - DAG(s) 'dss150p_sales_pipeline' retrieved from /opt/airflow/dags/dss150p_pipeline.py
[2026-09-23T05:11:04.791+0000] {logging_mixin.py:190} INFO - [2026-09-23T05:11:04.791+0000] {dag.py:3239} INFO - Sync 1 DAGs
[2026-09-23T05:11:04.865+0000] {logging_mixin.py:190} INFO - [2026-09-23T05:11:04.865+0000] {dag.py:4180} INFO - Setting next_dagrun for dss150p_sales_pipeline to 2026-09-23 02:00:00+00:00, run_after=2026-09-24 02:00:00+00:00
[2026-09-23T05:11:04.923+0000] {processor.py:208} INFO - Processing /opt/airflow/dags/dss150p_pipeline.py took 0.421 seconds
[2026-09-23T05:11:35.131+0000] {processor.py:186} INFO - Started process (PID=2071) to work on /opt/airflow/dags/dss150p_pipeline.py
[2026-09-23T05:11:35.132+0000] {processor.py:914} INFO - Processing file /opt/airflow/dags/dss150p_pipeline.py for tasks to queue
[2026-09-23T05:11:35.139+0000] {logging_mixin.py:190} INFO - [2026-09-23T05:11:35.138+0000] {dagbag.py:588} INFO - Filling up the DagBag from /opt/airflow/dags/dss150p_pipeline.py
[2026-09-23T05:11:35.173+0000] {processor.py:925} INFO - DAG(s) 'dss150p_sales_pipeline' retrieved from /opt/airflow/dags/dss150p_pipeline.py
[2026-09-23T05:11:35.243+0000] {logging_mixin.py:190} INFO - [2026-09-23T05:11:35.243+0000] {dag.py:3239} INFO - Sync 1 DAGs
[2026-09-23T05:11:35.286+0000] {logging_mixin.py:190} INFO - [2026-09-23T05:11:35.285+0000] {dag.py:4180} INFO - Setting next_dagrun for dss150p_sales_pipeline to 2026-09-23 02:00:00+00:00, run_after=2026-09-24 02:00:00+00:00
[2026-09-23T05:11:35.341+0000] {processor.py:208} INFO - Processing /opt/airflow/dags/dss150p_pipeline.py took 0.225 seconds
[2026-09-23T05:12:05.681+0000] {processor.py:186} INFO - Started process (PID=2076) to work on /opt/airflow/dags/dss150p_pipeline.py
[2026-09-23T05:12:05.683+0000] {processor.py:914} INFO - Processing file /opt/airflow/dags/dss150p_pipeline.py for tasks to queue
[2026-09-23T05:12:05.689+0000] {logging_mixin.py:190} INFO - [2026-09-23T05:12:05.688+0000] {dagbag.py:588} INFO - Filling up the DagBag from /opt/airflow/dags/dss150p_pipeline.py
[2026-09-23T05:12:05.722+0000] {processor.py:925} INFO - DAG(s) 'dss150p_sales_pipeline' retrieved from /opt/airflow/dags/dss150p_pipeline.py
[2026-09-23T05:12:05.791+0000] {logging_mixin.py:190} INFO - [2026-09-23T05:12:05.791+0000] {dag.py:3239} INFO - Sync 1 DAGs
[2026-09-23T05:12:05.834+0000] {logging_mixin.py:190} INFO - [2026-09-23T05:12:05.834+0000] {dag.py:4180} INFO - Setting next_dagrun for dss150p_sales_pipeline to 2026-09-23 02:00:00+00:00, run_after=2026-09-24 02:00:00+00:00
[2026-09-23T05:12:05.860+0000] {processor.py:208} INFO - Processing /opt/airflow/dags/dss150p_pipeline.py took 0.190 seconds
[2026-09-23T05:12:36.047+0000] {processor.py:186} INFO - Started process (PID=2081) to work on /opt/airflow/dags/dss150p_pipeline.py
[2026-09-23T05:12:36.049+0000] {processor.py:914} INFO - Processing file /opt/airflow/dags/dss150p_pipeline.py for tasks to queue
[2026-09-23T05:12:36.058+0000] {logging_mixin.py:190} INFO - [2026-09-23T05:12:36.057+0000] {dagbag.py:588} INFO - Filling up the DagBag from /opt/airflow/dags/dss150p_pipeline.py
[2026-09-23T05:12:36.114+0000] {processor.py:925} INFO - DAG(s) 'dss150p_sales_pipeline' retrieved from /opt/airflow/dags/dss150p_pipeline.py
[2026-09-23T05:12:36.306+0000] {logging_mixin.py:190} INFO - [2026-09-23T05:12:36.305+0000] {dag.py:3239} INFO - Sync 1 DAGs
[2026-09-23T05:12:36.377+0000] {logging_mixin.py:190} INFO - [2026-09-23T05:12:36.377+0000] {dag.py:4180} INFO - Setting next_dagrun for dss150p_sales_pipeline to 2026-09-23 02:00:00+00:00, run_after=2026-09-24 02:00:00+00:00
[2026-09-23T05:12:36.433+0000] {processor.py:208} INFO - Processing /opt/airflow/dags/dss150p_pipeline.py took 0.402 seconds
[2026-09-23T05:13:06.809+0000] {processor.py:186} INFO - Started process (PID=2086) to work on /opt/airflow/dags/dss150p_pipeline.py
[2026-09-23T05:13:06.812+0000] {processor.py:914} INFO - Processing file /opt/airflow/dags/dss150p_pipeline.py for tasks to queue
[2026-09-23T05:13:06.818+0000] {logging_mixin.py:190} INFO - [2026-09-23T05:13:06.817+0000] {dagbag.py:588} INFO - Filling up the DagBag from /opt/airflow/dags/dss150p_pipeline.py
[2026-09-23T05:13:06.909+0000] {processor.py:925} INFO - DAG(s) 'dss150p_sales_pipeline' retrieved from /opt/airflow/dags/dss150p_pipeline.py
[2026-09-23T05:13:06.993+0000] {logging_mixin.py:190} INFO - [2026-09-23T05:13:06.993+0000] {dag.py:3239} INFO - Sync 1 DAGs
[2026-09-23T05:13:07.041+0000] {logging_mixin.py:190} INFO - [2026-09-23T05:13:07.040+0000] {dag.py:4180} INFO - Setting next_dagrun for dss150p_sales_pipeline to 2026-09-23 02:00:00+00:00, run_after=2026-09-24 02:00:00+00:00
[2026-09-23T05:13:07.075+0000] {processor.py:208} INFO - Processing /opt/airflow/dags/dss150p_pipeline.py took 0.287 seconds
[2026-09-23T05:13:37.277+0000] {processor.py:186} INFO - Started process (PID=2091) to work on /opt/airflow/dags/dss150p_pipeline.py
[2026-09-23T05:13:37.278+0000] {processor.py:914} INFO - Processing file /opt/airflow/dags/dss150p_pipeline.py for tasks to queue
[2026-09-23T05:13:37.283+0000] {logging_mixin.py:190} INFO - [2026-09-23T05:13:37.283+0000] {dagbag.py:588} INFO - Filling up the DagBag from /opt/airflow/dags/dss150p_pipeline.py
[2026-09-23T05:13:37.310+0000] {processor.py:925} INFO - DAG(s) 'dss150p_sales_pipeline' retrieved from /opt/airflow/dags/dss150p_pipeline.py
[2026-09-23T05:13:37.391+0000] {logging_mixin.py:190} INFO - [2026-09-23T05:13:37.391+0000] {dag.py:3239} INFO - Sync 1 DAGs
[2026-09-23T05:13:37.426+0000] {logging_mixin.py:190} INFO - [2026-09-23T05:13:37.425+0000] {dag.py:4180} INFO - Setting next_dagrun for dss150p_sales_pipeline to 2026-09-23 02:00:00+00:00, run_after=2026-09-24 02:00:00+00:00
[2026-09-23T05:13:37.464+0000] {processor.py:208} INFO - Processing /opt/airflow/dags/dss150p_pipeline.py took 0.199 seconds
[2026-09-23T05:14:07.791+0000] {processor.py:186} INFO - Started process (PID=2096) to work on /opt/airflow/dags/dss150p_pipeline.py
[2026-09-23T05:14:07.795+0000] {processor.py:914} INFO - Processing file /opt/airflow/dags/dss150p_pipeline.py for tasks to queue
[2026-09-23T05:14:07.806+0000] {logging_mixin.py:190} INFO - [2026-09-23T05:14:07.804+0000] {dagbag.py:588} INFO - Filling up the DagBag from /opt/airflow/dags/dss150p_pipeline.py
[2026-09-23T05:14:07.877+0000] {processor.py:925} INFO - DAG(s) 'dss150p_sales_pipeline' retrieved from /opt/airflow/dags/dss150p_pipeline.py
[2026-09-23T05:14:08.051+0000] {logging_mixin.py:190} INFO - [2026-09-23T05:14:08.051+0000] {dag.py:3239} INFO - Sync 1 DAGs
[2026-09-23T05:14:08.122+0000] {logging_mixin.py:190} INFO - [2026-09-23T05:14:08.121+0000] {dag.py:4180} INFO - Setting next_dagrun for dss150p_sales_pipeline to 2026-09-23 02:00:00+00:00, run_after=2026-09-24 02:00:00+00:00
[2026-09-23T05:14:08.207+0000] {processor.py:208} INFO - Processing /opt/airflow/dags/dss150p_pipeline.py took 0.467 seconds
[2026-09-23T05:14:13.953+0000] {processor.py:186} INFO - Started process (PID=2101) to work on /opt/airflow/dags/dss150p_pipeline.py
[2026-09-23T05:14:13.958+0000] {processor.py:914} INFO - Processing file /opt/airflow/dags/dss150p_pipeline.py for tasks to queue
[2026-09-23T05:14:13.965+0000] {logging_mixin.py:190} INFO - [2026-09-23T05:14:13.964+0000] {dagbag.py:588} INFO - Filling up the DagBag from /opt/airflow/dags/dss150p_pipeline.py
[2026-09-23T05:14:14.014+0000] {processor.py:925} INFO - DAG(s) 'dss150p_sales_pipeline' retrieved from /opt/airflow/dags/dss150p_pipeline.py
[2026-09-23T05:14:14.115+0000] {logging_mixin.py:190} INFO - [2026-09-23T05:14:14.113+0000] {taskinstance.py:3315} ERROR - {'DAG Id': 'dss150p_sales_pipeline', 'Task Id': 'load', 'Run Id': 'manual__2026-09-23T04:55:16+00:00', 'Hostname': 'c76e692badc3'}
[2026-09-23T05:14:14.195+0000] {logging_mixin.py:190} INFO - [2026-09-23T05:14:14.195+0000] {taskinstance.py:1226} INFO - Marking task as UP_FOR_RETRY. dag_id=dss150p_sales_pipeline, task_id=load, run_id=manual__2026-09-23T04:55:16+00:00, execution_date=20260923T045516, start_date=20260923T050459, end_date=20260923T051414
[2026-09-23T05:14:14.301+0000] {logging_mixin.py:190} INFO - [2026-09-23T05:14:14.300+0000] {processor.py:876} INFO - Executed callback for <TaskInstance: dss150p_sales_pipeline.load manual__2026-09-23T04:55:16+00:00 [up_for_retry]> in state up_for_retry
[2026-09-23T05:14:14.355+0000] {logging_mixin.py:190} INFO - [2026-09-23T05:14:14.355+0000] {dag.py:3239} INFO - Sync 1 DAGs
[2026-09-23T05:14:14.384+0000] {logging_mixin.py:190} INFO - [2026-09-23T05:14:14.384+0000] {dag.py:4180} INFO - Setting next_dagrun for dss150p_sales_pipeline to 2026-09-23 02:00:00+00:00, run_after=2026-09-24 02:00:00+00:00
[2026-09-23T05:14:14.414+0000] {processor.py:208} INFO - Processing /opt/airflow/dags/dss150p_pipeline.py took 0.496 seconds
[2026-09-23T05:14:44.725+0000] {processor.py:186} INFO - Started process (PID=2106) to work on /opt/airflow/dags/dss150p_pipeline.py
[2026-09-23T05:14:44.726+0000] {processor.py:914} INFO - Processing file /opt/airflow/dags/dss150p_pipeline.py for tasks to queue
[2026-09-23T05:14:44.731+0000] {logging_mixin.py:190} INFO - [2026-09-23T05:14:44.730+0000] {dagbag.py:588} INFO - Filling up the DagBag from /opt/airflow/dags/dss150p_pipeline.py
[2026-09-23T05:14:44.756+0000] {processor.py:925} INFO - DAG(s) 'dss150p_sales_pipeline' retrieved from /opt/airflow/dags/dss150p_pipeline.py
[2026-09-23T05:14:44.816+0000] {logging_mixin.py:190} INFO - [2026-09-23T05:14:44.815+0000] {dag.py:3239} INFO - Sync 1 DAGs
[2026-09-23T05:14:44.856+0000] {logging_mixin.py:190} INFO - [2026-09-23T05:14:44.856+0000] {dag.py:4180} INFO - Setting next_dagrun for dss150p_sales_pipeline to 2026-09-23 02:00:00+00:00, run_after=2026-09-24 02:00:00+00:00
[2026-09-23T05:14:44.915+0000] {processor.py:208} INFO - Processing /opt/airflow/dags/dss150p_pipeline.py took 0.202 seconds
[2026-09-23T05:15:15.039+0000] {processor.py:186} INFO - Started process (PID=2111) to work on /opt/airflow/dags/dss150p_pipeline.py
[2026-09-23T05:15:15.041+0000] {processor.py:914} INFO - Processing file /opt/airflow/dags/dss150p_pipeline.py for tasks to queue
[2026-09-23T05:15:15.048+0000] {logging_mixin.py:190} INFO - [2026-09-23T05:15:15.047+0000] {dagbag.py:588} INFO - Filling up the DagBag from /opt/airflow/dags/dss150p_pipeline.py
[2026-09-23T05:15:15.102+0000] {processor.py:925} INFO - DAG(s) 'dss150p_sales_pipeline' retrieved from /opt/airflow/dags/dss150p_pipeline.py
[2026-09-23T05:15:15.192+0000] {logging_mixin.py:190} INFO - [2026-09-23T05:15:15.192+0000] {dag.py:3239} INFO - Sync 1 DAGs
[2026-09-23T05:15:15.234+0000] {logging_mixin.py:190} INFO - [2026-09-23T05:15:15.233+0000] {dag.py:4180} INFO - Setting next_dagrun for dss150p_sales_pipeline to 2026-09-23 02:00:00+00:00, run_after=2026-09-24 02:00:00+00:00
[2026-09-23T05:15:15.276+0000] {processor.py:208} INFO - Processing /opt/airflow/dags/dss150p_pipeline.py took 0.263 seconds
[2026-09-23T05:15:45.542+0000] {processor.py:186} INFO - Started process (PID=2128) to work on /opt/airflow/dags/dss150p_pipeline.py
[2026-09-23T05:15:45.544+0000] {processor.py:914} INFO - Processing file /opt/airflow/dags/dss150p_pipeline.py for tasks to queue
[2026-09-23T05:15:45.553+0000] {logging_mixin.py:190} INFO - [2026-09-23T05:15:45.551+0000] {dagbag.py:588} INFO - Filling up the DagBag from /opt/airflow/dags/dss150p_pipeline.py
[2026-09-23T05:15:45.632+0000] {processor.py:925} INFO - DAG(s) 'dss150p_sales_pipeline' retrieved from /opt/airflow/dags/dss150p_pipeline.py
[2026-09-23T05:15:45.798+0000] {logging_mixin.py:190} INFO - [2026-09-23T05:15:45.798+0000] {dag.py:3239} INFO - Sync 1 DAGs
[2026-09-23T05:15:45.840+0000] {logging_mixin.py:190} INFO - [2026-09-23T05:15:45.840+0000] {dag.py:4180} INFO - Setting next_dagrun for dss150p_sales_pipeline to 2026-09-23 02:00:00+00:00, run_after=2026-09-24 02:00:00+00:00
[2026-09-23T05:15:45.896+0000] {processor.py:208} INFO - Processing /opt/airflow/dags/dss150p_pipeline.py took 0.381 seconds
[2026-09-23T05:16:16.241+0000] {processor.py:186} INFO - Started process (PID=2133) to work on /opt/airflow/dags/dss150p_pipeline.py
[2026-09-23T05:16:16.243+0000] {processor.py:914} INFO - Processing file /opt/airflow/dags/dss150p_pipeline.py for tasks to queue
[2026-09-23T05:16:16.253+0000] {logging_mixin.py:190} INFO - [2026-09-23T05:16:16.252+0000] {dagbag.py:588} INFO - Filling up the DagBag from /opt/airflow/dags/dss150p_pipeline.py
[2026-09-23T05:16:16.377+0000] {processor.py:925} INFO - DAG(s) 'dss150p_sales_pipeline' retrieved from /opt/airflow/dags/dss150p_pipeline.py
[2026-09-23T05:16:16.569+0000] {logging_mixin.py:190} INFO - [2026-09-23T05:16:16.568+0000] {dag.py:3239} INFO - Sync 1 DAGs
[2026-09-23T05:16:16.624+0000] {logging_mixin.py:190} INFO - [2026-09-23T05:16:16.624+0000] {dag.py:4180} INFO - Setting next_dagrun for dss150p_sales_pipeline to 2026-09-23 02:00:00+00:00, run_after=2026-09-24 02:00:00+00:00
[2026-09-23T05:16:16.674+0000] {processor.py:208} INFO - Processing /opt/airflow/dags/dss150p_pipeline.py took 0.468 seconds
[2026-09-23T05:16:47.045+0000] {processor.py:186} INFO - Started process (PID=2138) to work on /opt/airflow/dags/dss150p_pipeline.py
[2026-09-23T05:16:47.058+0000] {processor.py:914} INFO - Processing file /opt/airflow/dags/dss150p_pipeline.py for tasks to queue
[2026-09-23T05:16:47.079+0000] {logging_mixin.py:190} INFO - [2026-09-23T05:16:47.078+0000] {dagbag.py:588} INFO - Filling up the DagBag from /opt/airflow/dags/dss150p_pipeline.py
[2026-09-23T05:16:47.143+0000] {processor.py:925} INFO - DAG(s) 'dss150p_sales_pipeline' retrieved from /opt/airflow/dags/dss150p_pipeline.py
[2026-09-23T05:16:47.226+0000] {logging_mixin.py:190} INFO - [2026-09-23T05:16:47.225+0000] {dag.py:3239} INFO - Sync 1 DAGs
[2026-09-23T05:16:47.281+0000] {logging_mixin.py:190} INFO - [2026-09-23T05:16:47.280+0000] {dag.py:4180} INFO - Setting next_dagrun for dss150p_sales_pipeline to 2026-09-23 02:00:00+00:00, run_after=2026-09-24 02:00:00+00:00
[2026-09-23T05:16:47.311+0000] {processor.py:208} INFO - Processing /opt/airflow/dags/dss150p_pipeline.py took 0.290 seconds
[2026-09-23T05:17:17.663+0000] {processor.py:186} INFO - Started process (PID=2143) to work on /opt/airflow/dags/dss150p_pipeline.py
[2026-09-23T05:17:17.665+0000] {processor.py:914} INFO - Processing file /opt/airflow/dags/dss150p_pipeline.py for tasks to queue
[2026-09-23T05:17:17.677+0000] {logging_mixin.py:190} INFO - [2026-09-23T05:17:17.674+0000] {dagbag.py:588} INFO - Filling up the DagBag from /opt/airflow/dags/dss150p_pipeline.py
[2026-09-23T05:17:17.920+0000] {processor.py:925} INFO - DAG(s) 'dss150p_sales_pipeline' retrieved from /opt/airflow/dags/dss150p_pipeline.py
[2026-09-23T05:17:18.167+0000] {logging_mixin.py:190} INFO - [2026-09-23T05:17:18.166+0000] {dag.py:3239} INFO - Sync 1 DAGs
[2026-09-23T05:17:18.341+0000] {logging_mixin.py:190} INFO - [2026-09-23T05:17:18.340+0000] {dag.py:4180} INFO - Setting next_dagrun for dss150p_sales_pipeline to 2026-09-23 02:00:00+00:00, run_after=2026-09-24 02:00:00+00:00
[2026-09-23T05:17:18.446+0000] {processor.py:208} INFO - Processing /opt/airflow/dags/dss150p_pipeline.py took 0.808 seconds
[2026-09-23T05:17:48.792+0000] {processor.py:186} INFO - Started process (PID=2148) to work on /opt/airflow/dags/dss150p_pipeline.py
[2026-09-23T05:17:48.797+0000] {processor.py:914} INFO - Processing file /opt/airflow/dags/dss150p_pipeline.py for tasks to queue
[2026-09-23T05:17:48.819+0000] {logging_mixin.py:190} INFO - [2026-09-23T05:17:48.818+0000] {dagbag.py:588} INFO - Filling up the DagBag from /opt/airflow/dags/dss150p_pipeline.py
[2026-09-23T05:17:48.927+0000] {processor.py:925} INFO - DAG(s) 'dss150p_sales_pipeline' retrieved from /opt/airflow/dags/dss150p_pipeline.py
[2026-09-23T05:17:49.077+0000] {logging_mixin.py:190} INFO - [2026-09-23T05:17:49.077+0000] {dag.py:3239} INFO - Sync 1 DAGs
[2026-09-23T05:17:49.222+0000] {logging_mixin.py:190} INFO - [2026-09-23T05:17:49.222+0000] {dag.py:4180} INFO - Setting next_dagrun for dss150p_sales_pipeline to 2026-09-23 02:00:00+00:00, run_after=2026-09-24 02:00:00+00:00
[2026-09-23T05:17:49.342+0000] {processor.py:208} INFO - Processing /opt/airflow/dags/dss150p_pipeline.py took 0.599 seconds
[2026-09-23T05:18:19.995+0000] {processor.py:186} INFO - Started process (PID=2153) to work on /opt/airflow/dags/dss150p_pipeline.py
[2026-09-23T05:18:20.001+0000] {processor.py:914} INFO - Processing file /opt/airflow/dags/dss150p_pipeline.py for tasks to queue
[2026-09-23T05:18:20.015+0000] {logging_mixin.py:190} INFO - [2026-09-23T05:18:20.014+0000] {dagbag.py:588} INFO - Filling up the DagBag from /opt/airflow/dags/dss150p_pipeline.py
[2026-09-23T05:18:20.188+0000] {processor.py:925} INFO - DAG(s) 'dss150p_sales_pipeline' retrieved from /opt/airflow/dags/dss150p_pipeline.py
[2026-09-23T05:18:20.426+0000] {logging_mixin.py:190} INFO - [2026-09-23T05:18:20.426+0000] {dag.py:3239} INFO - Sync 1 DAGs
[2026-09-23T05:18:20.493+0000] {logging_mixin.py:190} INFO - [2026-09-23T05:18:20.493+0000] {dag.py:4180} INFO - Setting next_dagrun for dss150p_sales_pipeline to 2026-09-23 02:00:00+00:00, run_after=2026-09-24 02:00:00+00:00
[2026-09-23T05:18:20.592+0000] {processor.py:208} INFO - Processing /opt/airflow/dags/dss150p_pipeline.py took 0.693 seconds
[2026-09-23T05:18:51.062+0000] {processor.py:186} INFO - Started process (PID=2158) to work on /opt/airflow/dags/dss150p_pipeline.py
[2026-09-23T05:18:51.064+0000] {processor.py:914} INFO - Processing file /opt/airflow/dags/dss150p_pipeline.py for tasks to queue
[2026-09-23T05:18:51.071+0000] {logging_mixin.py:190} INFO - [2026-09-23T05:18:51.070+0000] {dagbag.py:588} INFO - Filling up the DagBag from /opt/airflow/dags/dss150p_pipeline.py
[2026-09-23T05:18:51.134+0000] {processor.py:925} INFO - DAG(s) 'dss150p_sales_pipeline' retrieved from /opt/airflow/dags/dss150p_pipeline.py
[2026-09-23T05:18:51.381+0000] {logging_mixin.py:190} INFO - [2026-09-23T05:18:51.380+0000] {dag.py:3239} INFO - Sync 1 DAGs
[2026-09-23T05:18:51.441+0000] {logging_mixin.py:190} INFO - [2026-09-23T05:18:51.440+0000] {dag.py:4180} INFO - Setting next_dagrun for dss150p_sales_pipeline to 2026-09-23 02:00:00+00:00, run_after=2026-09-24 02:00:00+00:00
[2026-09-23T05:18:51.667+0000] {processor.py:208} INFO - Processing /opt/airflow/dags/dss150p_pipeline.py took 0.637 seconds
[2026-09-23T05:19:22.297+0000] {processor.py:186} INFO - Started process (PID=2163) to work on /opt/airflow/dags/dss150p_pipeline.py
[2026-09-23T05:19:22.301+0000] {processor.py:914} INFO - Processing file /opt/airflow/dags/dss150p_pipeline.py for tasks to queue
[2026-09-23T05:19:22.326+0000] {logging_mixin.py:190} INFO - [2026-09-23T05:19:22.318+0000] {dagbag.py:588} INFO - Filling up the DagBag from /opt/airflow/dags/dss150p_pipeline.py
[2026-09-23T05:19:22.593+0000] {processor.py:925} INFO - DAG(s) 'dss150p_sales_pipeline' retrieved from /opt/airflow/dags/dss150p_pipeline.py
[2026-09-23T05:19:24.364+0000] {logging_mixin.py:190} INFO - [2026-09-23T05:19:24.363+0000] {dag.py:3239} INFO - Sync 1 DAGs
[2026-09-23T05:19:25.032+0000] {logging_mixin.py:190} INFO - [2026-09-23T05:19:25.032+0000] {dag.py:4180} INFO - Setting next_dagrun for dss150p_sales_pipeline to 2026-09-23 02:00:00+00:00, run_after=2026-09-24 02:00:00+00:00
[2026-09-23T05:19:25.353+0000] {processor.py:208} INFO - Processing /opt/airflow/dags/dss150p_pipeline.py took 3.319 seconds
[2026-09-23T05:19:58.284+0000] {processor.py:186} INFO - Started process (PID=2171) to work on /opt/airflow/dags/dss150p_pipeline.py
[2026-09-23T05:19:58.322+0000] {processor.py:914} INFO - Processing file /opt/airflow/dags/dss150p_pipeline.py for tasks to queue
[2026-09-23T05:19:58.408+0000] {logging_mixin.py:190} INFO - [2026-09-23T05:19:58.390+0000] {dagbag.py:588} INFO - Filling up the DagBag from /opt/airflow/dags/dss150p_pipeline.py
[2026-09-23T05:20:00.780+0000] {processor.py:925} INFO - DAG(s) 'dss150p_sales_pipeline' retrieved from /opt/airflow/dags/dss150p_pipeline.py
[2026-09-23T05:20:01.274+0000] {logging_mixin.py:190} INFO - [2026-09-23T05:20:01.272+0000] {dag.py:3239} INFO - Sync 1 DAGs
[2026-09-23T05:20:01.351+0000] {logging_mixin.py:190} INFO - [2026-09-23T05:20:01.351+0000] {dag.py:4180} INFO - Setting next_dagrun for dss150p_sales_pipeline to 2026-09-23 02:00:00+00:00, run_after=2026-09-24 02:00:00+00:00
[2026-09-23T05:20:01.421+0000] {processor.py:208} INFO - Processing /opt/airflow/dags/dss150p_pipeline.py took 3.785 seconds
[2026-09-23T05:20:31.905+0000] {processor.py:186} INFO - Started process (PID=2185) to work on /opt/airflow/dags/dss150p_pipeline.py
[2026-09-23T05:20:31.907+0000] {processor.py:914} INFO - Processing file /opt/airflow/dags/dss150p_pipeline.py for tasks to queue
[2026-09-23T05:20:31.933+0000] {logging_mixin.py:190} INFO - [2026-09-23T05:20:31.931+0000] {dagbag.py:588} INFO - Filling up the DagBag from /opt/airflow/dags/dss150p_pipeline.py
[2026-09-23T05:20:32.010+0000] {processor.py:925} INFO - DAG(s) 'dss150p_sales_pipeline' retrieved from /opt/airflow/dags/dss150p_pipeline.py
[2026-09-23T05:20:32.093+0000] {logging_mixin.py:190} INFO - [2026-09-23T05:20:32.093+0000] {dag.py:3239} INFO - Sync 1 DAGs
[2026-09-23T05:20:32.125+0000] {logging_mixin.py:190} INFO - [2026-09-23T05:20:32.125+0000] {dag.py:4180} INFO - Setting next_dagrun for dss150p_sales_pipeline to 2026-09-23 02:00:00+00:00, run_after=2026-09-24 02:00:00+00:00
[2026-09-23T05:20:32.180+0000] {processor.py:208} INFO - Processing /opt/airflow/dags/dss150p_pipeline.py took 0.296 seconds
[2026-09-23T05:21:02.518+0000] {processor.py:186} INFO - Started process (PID=2202) to work on /opt/airflow/dags/dss150p_pipeline.py
[2026-09-23T05:21:02.520+0000] {processor.py:914} INFO - Processing file /opt/airflow/dags/dss150p_pipeline.py for tasks to queue
[2026-09-23T05:21:02.530+0000] {logging_mixin.py:190} INFO - [2026-09-23T05:21:02.528+0000] {dagbag.py:588} INFO - Filling up the DagBag from /opt/airflow/dags/dss150p_pipeline.py
[2026-09-23T05:21:02.586+0000] {processor.py:925} INFO - DAG(s) 'dss150p_sales_pipeline' retrieved from /opt/airflow/dags/dss150p_pipeline.py
[2026-09-23T05:21:02.687+0000] {logging_mixin.py:190} INFO - [2026-09-23T05:21:02.686+0000] {dag.py:3239} INFO - Sync 1 DAGs
[2026-09-23T05:21:02.738+0000] {logging_mixin.py:190} INFO - [2026-09-23T05:21:02.738+0000] {dag.py:4180} INFO - Setting next_dagrun for dss150p_sales_pipeline to 2026-09-23 02:00:00+00:00, run_after=2026-09-24 02:00:00+00:00
[2026-09-23T05:21:02.780+0000] {processor.py:208} INFO - Processing /opt/airflow/dags/dss150p_pipeline.py took 0.284 seconds
[2026-09-23T05:21:32.915+0000] {processor.py:186} INFO - Started process (PID=2207) to work on /opt/airflow/dags/dss150p_pipeline.py
[2026-09-23T05:21:32.918+0000] {processor.py:914} INFO - Processing file /opt/airflow/dags/dss150p_pipeline.py for tasks to queue
[2026-09-23T05:21:32.942+0000] {logging_mixin.py:190} INFO - [2026-09-23T05:21:32.942+0000] {dagbag.py:588} INFO - Filling up the DagBag from /opt/airflow/dags/dss150p_pipeline.py
[2026-09-23T05:21:33.011+0000] {processor.py:925} INFO - DAG(s) 'dss150p_sales_pipeline' retrieved from /opt/airflow/dags/dss150p_pipeline.py
[2026-09-23T05:21:33.135+0000] {logging_mixin.py:190} INFO - [2026-09-23T05:21:33.135+0000] {dag.py:3239} INFO - Sync 1 DAGs
[2026-09-23T05:21:33.216+0000] {logging_mixin.py:190} INFO - [2026-09-23T05:21:33.215+0000] {dag.py:4180} INFO - Setting next_dagrun for dss150p_sales_pipeline to 2026-09-23 02:00:00+00:00, run_after=2026-09-24 02:00:00+00:00
[2026-09-23T05:21:33.257+0000] {processor.py:208} INFO - Processing /opt/airflow/dags/dss150p_pipeline.py took 0.372 seconds
[2026-09-23T05:22:03.504+0000] {processor.py:186} INFO - Started process (PID=2212) to work on /opt/airflow/dags/dss150p_pipeline.py
[2026-09-23T05:22:03.508+0000] {processor.py:914} INFO - Processing file /opt/airflow/dags/dss150p_pipeline.py for tasks to queue
[2026-09-23T05:22:03.517+0000] {logging_mixin.py:190} INFO - [2026-09-23T05:22:03.516+0000] {dagbag.py:588} INFO - Filling up the DagBag from /opt/airflow/dags/dss150p_pipeline.py
[2026-09-23T05:22:03.568+0000] {processor.py:925} INFO - DAG(s) 'dss150p_sales_pipeline' retrieved from /opt/airflow/dags/dss150p_pipeline.py
[2026-09-23T05:22:03.651+0000] {logging_mixin.py:190} INFO - [2026-09-23T05:22:03.650+0000] {dag.py:3239} INFO - Sync 1 DAGs
[2026-09-23T05:22:03.697+0000] {logging_mixin.py:190} INFO - [2026-09-23T05:22:03.696+0000] {dag.py:4180} INFO - Setting next_dagrun for dss150p_sales_pipeline to 2026-09-23 02:00:00+00:00, run_after=2026-09-24 02:00:00+00:00
[2026-09-23T05:22:03.734+0000] {processor.py:208} INFO - Processing /opt/airflow/dags/dss150p_pipeline.py took 0.248 seconds
[2026-09-23T05:22:34.075+0000] {processor.py:186} INFO - Started process (PID=2217) to work on /opt/airflow/dags/dss150p_pipeline.py
[2026-09-23T05:22:34.092+0000] {processor.py:914} INFO - Processing file /opt/airflow/dags/dss150p_pipeline.py for tasks to queue
[2026-09-23T05:22:34.103+0000] {logging_mixin.py:190} INFO - [2026-09-23T05:22:34.102+0000] {dagbag.py:588} INFO - Filling up the DagBag from /opt/airflow/dags/dss150p_pipeline.py
[2026-09-23T05:22:34.157+0000] {processor.py:925} INFO - DAG(s) 'dss150p_sales_pipeline' retrieved from /opt/airflow/dags/dss150p_pipeline.py
[2026-09-23T05:22:34.251+0000] {logging_mixin.py:190} INFO - [2026-09-23T05:22:34.250+0000] {dag.py:3239} INFO - Sync 1 DAGs
[2026-09-23T05:22:34.305+0000] {logging_mixin.py:190} INFO - [2026-09-23T05:22:34.304+0000] {dag.py:4180} INFO - Setting next_dagrun for dss150p_sales_pipeline to 2026-09-23 02:00:00+00:00, run_after=2026-09-24 02:00:00+00:00
[2026-09-23T05:22:34.368+0000] {processor.py:208} INFO - Processing /opt/airflow/dags/dss150p_pipeline.py took 0.322 seconds
[2026-09-23T05:23:04.541+0000] {processor.py:186} INFO - Started process (PID=2222) to work on /opt/airflow/dags/dss150p_pipeline.py
[2026-09-23T05:23:04.544+0000] {processor.py:914} INFO - Processing file /opt/airflow/dags/dss150p_pipeline.py for tasks to queue
[2026-09-23T05:23:04.559+0000] {logging_mixin.py:190} INFO - [2026-09-23T05:23:04.556+0000] {dagbag.py:588} INFO - Filling up the DagBag from /opt/airflow/dags/dss150p_pipeline.py
[2026-09-23T05:23:04.619+0000] {processor.py:925} INFO - DAG(s) 'dss150p_sales_pipeline' retrieved from /opt/airflow/dags/dss150p_pipeline.py
[2026-09-23T05:23:04.719+0000] {logging_mixin.py:190} INFO - [2026-09-23T05:23:04.719+0000] {dag.py:3239} INFO - Sync 1 DAGs
[2026-09-23T05:23:04.785+0000] {logging_mixin.py:190} INFO - [2026-09-23T05:23:04.784+0000] {dag.py:4180} INFO - Setting next_dagrun for dss150p_sales_pipeline to 2026-09-23 02:00:00+00:00, run_after=2026-09-24 02:00:00+00:00
[2026-09-23T05:23:04.841+0000] {processor.py:208} INFO - Processing /opt/airflow/dags/dss150p_pipeline.py took 0.318 seconds
[2026-09-23T05:23:35.126+0000] {processor.py:186} INFO - Started process (PID=2227) to work on /opt/airflow/dags/dss150p_pipeline.py
[2026-09-23T05:23:35.127+0000] {processor.py:914} INFO - Processing file /opt/airflow/dags/dss150p_pipeline.py for tasks to queue
[2026-09-23T05:23:35.136+0000] {logging_mixin.py:190} INFO - [2026-09-23T05:23:35.135+0000] {dagbag.py:588} INFO - Filling up the DagBag from /opt/airflow/dags/dss150p_pipeline.py
[2026-09-23T05:23:35.169+0000] {processor.py:925} INFO - DAG(s) 'dss150p_sales_pipeline' retrieved from /opt/airflow/dags/dss150p_pipeline.py
[2026-09-23T05:23:35.233+0000] {logging_mixin.py:190} INFO - [2026-09-23T05:23:35.233+0000] {dag.py:3239} INFO - Sync 1 DAGs
[2026-09-23T05:23:35.267+0000] {logging_mixin.py:190} INFO - [2026-09-23T05:23:35.266+0000] {dag.py:4180} INFO - Setting next_dagrun for dss150p_sales_pipeline to 2026-09-23 02:00:00+00:00, run_after=2026-09-24 02:00:00+00:00
[2026-09-23T05:23:35.312+0000] {processor.py:208} INFO - Processing /opt/airflow/dags/dss150p_pipeline.py took 0.200 seconds
[2026-09-23T05:24:05.379+0000] {processor.py:186} INFO - Started process (PID=2232) to work on /opt/airflow/dags/dss150p_pipeline.py
[2026-09-23T05:24:05.381+0000] {processor.py:914} INFO - Processing file /opt/airflow/dags/dss150p_pipeline.py for tasks to queue
[2026-09-23T05:24:05.387+0000] {logging_mixin.py:190} INFO - [2026-09-23T05:24:05.386+0000] {dagbag.py:588} INFO - Filling up the DagBag from /opt/airflow/dags/dss150p_pipeline.py
[2026-09-23T05:24:05.429+0000] {processor.py:925} INFO - DAG(s) 'dss150p_sales_pipeline' retrieved from /opt/airflow/dags/dss150p_pipeline.py
[2026-09-23T05:24:05.495+0000] {logging_mixin.py:190} INFO - [2026-09-23T05:24:05.494+0000] {dag.py:3239} INFO - Sync 1 DAGs
[2026-09-23T05:24:05.540+0000] {logging_mixin.py:190} INFO - [2026-09-23T05:24:05.539+0000] {dag.py:4180} INFO - Setting next_dagrun for dss150p_sales_pipeline to 2026-09-23 02:00:00+00:00, run_after=2026-09-24 02:00:00+00:00
[2026-09-23T05:24:05.579+0000] {processor.py:208} INFO - Processing /opt/airflow/dags/dss150p_pipeline.py took 0.215 seconds
[2026-09-23T05:24:35.895+0000] {processor.py:186} INFO - Started process (PID=2237) to work on /opt/airflow/dags/dss150p_pipeline.py
[2026-09-23T05:24:35.901+0000] {processor.py:914} INFO - Processing file /opt/airflow/dags/dss150p_pipeline.py for tasks to queue
[2026-09-23T05:24:35.915+0000] {logging_mixin.py:190} INFO - [2026-09-23T05:24:35.915+0000] {dagbag.py:588} INFO - Filling up the DagBag from /opt/airflow/dags/dss150p_pipeline.py
[2026-09-23T05:24:36.111+0000] {processor.py:925} INFO - DAG(s) 'dss150p_sales_pipeline' retrieved from /opt/airflow/dags/dss150p_pipeline.py
[2026-09-23T05:24:36.193+0000] {logging_mixin.py:190} INFO - [2026-09-23T05:24:36.192+0000] {dag.py:3239} INFO - Sync 1 DAGs
[2026-09-23T05:24:36.252+0000] {logging_mixin.py:190} INFO - [2026-09-23T05:24:36.252+0000] {dag.py:4180} INFO - Setting next_dagrun for dss150p_sales_pipeline to 2026-09-23 02:00:00+00:00, run_after=2026-09-24 02:00:00+00:00
[2026-09-23T05:24:36.286+0000] {processor.py:208} INFO - Processing /opt/airflow/dags/dss150p_pipeline.py took 0.422 seconds
[2026-09-23T05:25:06.650+0000] {processor.py:186} INFO - Started process (PID=2242) to work on /opt/airflow/dags/dss150p_pipeline.py
[2026-09-23T05:25:06.653+0000] {processor.py:914} INFO - Processing file /opt/airflow/dags/dss150p_pipeline.py for tasks to queue
[2026-09-23T05:25:06.660+0000] {logging_mixin.py:190} INFO - [2026-09-23T05:25:06.659+0000] {dagbag.py:588} INFO - Filling up the DagBag from /opt/airflow/dags/dss150p_pipeline.py
[2026-09-23T05:25:06.728+0000] {processor.py:925} INFO - DAG(s) 'dss150p_sales_pipeline' retrieved from /opt/airflow/dags/dss150p_pipeline.py
[2026-09-23T05:25:06.812+0000] {logging_mixin.py:190} INFO - [2026-09-23T05:25:06.811+0000] {dag.py:3239} INFO - Sync 1 DAGs
[2026-09-23T05:25:06.848+0000] {logging_mixin.py:190} INFO - [2026-09-23T05:25:06.848+0000] {dag.py:4180} INFO - Setting next_dagrun for dss150p_sales_pipeline to 2026-09-23 02:00:00+00:00, run_after=2026-09-24 02:00:00+00:00
[2026-09-23T05:25:06.878+0000] {processor.py:208} INFO - Processing /opt/airflow/dags/dss150p_pipeline.py took 0.247 seconds
[2026-09-23T05:25:36.931+0000] {processor.py:186} INFO - Started process (PID=2247) to work on /opt/airflow/dags/dss150p_pipeline.py
[2026-09-23T05:25:36.933+0000] {processor.py:914} INFO - Processing file /opt/airflow/dags/dss150p_pipeline.py for tasks to queue
[2026-09-23T05:25:36.939+0000] {logging_mixin.py:190} INFO - [2026-09-23T05:25:36.938+0000] {dagbag.py:588} INFO - Filling up the DagBag from /opt/airflow/dags/dss150p_pipeline.py
[2026-09-23T05:25:36.969+0000] {processor.py:925} INFO - DAG(s) 'dss150p_sales_pipeline' retrieved from /opt/airflow/dags/dss150p_pipeline.py
[2026-09-23T05:25:37.025+0000] {logging_mixin.py:190} INFO - [2026-09-23T05:25:37.025+0000] {dag.py:3239} INFO - Sync 1 DAGs
[2026-09-23T05:25:37.047+0000] {logging_mixin.py:190} INFO - [2026-09-23T05:25:37.047+0000] {dag.py:4180} INFO - Setting next_dagrun for dss150p_sales_pipeline to 2026-09-23 02:00:00+00:00, run_after=2026-09-24 02:00:00+00:00
[2026-09-23T05:25:37.072+0000] {processor.py:208} INFO - Processing /opt/airflow/dags/dss150p_pipeline.py took 0.153 seconds
[2026-09-23T05:26:07.365+0000] {processor.py:186} INFO - Started process (PID=2255) to work on /opt/airflow/dags/dss150p_pipeline.py
[2026-09-23T05:26:07.367+0000] {processor.py:914} INFO - Processing file /opt/airflow/dags/dss150p_pipeline.py for tasks to queue
[2026-09-23T05:26:07.375+0000] {logging_mixin.py:190} INFO - [2026-09-23T05:26:07.374+0000] {dagbag.py:588} INFO - Filling up the DagBag from /opt/airflow/dags/dss150p_pipeline.py
[2026-09-23T05:26:07.412+0000] {processor.py:925} INFO - DAG(s) 'dss150p_sales_pipeline' retrieved from /opt/airflow/dags/dss150p_pipeline.py
[2026-09-23T05:26:07.480+0000] {logging_mixin.py:190} INFO - [2026-09-23T05:26:07.479+0000] {dag.py:3239} INFO - Sync 1 DAGs
[2026-09-23T05:26:07.513+0000] {logging_mixin.py:190} INFO - [2026-09-23T05:26:07.513+0000] {dag.py:4180} INFO - Setting next_dagrun for dss150p_sales_pipeline to 2026-09-23 02:00:00+00:00, run_after=2026-09-24 02:00:00+00:00
[2026-09-23T05:26:07.533+0000] {processor.py:208} INFO - Processing /opt/airflow/dags/dss150p_pipeline.py took 0.185 seconds
[2026-09-23T05:26:37.829+0000] {processor.py:186} INFO - Started process (PID=2281) to work on /opt/airflow/dags/dss150p_pipeline.py
[2026-09-23T05:26:37.834+0000] {processor.py:914} INFO - Processing file /opt/airflow/dags/dss150p_pipeline.py for tasks to queue
[2026-09-23T05:26:37.848+0000] {logging_mixin.py:190} INFO - [2026-09-23T05:26:37.847+0000] {dagbag.py:588} INFO - Filling up the DagBag from /opt/airflow/dags/dss150p_pipeline.py
[2026-09-23T05:26:37.904+0000] {processor.py:925} INFO - DAG(s) 'dss150p_sales_pipeline' retrieved from /opt/airflow/dags/dss150p_pipeline.py
[2026-09-23T05:26:38.005+0000] {logging_mixin.py:190} INFO - [2026-09-23T05:26:38.005+0000] {dag.py:3239} INFO - Sync 1 DAGs
[2026-09-23T05:26:38.074+0000] {logging_mixin.py:190} INFO - [2026-09-23T05:26:38.073+0000] {dag.py:4180} INFO - Setting next_dagrun for dss150p_sales_pipeline to 2026-09-23 02:00:00+00:00, run_after=2026-09-24 02:00:00+00:00
[2026-09-23T05:26:38.160+0000] {processor.py:208} INFO - Processing /opt/airflow/dags/dss150p_pipeline.py took 0.347 seconds
[2026-09-23T05:27:08.321+0000] {processor.py:186} INFO - Started process (PID=2286) to work on /opt/airflow/dags/dss150p_pipeline.py
[2026-09-23T05:27:08.329+0000] {processor.py:914} INFO - Processing file /opt/airflow/dags/dss150p_pipeline.py for tasks to queue
[2026-09-23T05:27:08.342+0000] {logging_mixin.py:190} INFO - [2026-09-23T05:27:08.341+0000] {dagbag.py:588} INFO - Filling up the DagBag from /opt/airflow/dags/dss150p_pipeline.py
[2026-09-23T05:27:08.379+0000] {processor.py:925} INFO - DAG(s) 'dss150p_sales_pipeline' retrieved from /opt/airflow/dags/dss150p_pipeline.py
[2026-09-23T05:27:08.485+0000] {logging_mixin.py:190} INFO - [2026-09-23T05:27:08.484+0000] {dag.py:3239} INFO - Sync 1 DAGs
[2026-09-23T05:27:08.556+0000] {logging_mixin.py:190} INFO - [2026-09-23T05:27:08.555+0000] {dag.py:4180} INFO - Setting next_dagrun for dss150p_sales_pipeline to 2026-09-23 02:00:00+00:00, run_after=2026-09-24 02:00:00+00:00
[2026-09-23T05:27:08.591+0000] {processor.py:208} INFO - Processing /opt/airflow/dags/dss150p_pipeline.py took 0.292 seconds
[2026-09-23T05:27:39.051+0000] {processor.py:186} INFO - Started process (PID=2291) to work on /opt/airflow/dags/dss150p_pipeline.py
[2026-09-23T05:27:39.061+0000] {processor.py:914} INFO - Processing file /opt/airflow/dags/dss150p_pipeline.py for tasks to queue
[2026-09-23T05:27:39.071+0000] {logging_mixin.py:190} INFO - [2026-09-23T05:27:39.070+0000] {dagbag.py:588} INFO - Filling up the DagBag from /opt/airflow/dags/dss150p_pipeline.py
[2026-09-23T05:27:39.132+0000] {processor.py:925} INFO - DAG(s) 'dss150p_sales_pipeline' retrieved from /opt/airflow/dags/dss150p_pipeline.py
[2026-09-23T05:27:39.200+0000] {logging_mixin.py:190} INFO - [2026-09-23T05:27:39.200+0000] {dag.py:3239} INFO - Sync 1 DAGs
[2026-09-23T05:27:39.254+0000] {logging_mixin.py:190} INFO - [2026-09-23T05:27:39.253+0000] {dag.py:4180} INFO - Setting next_dagrun for dss150p_sales_pipeline to 2026-09-23 02:00:00+00:00, run_after=2026-09-24 02:00:00+00:00
[2026-09-23T05:27:39.282+0000] {processor.py:208} INFO - Processing /opt/airflow/dags/dss150p_pipeline.py took 0.265 seconds
[2026-09-23T05:28:09.398+0000] {processor.py:186} INFO - Started process (PID=2296) to work on /opt/airflow/dags/dss150p_pipeline.py
[2026-09-23T05:28:09.400+0000] {processor.py:914} INFO - Processing file /opt/airflow/dags/dss150p_pipeline.py for tasks to queue
[2026-09-23T05:28:09.408+0000] {logging_mixin.py:190} INFO - [2026-09-23T05:28:09.408+0000] {dagbag.py:588} INFO - Filling up the DagBag from /opt/airflow/dags/dss150p_pipeline.py
[2026-09-23T05:28:09.442+0000] {processor.py:925} INFO - DAG(s) 'dss150p_sales_pipeline' retrieved from /opt/airflow/dags/dss150p_pipeline.py
[2026-09-23T05:28:09.540+0000] {logging_mixin.py:190} INFO - [2026-09-23T05:28:09.539+0000] {dag.py:3239} INFO - Sync 1 DAGs
[2026-09-23T05:28:09.594+0000] {logging_mixin.py:190} INFO - [2026-09-23T05:28:09.593+0000] {dag.py:4180} INFO - Setting next_dagrun for dss150p_sales_pipeline to 2026-09-23 02:00:00+00:00, run_after=2026-09-24 02:00:00+00:00
[2026-09-23T05:28:09.621+0000] {processor.py:208} INFO - Processing /opt/airflow/dags/dss150p_pipeline.py took 0.239 seconds
[2026-09-23T05:28:39.943+0000] {processor.py:186} INFO - Started process (PID=2301) to work on /opt/airflow/dags/dss150p_pipeline.py
[2026-09-23T05:28:39.945+0000] {processor.py:914} INFO - Processing file /opt/airflow/dags/dss150p_pipeline.py for tasks to queue
[2026-09-23T05:28:39.951+0000] {logging_mixin.py:190} INFO - [2026-09-23T05:28:39.950+0000] {dagbag.py:588} INFO - Filling up the DagBag from /opt/airflow/dags/dss150p_pipeline.py
[2026-09-23T05:28:40.009+0000] {processor.py:925} INFO - DAG(s) 'dss150p_sales_pipeline' retrieved from /opt/airflow/dags/dss150p_pipeline.py
[2026-09-23T05:28:40.085+0000] {logging_mixin.py:190} INFO - [2026-09-23T05:28:40.085+0000] {dag.py:3239} INFO - Sync 1 DAGs
[2026-09-23T05:28:40.127+0000] {logging_mixin.py:190} INFO - [2026-09-23T05:28:40.127+0000] {dag.py:4180} INFO - Setting next_dagrun for dss150p_sales_pipeline to 2026-09-23 02:00:00+00:00, run_after=2026-09-24 02:00:00+00:00
[2026-09-23T05:28:40.161+0000] {processor.py:208} INFO - Processing /opt/airflow/dags/dss150p_pipeline.py took 0.237 seconds
[2026-09-23T05:29:10.322+0000] {processor.py:186} INFO - Started process (PID=2306) to work on /opt/airflow/dags/dss150p_pipeline.py
[2026-09-23T05:29:10.326+0000] {processor.py:914} INFO - Processing file /opt/airflow/dags/dss150p_pipeline.py for tasks to queue
[2026-09-23T05:29:10.334+0000] {logging_mixin.py:190} INFO - [2026-09-23T05:29:10.333+0000] {dagbag.py:588} INFO - Filling up the DagBag from /opt/airflow/dags/dss150p_pipeline.py
[2026-09-23T05:29:10.368+0000] {processor.py:925} INFO - DAG(s) 'dss150p_sales_pipeline' retrieved from /opt/airflow/dags/dss150p_pipeline.py
[2026-09-23T05:29:10.446+0000] {logging_mixin.py:190} INFO - [2026-09-23T05:29:10.446+0000] {dag.py:3239} INFO - Sync 1 DAGs
[2026-09-23T05:29:10.487+0000] {logging_mixin.py:190} INFO - [2026-09-23T05:29:10.487+0000] {dag.py:4180} INFO - Setting next_dagrun for dss150p_sales_pipeline to 2026-09-23 02:00:00+00:00, run_after=2026-09-24 02:00:00+00:00
[2026-09-23T05:29:10.528+0000] {processor.py:208} INFO - Processing /opt/airflow/dags/dss150p_pipeline.py took 0.220 seconds
[2026-09-23T05:29:40.744+0000] {processor.py:186} INFO - Started process (PID=2311) to work on /opt/airflow/dags/dss150p_pipeline.py
[2026-09-23T05:29:40.747+0000] {processor.py:914} INFO - Processing file /opt/airflow/dags/dss150p_pipeline.py for tasks to queue
[2026-09-23T05:29:40.753+0000] {logging_mixin.py:190} INFO - [2026-09-23T05:29:40.752+0000] {dagbag.py:588} INFO - Filling up the DagBag from /opt/airflow/dags/dss150p_pipeline.py
[2026-09-23T05:29:40.781+0000] {processor.py:925} INFO - DAG(s) 'dss150p_sales_pipeline' retrieved from /opt/airflow/dags/dss150p_pipeline.py
[2026-09-23T05:29:40.861+0000] {logging_mixin.py:190} INFO - [2026-09-23T05:29:40.860+0000] {dag.py:3239} INFO - Sync 1 DAGs
[2026-09-23T05:29:40.897+0000] {logging_mixin.py:190} INFO - [2026-09-23T05:29:40.897+0000] {dag.py:4180} INFO - Setting next_dagrun for dss150p_sales_pipeline to 2026-09-23 02:00:00+00:00, run_after=2026-09-24 02:00:00+00:00
[2026-09-23T05:29:40.922+0000] {processor.py:208} INFO - Processing /opt/airflow/dags/dss150p_pipeline.py took 0.198 seconds
[2026-09-23T05:30:11.196+0000] {processor.py:186} INFO - Started process (PID=2316) to work on /opt/airflow/dags/dss150p_pipeline.py
[2026-09-23T05:30:11.198+0000] {processor.py:914} INFO - Processing file /opt/airflow/dags/dss150p_pipeline.py for tasks to queue
[2026-09-23T05:30:11.207+0000] {logging_mixin.py:190} INFO - [2026-09-23T05:30:11.207+0000] {dagbag.py:588} INFO - Filling up the DagBag from /opt/airflow/dags/dss150p_pipeline.py
[2026-09-23T05:30:11.241+0000] {processor.py:925} INFO - DAG(s) 'dss150p_sales_pipeline' retrieved from /opt/airflow/dags/dss150p_pipeline.py
[2026-09-23T05:30:11.324+0000] {logging_mixin.py:190} INFO - [2026-09-23T05:30:11.323+0000] {dag.py:3239} INFO - Sync 1 DAGs
[2026-09-23T05:30:11.372+0000] {logging_mixin.py:190} INFO - [2026-09-23T05:30:11.371+0000] {dag.py:4180} INFO - Setting next_dagrun for dss150p_sales_pipeline to 2026-09-23 02:00:00+00:00, run_after=2026-09-24 02:00:00+00:00
[2026-09-23T05:30:11.411+0000] {processor.py:208} INFO - Processing /opt/airflow/dags/dss150p_pipeline.py took 0.228 seconds
[2026-09-23T05:30:41.763+0000] {processor.py:186} INFO - Started process (PID=2321) to work on /opt/airflow/dags/dss150p_pipeline.py
[2026-09-23T05:30:41.767+0000] {processor.py:914} INFO - Processing file /opt/airflow/dags/dss150p_pipeline.py for tasks to queue
[2026-09-23T05:30:41.774+0000] {logging_mixin.py:190} INFO - [2026-09-23T05:30:41.774+0000] {dagbag.py:588} INFO - Filling up the DagBag from /opt/airflow/dags/dss150p_pipeline.py
[2026-09-23T05:30:41.831+0000] {processor.py:925} INFO - DAG(s) 'dss150p_sales_pipeline' retrieved from /opt/airflow/dags/dss150p_pipeline.py
[2026-09-23T05:30:42.006+0000] {logging_mixin.py:190} INFO - [2026-09-23T05:30:42.006+0000] {dag.py:3239} INFO - Sync 1 DAGs
[2026-09-23T05:30:42.051+0000] {logging_mixin.py:190} INFO - [2026-09-23T05:30:42.051+0000] {dag.py:4180} INFO - Setting next_dagrun for dss150p_sales_pipeline to 2026-09-23 02:00:00+00:00, run_after=2026-09-24 02:00:00+00:00
[2026-09-23T05:30:42.080+0000] {processor.py:208} INFO - Processing /opt/airflow/dags/dss150p_pipeline.py took 0.340 seconds
[2026-09-23T05:31:13.074+0000] {processor.py:186} INFO - Started process (PID=2326) to work on /opt/airflow/dags/dss150p_pipeline.py
[2026-09-23T05:31:13.078+0000] {processor.py:914} INFO - Processing file /opt/airflow/dags/dss150p_pipeline.py for tasks to queue
[2026-09-23T05:31:13.095+0000] {logging_mixin.py:190} INFO - [2026-09-23T05:31:13.089+0000] {dagbag.py:588} INFO - Filling up the DagBag from /opt/airflow/dags/dss150p_pipeline.py
[2026-09-23T05:31:13.499+0000] {processor.py:925} INFO - DAG(s) 'dss150p_sales_pipeline' retrieved from /opt/airflow/dags/dss150p_pipeline.py
[2026-09-23T05:31:16.058+0000] {logging_mixin.py:190} INFO - [2026-09-23T05:31:16.058+0000] {dag.py:3239} INFO - Sync 1 DAGs
[2026-09-23T05:31:16.615+0000] {logging_mixin.py:190} INFO - [2026-09-23T05:31:16.614+0000] {dag.py:4180} INFO - Setting next_dagrun for dss150p_sales_pipeline to 2026-09-23 02:00:00+00:00, run_after=2026-09-24 02:00:00+00:00
[2026-09-23T05:31:19.065+0000] {processor.py:208} INFO - Processing /opt/airflow/dags/dss150p_pipeline.py took 6.203 seconds
[2026-09-23T05:31:52.720+0000] {processor.py:186} INFO - Started process (PID=2331) to work on /opt/airflow/dags/dss150p_pipeline.py
[2026-09-23T05:31:52.744+0000] {processor.py:914} INFO - Processing file /opt/airflow/dags/dss150p_pipeline.py for tasks to queue
[2026-09-23T05:31:52.788+0000] {logging_mixin.py:190} INFO - [2026-09-23T05:31:52.784+0000] {dagbag.py:588} INFO - Filling up the DagBag from /opt/airflow/dags/dss150p_pipeline.py
[2026-09-23T05:31:54.901+0000] {processor.py:925} INFO - DAG(s) 'dss150p_sales_pipeline' retrieved from /opt/airflow/dags/dss150p_pipeline.py
[2026-09-23T05:32:02.348+0000] {logging_mixin.py:190} INFO - [2026-09-23T05:32:02.348+0000] {dag.py:3239} INFO - Sync 1 DAGs
[2026-09-23T05:32:02.421+0000] {logging_mixin.py:190} INFO - [2026-09-23T05:32:02.421+0000] {dag.py:4180} INFO - Setting next_dagrun for dss150p_sales_pipeline to 2026-09-23 02:00:00+00:00, run_after=2026-09-24 02:00:00+00:00
[2026-09-23T05:32:02.466+0000] {processor.py:208} INFO - Processing /opt/airflow/dags/dss150p_pipeline.py took 10.092 seconds
[2026-09-23T05:32:32.609+0000] {processor.py:186} INFO - Started process (PID=2336) to work on /opt/airflow/dags/dss150p_pipeline.py
[2026-09-23T05:32:32.619+0000] {processor.py:914} INFO - Processing file /opt/airflow/dags/dss150p_pipeline.py for tasks to queue
[2026-09-23T05:32:32.627+0000] {logging_mixin.py:190} INFO - [2026-09-23T05:32:32.627+0000] {dagbag.py:588} INFO - Filling up the DagBag from /opt/airflow/dags/dss150p_pipeline.py
[2026-09-23T05:32:32.726+0000] {processor.py:925} INFO - DAG(s) 'dss150p_sales_pipeline' retrieved from /opt/airflow/dags/dss150p_pipeline.py
[2026-09-23T05:32:32.822+0000] {logging_mixin.py:190} INFO - [2026-09-23T05:32:32.822+0000] {dag.py:3239} INFO - Sync 1 DAGs
[2026-09-23T05:32:32.865+0000] {logging_mixin.py:190} INFO - [2026-09-23T05:32:32.864+0000] {dag.py:4180} INFO - Setting next_dagrun for dss150p_sales_pipeline to 2026-09-23 02:00:00+00:00, run_after=2026-09-24 02:00:00+00:00
[2026-09-23T05:32:32.897+0000] {processor.py:208} INFO - Processing /opt/airflow/dags/dss150p_pipeline.py took 0.322 seconds
[2026-09-23T05:33:03.226+0000] {processor.py:186} INFO - Started process (PID=2341) to work on /opt/airflow/dags/dss150p_pipeline.py
[2026-09-23T05:33:03.228+0000] {processor.py:914} INFO - Processing file /opt/airflow/dags/dss150p_pipeline.py for tasks to queue
[2026-09-23T05:33:03.236+0000] {logging_mixin.py:190} INFO - [2026-09-23T05:33:03.235+0000] {dagbag.py:588} INFO - Filling up the DagBag from /opt/airflow/dags/dss150p_pipeline.py
[2026-09-23T05:33:03.270+0000] {processor.py:925} INFO - DAG(s) 'dss150p_sales_pipeline' retrieved from /opt/airflow/dags/dss150p_pipeline.py
[2026-09-23T05:33:03.370+0000] {logging_mixin.py:190} INFO - [2026-09-23T05:33:03.369+0000] {dag.py:3239} INFO - Sync 1 DAGs
[2026-09-23T05:33:03.405+0000] {logging_mixin.py:190} INFO - [2026-09-23T05:33:03.404+0000] {dag.py:4180} INFO - Setting next_dagrun for dss150p_sales_pipeline to 2026-09-23 02:00:00+00:00, run_after=2026-09-24 02:00:00+00:00
[2026-09-23T05:33:03.469+0000] {processor.py:208} INFO - Processing /opt/airflow/dags/dss150p_pipeline.py took 0.259 seconds
[2026-09-23T05:33:33.633+0000] {processor.py:186} INFO - Started process (PID=2346) to work on /opt/airflow/dags/dss150p_pipeline.py
[2026-09-23T05:33:33.637+0000] {processor.py:914} INFO - Processing file /opt/airflow/dags/dss150p_pipeline.py for tasks to queue
[2026-09-23T05:33:33.652+0000] {logging_mixin.py:190} INFO - [2026-09-23T05:33:33.651+0000] {dagbag.py:588} INFO - Filling up the DagBag from /opt/airflow/dags/dss150p_pipeline.py
[2026-09-23T05:33:33.698+0000] {processor.py:925} INFO - DAG(s) 'dss150p_sales_pipeline' retrieved from /opt/airflow/dags/dss150p_pipeline.py
[2026-09-23T05:33:33.782+0000] {logging_mixin.py:190} INFO - [2026-09-23T05:33:33.782+0000] {dag.py:3239} INFO - Sync 1 DAGs
[2026-09-23T05:33:33.824+0000] {logging_mixin.py:190} INFO - [2026-09-23T05:33:33.823+0000] {dag.py:4180} INFO - Setting next_dagrun for dss150p_sales_pipeline to 2026-09-23 02:00:00+00:00, run_after=2026-09-24 02:00:00+00:00
[2026-09-23T05:33:33.867+0000] {processor.py:208} INFO - Processing /opt/airflow/dags/dss150p_pipeline.py took 0.257 seconds
[2026-09-23T05:34:04.251+0000] {processor.py:186} INFO - Started process (PID=2351) to work on /opt/airflow/dags/dss150p_pipeline.py
[2026-09-23T05:34:04.256+0000] {processor.py:914} INFO - Processing file /opt/airflow/dags/dss150p_pipeline.py for tasks to queue
[2026-09-23T05:34:04.275+0000] {logging_mixin.py:190} INFO - [2026-09-23T05:34:04.272+0000] {dagbag.py:588} INFO - Filling up the DagBag from /opt/airflow/dags/dss150p_pipeline.py
[2026-09-23T05:34:04.475+0000] {processor.py:925} INFO - DAG(s) 'dss150p_sales_pipeline' retrieved from /opt/airflow/dags/dss150p_pipeline.py
[2026-09-23T05:34:04.666+0000] {logging_mixin.py:190} INFO - [2026-09-23T05:34:04.666+0000] {dag.py:3239} INFO - Sync 1 DAGs
[2026-09-23T05:34:04.772+0000] {logging_mixin.py:190} INFO - [2026-09-23T05:34:04.772+0000] {dag.py:4180} INFO - Setting next_dagrun for dss150p_sales_pipeline to 2026-09-23 02:00:00+00:00, run_after=2026-09-24 02:00:00+00:00
[2026-09-23T05:34:04.873+0000] {processor.py:208} INFO - Processing /opt/airflow/dags/dss150p_pipeline.py took 0.664 seconds
[2026-09-23T05:34:35.891+0000] {processor.py:186} INFO - Started process (PID=2356) to work on /opt/airflow/dags/dss150p_pipeline.py
[2026-09-23T05:34:35.898+0000] {processor.py:914} INFO - Processing file /opt/airflow/dags/dss150p_pipeline.py for tasks to queue
[2026-09-23T05:34:35.912+0000] {logging_mixin.py:190} INFO - [2026-09-23T05:34:35.910+0000] {dagbag.py:588} INFO - Filling up the DagBag from /opt/airflow/dags/dss150p_pipeline.py
[2026-09-23T05:34:35.974+0000] {processor.py:925} INFO - DAG(s) 'dss150p_sales_pipeline' retrieved from /opt/airflow/dags/dss150p_pipeline.py
[2026-09-23T05:34:36.131+0000] {logging_mixin.py:190} INFO - [2026-09-23T05:34:36.130+0000] {dag.py:3239} INFO - Sync 1 DAGs
[2026-09-23T05:34:36.216+0000] {logging_mixin.py:190} INFO - [2026-09-23T05:34:36.216+0000] {dag.py:4180} INFO - Setting next_dagrun for dss150p_sales_pipeline to 2026-09-23 02:00:00+00:00, run_after=2026-09-24 02:00:00+00:00
[2026-09-23T05:34:36.290+0000] {processor.py:208} INFO - Processing /opt/airflow/dags/dss150p_pipeline.py took 0.444 seconds
[2026-09-23T05:35:06.753+0000] {processor.py:186} INFO - Started process (PID=2361) to work on /opt/airflow/dags/dss150p_pipeline.py
[2026-09-23T05:35:06.755+0000] {processor.py:914} INFO - Processing file /opt/airflow/dags/dss150p_pipeline.py for tasks to queue
[2026-09-23T05:35:06.763+0000] {logging_mixin.py:190} INFO - [2026-09-23T05:35:06.762+0000] {dagbag.py:588} INFO - Filling up the DagBag from /opt/airflow/dags/dss150p_pipeline.py
[2026-09-23T05:35:06.811+0000] {processor.py:925} INFO - DAG(s) 'dss150p_sales_pipeline' retrieved from /opt/airflow/dags/dss150p_pipeline.py
[2026-09-23T05:35:06.888+0000] {logging_mixin.py:190} INFO - [2026-09-23T05:35:06.888+0000] {dag.py:3239} INFO - Sync 1 DAGs
[2026-09-23T05:35:06.928+0000] {logging_mixin.py:190} INFO - [2026-09-23T05:35:06.928+0000] {dag.py:4180} INFO - Setting next_dagrun for dss150p_sales_pipeline to 2026-09-23 02:00:00+00:00, run_after=2026-09-24 02:00:00+00:00
[2026-09-23T05:35:06.955+0000] {processor.py:208} INFO - Processing /opt/airflow/dags/dss150p_pipeline.py took 0.222 seconds
[2026-09-23T05:35:37.067+0000] {processor.py:186} INFO - Started process (PID=2366) to work on /opt/airflow/dags/dss150p_pipeline.py
[2026-09-23T05:35:37.077+0000] {processor.py:914} INFO - Processing file /opt/airflow/dags/dss150p_pipeline.py for tasks to queue
[2026-09-23T05:35:37.085+0000] {logging_mixin.py:190} INFO - [2026-09-23T05:35:37.084+0000] {dagbag.py:588} INFO - Filling up the DagBag from /opt/airflow/dags/dss150p_pipeline.py
[2026-09-23T05:35:37.137+0000] {processor.py:925} INFO - DAG(s) 'dss150p_sales_pipeline' retrieved from /opt/airflow/dags/dss150p_pipeline.py
[2026-09-23T05:35:37.206+0000] {logging_mixin.py:190} INFO - [2026-09-23T05:35:37.206+0000] {dag.py:3239} INFO - Sync 1 DAGs
[2026-09-23T05:35:37.248+0000] {logging_mixin.py:190} INFO - [2026-09-23T05:35:37.247+0000] {dag.py:4180} INFO - Setting next_dagrun for dss150p_sales_pipeline to 2026-09-23 02:00:00+00:00, run_after=2026-09-24 02:00:00+00:00
[2026-09-23T05:35:37.290+0000] {processor.py:208} INFO - Processing /opt/airflow/dags/dss150p_pipeline.py took 0.248 seconds
[2026-09-23T05:36:07.547+0000] {processor.py:186} INFO - Started process (PID=2371) to work on /opt/airflow/dags/dss150p_pipeline.py
[2026-09-23T05:36:07.549+0000] {processor.py:914} INFO - Processing file /opt/airflow/dags/dss150p_pipeline.py for tasks to queue
[2026-09-23T05:36:07.553+0000] {logging_mixin.py:190} INFO - [2026-09-23T05:36:07.553+0000] {dagbag.py:588} INFO - Filling up the DagBag from /opt/airflow/dags/dss150p_pipeline.py
[2026-09-23T05:36:07.578+0000] {processor.py:925} INFO - DAG(s) 'dss150p_sales_pipeline' retrieved from /opt/airflow/dags/dss150p_pipeline.py
[2026-09-23T05:36:07.641+0000] {logging_mixin.py:190} INFO - [2026-09-23T05:36:07.641+0000] {dag.py:3239} INFO - Sync 1 DAGs
[2026-09-23T05:36:07.682+0000] {logging_mixin.py:190} INFO - [2026-09-23T05:36:07.682+0000] {dag.py:4180} INFO - Setting next_dagrun for dss150p_sales_pipeline to 2026-09-23 02:00:00+00:00, run_after=2026-09-24 02:00:00+00:00
[2026-09-23T05:36:07.723+0000] {processor.py:208} INFO - Processing /opt/airflow/dags/dss150p_pipeline.py took 0.190 seconds
[2026-09-23T05:36:37.920+0000] {processor.py:186} INFO - Started process (PID=2376) to work on /opt/airflow/dags/dss150p_pipeline.py
[2026-09-23T05:36:37.923+0000] {processor.py:914} INFO - Processing file /opt/airflow/dags/dss150p_pipeline.py for tasks to queue
[2026-09-23T05:36:37.932+0000] {logging_mixin.py:190} INFO - [2026-09-23T05:36:37.929+0000] {dagbag.py:588} INFO - Filling up the DagBag from /opt/airflow/dags/dss150p_pipeline.py
[2026-09-23T05:36:37.965+0000] {processor.py:925} INFO - DAG(s) 'dss150p_sales_pipeline' retrieved from /opt/airflow/dags/dss150p_pipeline.py
[2026-09-23T05:36:38.059+0000] {logging_mixin.py:190} INFO - [2026-09-23T05:36:38.058+0000] {dag.py:3239} INFO - Sync 1 DAGs
[2026-09-23T05:36:38.098+0000] {logging_mixin.py:190} INFO - [2026-09-23T05:36:38.097+0000] {dag.py:4180} INFO - Setting next_dagrun for dss150p_sales_pipeline to 2026-09-23 02:00:00+00:00, run_after=2026-09-24 02:00:00+00:00
[2026-09-23T05:36:38.152+0000] {processor.py:208} INFO - Processing /opt/airflow/dags/dss150p_pipeline.py took 0.253 seconds
[2026-09-23T05:37:06.602+0000] {processor.py:186} INFO - Started process (PID=2381) to work on /opt/airflow/dags/dss150p_pipeline.py
[2026-09-23T05:37:06.687+0000] {processor.py:914} INFO - Processing file /opt/airflow/dags/dss150p_pipeline.py for tasks to queue
[2026-09-23T05:37:06.752+0000] {logging_mixin.py:190} INFO - [2026-09-23T05:37:06.748+0000] {dagbag.py:588} INFO - Filling up the DagBag from /opt/airflow/dags/dss150p_pipeline.py
[2026-09-23T05:37:06.809+0000] {processor.py:925} INFO - DAG(s) 'dss150p_sales_pipeline' retrieved from /opt/airflow/dags/dss150p_pipeline.py
[2026-09-23T05:37:06.925+0000] {logging_mixin.py:190} INFO - [2026-09-23T05:37:06.925+0000] {taskinstance.py:3315} ERROR - {'DAG Id': 'dss150p_sales_pipeline', 'Task Id': 'transform', 'Run Id': 'manual__2026-09-23T05:25:35+00:00', 'Hostname': 'c76e692badc3'}
[2026-09-23T05:37:07.007+0000] {logging_mixin.py:190} INFO - [2026-09-23T05:37:07.007+0000] {taskinstance.py:1226} INFO - Marking task as UP_FOR_RETRY. dag_id=dss150p_sales_pipeline, task_id=transform, run_id=manual__2026-09-23T05:25:35+00:00, execution_date=20260923T052535, start_date=20260923T052611, end_date=20260923T053707
[2026-09-23T05:37:07.053+0000] {logging_mixin.py:190} INFO - [2026-09-23T05:37:07.052+0000] {processor.py:876} INFO - Executed callback for <TaskInstance: dss150p_sales_pipeline.transform manual__2026-09-23T05:25:35+00:00 [up_for_retry]> in state up_for_retry
[2026-09-23T05:37:07.517+0000] {logging_mixin.py:190} INFO - [2026-09-23T05:37:07.516+0000] {dag.py:3239} INFO - Sync 1 DAGs
[2026-09-23T05:37:07.536+0000] {logging_mixin.py:190} INFO - [2026-09-23T05:37:07.536+0000] {dag.py:4180} INFO - Setting next_dagrun for dss150p_sales_pipeline to 2026-09-23 02:00:00+00:00, run_after=2026-09-24 02:00:00+00:00
[2026-09-23T05:37:07.573+0000] {processor.py:208} INFO - Processing /opt/airflow/dags/dss150p_pipeline.py took 0.993 seconds
[2026-09-23T05:37:37.985+0000] {processor.py:186} INFO - Started process (PID=2386) to work on /opt/airflow/dags/dss150p_pipeline.py
[2026-09-23T05:37:37.987+0000] {processor.py:914} INFO - Processing file /opt/airflow/dags/dss150p_pipeline.py for tasks to queue
[2026-09-23T05:37:37.994+0000] {logging_mixin.py:190} INFO - [2026-09-23T05:37:37.993+0000] {dagbag.py:588} INFO - Filling up the DagBag from /opt/airflow/dags/dss150p_pipeline.py
[2026-09-23T05:37:38.053+0000] {processor.py:925} INFO - DAG(s) 'dss150p_sales_pipeline' retrieved from /opt/airflow/dags/dss150p_pipeline.py
[2026-09-23T05:37:38.289+0000] {logging_mixin.py:190} INFO - [2026-09-23T05:37:38.289+0000] {dag.py:3239} INFO - Sync 1 DAGs
[2026-09-23T05:37:38.329+0000] {logging_mixin.py:190} INFO - [2026-09-23T05:37:38.329+0000] {dag.py:4180} INFO - Setting next_dagrun for dss150p_sales_pipeline to 2026-09-23 02:00:00+00:00, run_after=2026-09-24 02:00:00+00:00
[2026-09-23T05:37:38.369+0000] {processor.py:208} INFO - Processing /opt/airflow/dags/dss150p_pipeline.py took 0.401 seconds
[2026-09-23T05:38:09.181+0000] {processor.py:186} INFO - Started process (PID=2394) to work on /opt/airflow/dags/dss150p_pipeline.py
[2026-09-23T05:38:09.187+0000] {processor.py:914} INFO - Processing file /opt/airflow/dags/dss150p_pipeline.py for tasks to queue
[2026-09-23T05:38:09.208+0000] {logging_mixin.py:190} INFO - [2026-09-23T05:38:09.207+0000] {dagbag.py:588} INFO - Filling up the DagBag from /opt/airflow/dags/dss150p_pipeline.py
[2026-09-23T05:38:09.280+0000] {processor.py:925} INFO - DAG(s) 'dss150p_sales_pipeline' retrieved from /opt/airflow/dags/dss150p_pipeline.py
[2026-09-23T05:38:09.906+0000] {logging_mixin.py:190} INFO - [2026-09-23T05:38:09.906+0000] {dag.py:3239} INFO - Sync 1 DAGs
[2026-09-23T05:38:10.380+0000] {logging_mixin.py:190} INFO - [2026-09-23T05:38:10.380+0000] {dag.py:4180} INFO - Setting next_dagrun for dss150p_sales_pipeline to 2026-09-23 02:00:00+00:00, run_after=2026-09-24 02:00:00+00:00
[2026-09-23T05:38:10.516+0000] {processor.py:208} INFO - Processing /opt/airflow/dags/dss150p_pipeline.py took 1.422 seconds
[2026-09-23T05:38:40.817+0000] {processor.py:186} INFO - Started process (PID=2408) to work on /opt/airflow/dags/dss150p_pipeline.py
[2026-09-23T05:38:40.821+0000] {processor.py:914} INFO - Processing file /opt/airflow/dags/dss150p_pipeline.py for tasks to queue
[2026-09-23T05:38:40.833+0000] {logging_mixin.py:190} INFO - [2026-09-23T05:38:40.832+0000] {dagbag.py:588} INFO - Filling up the DagBag from /opt/airflow/dags/dss150p_pipeline.py
[2026-09-23T05:38:40.947+0000] {processor.py:925} INFO - DAG(s) 'dss150p_sales_pipeline' retrieved from /opt/airflow/dags/dss150p_pipeline.py
[2026-09-23T05:38:41.117+0000] {logging_mixin.py:190} INFO - [2026-09-23T05:38:41.117+0000] {dag.py:3239} INFO - Sync 1 DAGs
[2026-09-23T05:38:41.193+0000] {logging_mixin.py:190} INFO - [2026-09-23T05:38:41.193+0000] {dag.py:4180} INFO - Setting next_dagrun for dss150p_sales_pipeline to 2026-09-23 02:00:00+00:00, run_after=2026-09-24 02:00:00+00:00
[2026-09-23T05:38:41.229+0000] {processor.py:208} INFO - Processing /opt/airflow/dags/dss150p_pipeline.py took 0.451 seconds
[2026-09-23T05:39:11.603+0000] {processor.py:186} INFO - Started process (PID=2413) to work on /opt/airflow/dags/dss150p_pipeline.py
[2026-09-23T05:39:11.606+0000] {processor.py:914} INFO - Processing file /opt/airflow/dags/dss150p_pipeline.py for tasks to queue
[2026-09-23T05:39:11.611+0000] {logging_mixin.py:190} INFO - [2026-09-23T05:39:11.610+0000] {dagbag.py:588} INFO - Filling up the DagBag from /opt/airflow/dags/dss150p_pipeline.py
[2026-09-23T05:39:11.659+0000] {processor.py:925} INFO - DAG(s) 'dss150p_sales_pipeline' retrieved from /opt/airflow/dags/dss150p_pipeline.py
[2026-09-23T05:39:11.932+0000] {logging_mixin.py:190} INFO - [2026-09-23T05:39:11.931+0000] {dag.py:3239} INFO - Sync 1 DAGs
[2026-09-23T05:39:12.065+0000] {logging_mixin.py:190} INFO - [2026-09-23T05:39:12.064+0000] {dag.py:4180} INFO - Setting next_dagrun for dss150p_sales_pipeline to 2026-09-23 02:00:00+00:00, run_after=2026-09-24 02:00:00+00:00
[2026-09-23T05:39:12.201+0000] {processor.py:208} INFO - Processing /opt/airflow/dags/dss150p_pipeline.py took 0.619 seconds
[2026-09-23T05:39:43.594+0000] {processor.py:186} INFO - Started process (PID=2418) to work on /opt/airflow/dags/dss150p_pipeline.py
[2026-09-23T05:39:43.597+0000] {processor.py:914} INFO - Processing file /opt/airflow/dags/dss150p_pipeline.py for tasks to queue
[2026-09-23T05:39:43.629+0000] {logging_mixin.py:190} INFO - [2026-09-23T05:39:43.626+0000] {dagbag.py:588} INFO - Filling up the DagBag from /opt/airflow/dags/dss150p_pipeline.py
[2026-09-23T05:39:43.896+0000] {processor.py:925} INFO - DAG(s) 'dss150p_sales_pipeline' retrieved from /opt/airflow/dags/dss150p_pipeline.py
[2026-09-23T05:39:46.700+0000] {logging_mixin.py:190} INFO - [2026-09-23T05:39:46.699+0000] {dag.py:3239} INFO - Sync 1 DAGs
[2026-09-23T05:39:47.975+0000] {logging_mixin.py:190} INFO - [2026-09-23T05:39:47.974+0000] {dag.py:4180} INFO - Setting next_dagrun for dss150p_sales_pipeline to 2026-09-23 02:00:00+00:00, run_after=2026-09-24 02:00:00+00:00
[2026-09-23T05:39:49.004+0000] {processor.py:208} INFO - Processing /opt/airflow/dags/dss150p_pipeline.py took 5.596 seconds
[2026-09-23T05:40:20.123+0000] {processor.py:186} INFO - Started process (PID=2423) to work on /opt/airflow/dags/dss150p_pipeline.py
[2026-09-23T05:40:20.156+0000] {processor.py:914} INFO - Processing file /opt/airflow/dags/dss150p_pipeline.py for tasks to queue
[2026-09-23T05:40:20.665+0000] {logging_mixin.py:190} INFO - [2026-09-23T05:40:20.575+0000] {dagbag.py:588} INFO - Filling up the DagBag from /opt/airflow/dags/dss150p_pipeline.py
[2026-09-23T05:40:25.506+0000] {processor.py:925} INFO - DAG(s) 'dss150p_sales_pipeline' retrieved from /opt/airflow/dags/dss150p_pipeline.py
[2026-09-23T05:40:42.941+0000] {logging_mixin.py:190} INFO - [2026-09-23T05:40:42.939+0000] {dag.py:3239} INFO - Sync 1 DAGs
[2026-09-23T05:41:02.255+0000] {logging_mixin.py:190} INFO - [2026-09-23T05:41:02.253+0000] {dag.py:4180} INFO - Setting next_dagrun for dss150p_sales_pipeline to 2026-09-23 02:00:00+00:00, run_after=2026-09-24 02:00:00+00:00
[2026-09-23T05:41:02.498+0000] {processor.py:208} INFO - Processing /opt/airflow/dags/dss150p_pipeline.py took 42.917 seconds
[2026-09-23T05:41:33.086+0000] {processor.py:186} INFO - Started process (PID=2428) to work on /opt/airflow/dags/dss150p_pipeline.py
[2026-09-23T05:41:33.092+0000] {processor.py:914} INFO - Processing file /opt/airflow/dags/dss150p_pipeline.py for tasks to queue
[2026-09-23T05:41:33.123+0000] {logging_mixin.py:190} INFO - [2026-09-23T05:41:33.122+0000] {dagbag.py:588} INFO - Filling up the DagBag from /opt/airflow/dags/dss150p_pipeline.py
[2026-09-23T05:41:33.492+0000] {processor.py:925} INFO - DAG(s) 'dss150p_sales_pipeline' retrieved from /opt/airflow/dags/dss150p_pipeline.py
[2026-09-23T05:41:33.956+0000] {logging_mixin.py:190} INFO - [2026-09-23T05:41:33.955+0000] {dag.py:3239} INFO - Sync 1 DAGs
[2026-09-23T05:41:34.055+0000] {logging_mixin.py:190} INFO - [2026-09-23T05:41:34.054+0000] {dag.py:4180} INFO - Setting next_dagrun for dss150p_sales_pipeline to 2026-09-23 02:00:00+00:00, run_after=2026-09-24 02:00:00+00:00
[2026-09-23T05:41:34.077+0000] {processor.py:208} INFO - Processing /opt/airflow/dags/dss150p_pipeline.py took 1.066 seconds
[2026-09-23T05:42:04.536+0000] {processor.py:186} INFO - Started process (PID=2433) to work on /opt/airflow/dags/dss150p_pipeline.py
[2026-09-23T05:42:04.541+0000] {processor.py:914} INFO - Processing file /opt/airflow/dags/dss150p_pipeline.py for tasks to queue
[2026-09-23T05:42:04.561+0000] {logging_mixin.py:190} INFO - [2026-09-23T05:42:04.557+0000] {dagbag.py:588} INFO - Filling up the DagBag from /opt/airflow/dags/dss150p_pipeline.py
[2026-09-23T05:42:04.636+0000] {processor.py:925} INFO - DAG(s) 'dss150p_sales_pipeline' retrieved from /opt/airflow/dags/dss150p_pipeline.py
[2026-09-23T05:42:04.748+0000] {logging_mixin.py:190} INFO - [2026-09-23T05:42:04.747+0000] {dag.py:3239} INFO - Sync 1 DAGs
[2026-09-23T05:42:04.792+0000] {logging_mixin.py:190} INFO - [2026-09-23T05:42:04.791+0000] {dag.py:4180} INFO - Setting next_dagrun for dss150p_sales_pipeline to 2026-09-23 02:00:00+00:00, run_after=2026-09-24 02:00:00+00:00
[2026-09-23T05:42:04.850+0000] {processor.py:208} INFO - Processing /opt/airflow/dags/dss150p_pipeline.py took 0.356 seconds
[2026-09-23T05:42:35.192+0000] {processor.py:186} INFO - Started process (PID=2438) to work on /opt/airflow/dags/dss150p_pipeline.py
[2026-09-23T05:42:35.195+0000] {processor.py:914} INFO - Processing file /opt/airflow/dags/dss150p_pipeline.py for tasks to queue
[2026-09-23T05:42:35.216+0000] {logging_mixin.py:190} INFO - [2026-09-23T05:42:35.215+0000] {dagbag.py:588} INFO - Filling up the DagBag from /opt/airflow/dags/dss150p_pipeline.py
[2026-09-23T05:42:35.294+0000] {processor.py:925} INFO - DAG(s) 'dss150p_sales_pipeline' retrieved from /opt/airflow/dags/dss150p_pipeline.py
[2026-09-23T05:42:35.401+0000] {logging_mixin.py:190} INFO - [2026-09-23T05:42:35.400+0000] {dag.py:3239} INFO - Sync 1 DAGs
[2026-09-23T05:42:35.465+0000] {logging_mixin.py:190} INFO - [2026-09-23T05:42:35.465+0000] {dag.py:4180} INFO - Setting next_dagrun for dss150p_sales_pipeline to 2026-09-23 02:00:00+00:00, run_after=2026-09-24 02:00:00+00:00
[2026-09-23T05:42:35.492+0000] {processor.py:208} INFO - Processing /opt/airflow/dags/dss150p_pipeline.py took 0.317 seconds
[2026-09-23T05:43:06.008+0000] {processor.py:186} INFO - Started process (PID=2443) to work on /opt/airflow/dags/dss150p_pipeline.py
[2026-09-23T05:43:06.010+0000] {processor.py:914} INFO - Processing file /opt/airflow/dags/dss150p_pipeline.py for tasks to queue
[2026-09-23T05:43:06.028+0000] {logging_mixin.py:190} INFO - [2026-09-23T05:43:06.028+0000] {dagbag.py:588} INFO - Filling up the DagBag from /opt/airflow/dags/dss150p_pipeline.py
[2026-09-23T05:43:06.101+0000] {processor.py:925} INFO - DAG(s) 'dss150p_sales_pipeline' retrieved from /opt/airflow/dags/dss150p_pipeline.py
[2026-09-23T05:43:06.235+0000] {logging_mixin.py:190} INFO - [2026-09-23T05:43:06.235+0000] {dag.py:3239} INFO - Sync 1 DAGs
[2026-09-23T05:43:06.296+0000] {logging_mixin.py:190} INFO - [2026-09-23T05:43:06.296+0000] {dag.py:4180} INFO - Setting next_dagrun for dss150p_sales_pipeline to 2026-09-23 02:00:00+00:00, run_after=2026-09-24 02:00:00+00:00
[2026-09-23T05:43:06.333+0000] {processor.py:208} INFO - Processing /opt/airflow/dags/dss150p_pipeline.py took 0.343 seconds
[2026-09-23T05:43:36.927+0000] {processor.py:186} INFO - Started process (PID=2448) to work on /opt/airflow/dags/dss150p_pipeline.py
[2026-09-23T05:43:36.933+0000] {processor.py:914} INFO - Processing file /opt/airflow/dags/dss150p_pipeline.py for tasks to queue
[2026-09-23T05:43:36.961+0000] {logging_mixin.py:190} INFO - [2026-09-23T05:43:36.960+0000] {dagbag.py:588} INFO - Filling up the DagBag from /opt/airflow/dags/dss150p_pipeline.py
[2026-09-23T05:43:37.077+0000] {processor.py:925} INFO - DAG(s) 'dss150p_sales_pipeline' retrieved from /opt/airflow/dags/dss150p_pipeline.py
[2026-09-23T05:43:37.267+0000] {logging_mixin.py:190} INFO - [2026-09-23T05:43:37.266+0000] {dag.py:3239} INFO - Sync 1 DAGs
[2026-09-23T05:43:37.466+0000] {logging_mixin.py:190} INFO - [2026-09-23T05:43:37.466+0000] {dag.py:4180} INFO - Setting next_dagrun for dss150p_sales_pipeline to 2026-09-23 02:00:00+00:00, run_after=2026-09-24 02:00:00+00:00
[2026-09-23T05:43:37.531+0000] {processor.py:208} INFO - Processing /opt/airflow/dags/dss150p_pipeline.py took 0.692 seconds
[2026-09-23T05:44:07.676+0000] {processor.py:186} INFO - Started process (PID=2453) to work on /opt/airflow/dags/dss150p_pipeline.py
[2026-09-23T05:44:07.680+0000] {processor.py:914} INFO - Processing file /opt/airflow/dags/dss150p_pipeline.py for tasks to queue
[2026-09-23T05:44:07.690+0000] {logging_mixin.py:190} INFO - [2026-09-23T05:44:07.689+0000] {dagbag.py:588} INFO - Filling up the DagBag from /opt/airflow/dags/dss150p_pipeline.py
[2026-09-23T05:44:07.742+0000] {processor.py:925} INFO - DAG(s) 'dss150p_sales_pipeline' retrieved from /opt/airflow/dags/dss150p_pipeline.py
[2026-09-23T05:44:07.817+0000] {logging_mixin.py:190} INFO - [2026-09-23T05:44:07.817+0000] {dag.py:3239} INFO - Sync 1 DAGs
[2026-09-23T05:44:07.860+0000] {logging_mixin.py:190} INFO - [2026-09-23T05:44:07.859+0000] {dag.py:4180} INFO - Setting next_dagrun for dss150p_sales_pipeline to 2026-09-23 02:00:00+00:00, run_after=2026-09-24 02:00:00+00:00
[2026-09-23T05:44:07.891+0000] {processor.py:208} INFO - Processing /opt/airflow/dags/dss150p_pipeline.py took 0.233 seconds
[2026-09-23T05:44:38.107+0000] {processor.py:186} INFO - Started process (PID=2458) to work on /opt/airflow/dags/dss150p_pipeline.py
[2026-09-23T05:44:38.121+0000] {processor.py:914} INFO - Processing file /opt/airflow/dags/dss150p_pipeline.py for tasks to queue
[2026-09-23T05:44:38.137+0000] {logging_mixin.py:190} INFO - [2026-09-23T05:44:38.136+0000] {dagbag.py:588} INFO - Filling up the DagBag from /opt/airflow/dags/dss150p_pipeline.py
[2026-09-23T05:44:38.251+0000] {processor.py:925} INFO - DAG(s) 'dss150p_sales_pipeline' retrieved from /opt/airflow/dags/dss150p_pipeline.py
[2026-09-23T05:44:38.355+0000] {logging_mixin.py:190} INFO - [2026-09-23T05:44:38.353+0000] {dag.py:3239} INFO - Sync 1 DAGs
[2026-09-23T05:44:38.418+0000] {logging_mixin.py:190} INFO - [2026-09-23T05:44:38.417+0000] {dag.py:4180} INFO - Setting next_dagrun for dss150p_sales_pipeline to 2026-09-23 02:00:00+00:00, run_after=2026-09-24 02:00:00+00:00
[2026-09-23T05:44:38.471+0000] {processor.py:208} INFO - Processing /opt/airflow/dags/dss150p_pipeline.py took 0.385 seconds
[2026-09-23T05:45:08.850+0000] {processor.py:186} INFO - Started process (PID=2463) to work on /opt/airflow/dags/dss150p_pipeline.py
[2026-09-23T05:45:08.858+0000] {processor.py:914} INFO - Processing file /opt/airflow/dags/dss150p_pipeline.py for tasks to queue
[2026-09-23T05:45:08.867+0000] {logging_mixin.py:190} INFO - [2026-09-23T05:45:08.866+0000] {dagbag.py:588} INFO - Filling up the DagBag from /opt/airflow/dags/dss150p_pipeline.py
[2026-09-23T05:45:08.968+0000] {processor.py:925} INFO - DAG(s) 'dss150p_sales_pipeline' retrieved from /opt/airflow/dags/dss150p_pipeline.py
[2026-09-23T05:45:09.058+0000] {logging_mixin.py:190} INFO - [2026-09-23T05:45:09.058+0000] {dag.py:3239} INFO - Sync 1 DAGs
[2026-09-23T05:45:09.112+0000] {logging_mixin.py:190} INFO - [2026-09-23T05:45:09.112+0000] {dag.py:4180} INFO - Setting next_dagrun for dss150p_sales_pipeline to 2026-09-23 02:00:00+00:00, run_after=2026-09-24 02:00:00+00:00
[2026-09-23T05:45:09.157+0000] {processor.py:208} INFO - Processing /opt/airflow/dags/dss150p_pipeline.py took 0.351 seconds
[2026-09-23T05:45:39.305+0000] {processor.py:186} INFO - Started process (PID=2468) to work on /opt/airflow/dags/dss150p_pipeline.py
[2026-09-23T05:45:39.307+0000] {processor.py:914} INFO - Processing file /opt/airflow/dags/dss150p_pipeline.py for tasks to queue
[2026-09-23T05:45:39.315+0000] {logging_mixin.py:190} INFO - [2026-09-23T05:45:39.313+0000] {dagbag.py:588} INFO - Filling up the DagBag from /opt/airflow/dags/dss150p_pipeline.py
[2026-09-23T05:45:39.363+0000] {processor.py:925} INFO - DAG(s) 'dss150p_sales_pipeline' retrieved from /opt/airflow/dags/dss150p_pipeline.py
[2026-09-23T05:45:39.501+0000] {logging_mixin.py:190} INFO - [2026-09-23T05:45:39.501+0000] {dag.py:3239} INFO - Sync 1 DAGs
[2026-09-23T05:45:39.537+0000] {logging_mixin.py:190} INFO - [2026-09-23T05:45:39.536+0000] {dag.py:4180} INFO - Setting next_dagrun for dss150p_sales_pipeline to 2026-09-23 02:00:00+00:00, run_after=2026-09-24 02:00:00+00:00
[2026-09-23T05:45:39.568+0000] {processor.py:208} INFO - Processing /opt/airflow/dags/dss150p_pipeline.py took 0.281 seconds
[2026-09-23T05:45:43.263+0000] {processor.py:186} INFO - Started process (PID=2473) to work on /opt/airflow/dags/dss150p_pipeline.py
[2026-09-23T05:45:43.270+0000] {processor.py:914} INFO - Processing file /opt/airflow/dags/dss150p_pipeline.py for tasks to queue
[2026-09-23T05:45:43.276+0000] {logging_mixin.py:190} INFO - [2026-09-23T05:45:43.275+0000] {dagbag.py:588} INFO - Filling up the DagBag from /opt/airflow/dags/dss150p_pipeline.py
[2026-09-23T05:45:43.316+0000] {processor.py:925} INFO - DAG(s) 'dss150p_sales_pipeline' retrieved from /opt/airflow/dags/dss150p_pipeline.py
[2026-09-23T05:45:43.728+0000] {logging_mixin.py:190} INFO - [2026-09-23T05:45:43.727+0000] {taskinstance.py:3315} ERROR - {'DAG Id': 'dss150p_sales_pipeline', 'Task Id': 'transform', 'Run Id': 'manual__2026-09-23T05:25:35+00:00', 'Hostname': 'c76e692badc3'}
[2026-09-23T05:45:43.832+0000] {logging_mixin.py:190} INFO - [2026-09-23T05:45:43.831+0000] {taskinstance.py:1226} INFO - Marking task as UP_FOR_RETRY. dag_id=dss150p_sales_pipeline, task_id=transform, run_id=manual__2026-09-23T05:25:35+00:00, execution_date=20260923T052535, start_date=20260923T053808, end_date=20260923T054543
[2026-09-23T05:45:43.960+0000] {logging_mixin.py:190} INFO - [2026-09-23T05:45:43.958+0000] {processor.py:876} INFO - Executed callback for <TaskInstance: dss150p_sales_pipeline.transform manual__2026-09-23T05:25:35+00:00 [up_for_retry]> in state up_for_retry
[2026-09-23T05:45:45.196+0000] {logging_mixin.py:190} INFO - [2026-09-23T05:45:45.195+0000] {dag.py:3239} INFO - Sync 1 DAGs
[2026-09-23T05:45:45.227+0000] {logging_mixin.py:190} INFO - [2026-09-23T05:45:45.227+0000] {dag.py:4180} INFO - Setting next_dagrun for dss150p_sales_pipeline to 2026-09-23 02:00:00+00:00, run_after=2026-09-24 02:00:00+00:00
[2026-09-23T05:45:45.264+0000] {processor.py:208} INFO - Processing /opt/airflow/dags/dss150p_pipeline.py took 2.010 seconds
[2026-09-23T05:46:16.035+0000] {processor.py:186} INFO - Started process (PID=2478) to work on /opt/airflow/dags/dss150p_pipeline.py
[2026-09-23T05:46:16.042+0000] {processor.py:914} INFO - Processing file /opt/airflow/dags/dss150p_pipeline.py for tasks to queue
[2026-09-23T05:46:16.097+0000] {logging_mixin.py:190} INFO - [2026-09-23T05:46:16.058+0000] {dagbag.py:588} INFO - Filling up the DagBag from /opt/airflow/dags/dss150p_pipeline.py
[2026-09-23T05:46:16.290+0000] {processor.py:925} INFO - DAG(s) 'dss150p_sales_pipeline' retrieved from /opt/airflow/dags/dss150p_pipeline.py
[2026-09-23T05:46:16.639+0000] {logging_mixin.py:190} INFO - [2026-09-23T05:46:16.638+0000] {dag.py:3239} INFO - Sync 1 DAGs
[2026-09-23T05:46:16.717+0000] {logging_mixin.py:190} INFO - [2026-09-23T05:46:16.717+0000] {dag.py:4180} INFO - Setting next_dagrun for dss150p_sales_pipeline to 2026-09-23 02:00:00+00:00, run_after=2026-09-24 02:00:00+00:00
[2026-09-23T05:46:16.758+0000] {processor.py:208} INFO - Processing /opt/airflow/dags/dss150p_pipeline.py took 0.812 seconds
[2026-09-23T05:46:47.517+0000] {processor.py:186} INFO - Started process (PID=2484) to work on /opt/airflow/dags/dss150p_pipeline.py
[2026-09-23T05:46:47.544+0000] {processor.py:914} INFO - Processing file /opt/airflow/dags/dss150p_pipeline.py for tasks to queue
[2026-09-23T05:46:47.613+0000] {logging_mixin.py:190} INFO - [2026-09-23T05:46:47.612+0000] {dagbag.py:588} INFO - Filling up the DagBag from /opt/airflow/dags/dss150p_pipeline.py
[2026-09-23T05:46:47.742+0000] {processor.py:925} INFO - DAG(s) 'dss150p_sales_pipeline' retrieved from /opt/airflow/dags/dss150p_pipeline.py
[2026-09-23T05:46:47.876+0000] {logging_mixin.py:190} INFO - [2026-09-23T05:46:47.876+0000] {dag.py:3239} INFO - Sync 1 DAGs
[2026-09-23T05:46:47.944+0000] {logging_mixin.py:190} INFO - [2026-09-23T05:46:47.944+0000] {dag.py:4180} INFO - Setting next_dagrun for dss150p_sales_pipeline to 2026-09-23 02:00:00+00:00, run_after=2026-09-24 02:00:00+00:00
[2026-09-23T05:46:47.998+0000] {processor.py:208} INFO - Processing /opt/airflow/dags/dss150p_pipeline.py took 0.528 seconds
[2026-09-23T05:47:18.846+0000] {processor.py:186} INFO - Started process (PID=2500) to work on /opt/airflow/dags/dss150p_pipeline.py
[2026-09-23T05:47:18.849+0000] {processor.py:914} INFO - Processing file /opt/airflow/dags/dss150p_pipeline.py for tasks to queue
[2026-09-23T05:47:18.856+0000] {logging_mixin.py:190} INFO - [2026-09-23T05:47:18.854+0000] {dagbag.py:588} INFO - Filling up the DagBag from /opt/airflow/dags/dss150p_pipeline.py
[2026-09-23T05:47:18.996+0000] {processor.py:925} INFO - DAG(s) 'dss150p_sales_pipeline' retrieved from /opt/airflow/dags/dss150p_pipeline.py
[2026-09-23T05:47:19.697+0000] {logging_mixin.py:190} INFO - [2026-09-23T05:47:19.696+0000] {dag.py:3239} INFO - Sync 1 DAGs
[2026-09-23T05:47:20.224+0000] {logging_mixin.py:190} INFO - [2026-09-23T05:47:20.224+0000] {dag.py:4180} INFO - Setting next_dagrun for dss150p_sales_pipeline to 2026-09-23 02:00:00+00:00, run_after=2026-09-24 02:00:00+00:00
[2026-09-23T05:47:23.522+0000] {processor.py:208} INFO - Processing /opt/airflow/dags/dss150p_pipeline.py took 4.732 seconds
[2026-09-23T05:47:55.024+0000] {processor.py:186} INFO - Started process (PID=2505) to work on /opt/airflow/dags/dss150p_pipeline.py
[2026-09-23T05:47:55.030+0000] {processor.py:914} INFO - Processing file /opt/airflow/dags/dss150p_pipeline.py for tasks to queue
[2026-09-23T05:47:55.045+0000] {logging_mixin.py:190} INFO - [2026-09-23T05:47:55.045+0000] {dagbag.py:588} INFO - Filling up the DagBag from /opt/airflow/dags/dss150p_pipeline.py
[2026-09-23T05:47:55.239+0000] {processor.py:925} INFO - DAG(s) 'dss150p_sales_pipeline' retrieved from /opt/airflow/dags/dss150p_pipeline.py
[2026-09-23T05:47:55.395+0000] {logging_mixin.py:190} INFO - [2026-09-23T05:47:55.395+0000] {dag.py:3239} INFO - Sync 1 DAGs
[2026-09-23T05:47:55.442+0000] {logging_mixin.py:190} INFO - [2026-09-23T05:47:55.442+0000] {dag.py:4180} INFO - Setting next_dagrun for dss150p_sales_pipeline to 2026-09-23 02:00:00+00:00, run_after=2026-09-24 02:00:00+00:00
[2026-09-23T05:47:55.503+0000] {processor.py:208} INFO - Processing /opt/airflow/dags/dss150p_pipeline.py took 0.547 seconds
[2026-09-23T05:48:25.710+0000] {processor.py:186} INFO - Started process (PID=2510) to work on /opt/airflow/dags/dss150p_pipeline.py
[2026-09-23T05:48:25.717+0000] {processor.py:914} INFO - Processing file /opt/airflow/dags/dss150p_pipeline.py for tasks to queue
[2026-09-23T05:48:25.735+0000] {logging_mixin.py:190} INFO - [2026-09-23T05:48:25.734+0000] {dagbag.py:588} INFO - Filling up the DagBag from /opt/airflow/dags/dss150p_pipeline.py
[2026-09-23T05:48:25.799+0000] {processor.py:925} INFO - DAG(s) 'dss150p_sales_pipeline' retrieved from /opt/airflow/dags/dss150p_pipeline.py
[2026-09-23T05:48:25.949+0000] {logging_mixin.py:190} INFO - [2026-09-23T05:48:25.949+0000] {dag.py:3239} INFO - Sync 1 DAGs
[2026-09-23T05:48:26.013+0000] {logging_mixin.py:190} INFO - [2026-09-23T05:48:26.013+0000] {dag.py:4180} INFO - Setting next_dagrun for dss150p_sales_pipeline to 2026-09-23 02:00:00+00:00, run_after=2026-09-24 02:00:00+00:00
[2026-09-23T05:48:26.054+0000] {processor.py:208} INFO - Processing /opt/airflow/dags/dss150p_pipeline.py took 0.372 seconds
[2026-09-23T05:48:56.569+0000] {processor.py:186} INFO - Started process (PID=2515) to work on /opt/airflow/dags/dss150p_pipeline.py
[2026-09-23T05:48:56.575+0000] {processor.py:914} INFO - Processing file /opt/airflow/dags/dss150p_pipeline.py for tasks to queue
[2026-09-23T05:48:56.587+0000] {logging_mixin.py:190} INFO - [2026-09-23T05:48:56.586+0000] {dagbag.py:588} INFO - Filling up the DagBag from /opt/airflow/dags/dss150p_pipeline.py
[2026-09-23T05:48:56.636+0000] {processor.py:925} INFO - DAG(s) 'dss150p_sales_pipeline' retrieved from /opt/airflow/dags/dss150p_pipeline.py
[2026-09-23T05:48:56.727+0000] {logging_mixin.py:190} INFO - [2026-09-23T05:48:56.727+0000] {dag.py:3239} INFO - Sync 1 DAGs
[2026-09-23T05:48:56.786+0000] {logging_mixin.py:190} INFO - [2026-09-23T05:48:56.786+0000] {dag.py:4180} INFO - Setting next_dagrun for dss150p_sales_pipeline to 2026-09-23 02:00:00+00:00, run_after=2026-09-24 02:00:00+00:00
[2026-09-23T05:48:56.826+0000] {processor.py:208} INFO - Processing /opt/airflow/dags/dss150p_pipeline.py took 0.296 seconds
[2026-09-23T05:49:27.148+0000] {processor.py:186} INFO - Started process (PID=2520) to work on /opt/airflow/dags/dss150p_pipeline.py
[2026-09-23T05:49:27.158+0000] {processor.py:914} INFO - Processing file /opt/airflow/dags/dss150p_pipeline.py for tasks to queue
[2026-09-23T05:49:27.167+0000] {logging_mixin.py:190} INFO - [2026-09-23T05:49:27.165+0000] {dagbag.py:588} INFO - Filling up the DagBag from /opt/airflow/dags/dss150p_pipeline.py
[2026-09-23T05:49:27.203+0000] {processor.py:925} INFO - DAG(s) 'dss150p_sales_pipeline' retrieved from /opt/airflow/dags/dss150p_pipeline.py
[2026-09-23T05:49:27.279+0000] {logging_mixin.py:190} INFO - [2026-09-23T05:49:27.279+0000] {dag.py:3239} INFO - Sync 1 DAGs
[2026-09-23T05:49:27.324+0000] {logging_mixin.py:190} INFO - [2026-09-23T05:49:27.324+0000] {dag.py:4180} INFO - Setting next_dagrun for dss150p_sales_pipeline to 2026-09-23 02:00:00+00:00, run_after=2026-09-24 02:00:00+00:00
[2026-09-23T05:49:27.354+0000] {processor.py:208} INFO - Processing /opt/airflow/dags/dss150p_pipeline.py took 0.245 seconds
[2026-09-23T05:49:57.832+0000] {processor.py:186} INFO - Started process (PID=2525) to work on /opt/airflow/dags/dss150p_pipeline.py
[2026-09-23T05:49:57.837+0000] {processor.py:914} INFO - Processing file /opt/airflow/dags/dss150p_pipeline.py for tasks to queue
[2026-09-23T05:49:57.850+0000] {logging_mixin.py:190} INFO - [2026-09-23T05:49:57.849+0000] {dagbag.py:588} INFO - Filling up the DagBag from /opt/airflow/dags/dss150p_pipeline.py
[2026-09-23T05:49:57.906+0000] {processor.py:925} INFO - DAG(s) 'dss150p_sales_pipeline' retrieved from /opt/airflow/dags/dss150p_pipeline.py
[2026-09-23T05:49:58.020+0000] {logging_mixin.py:190} INFO - [2026-09-23T05:49:58.019+0000] {dag.py:3239} INFO - Sync 1 DAGs
[2026-09-23T05:49:58.059+0000] {logging_mixin.py:190} INFO - [2026-09-23T05:49:58.059+0000] {dag.py:4180} INFO - Setting next_dagrun for dss150p_sales_pipeline to 2026-09-23 02:00:00+00:00, run_after=2026-09-24 02:00:00+00:00
[2026-09-23T05:49:58.092+0000] {processor.py:208} INFO - Processing /opt/airflow/dags/dss150p_pipeline.py took 0.282 seconds
[2026-09-23T05:50:28.559+0000] {processor.py:186} INFO - Started process (PID=2530) to work on /opt/airflow/dags/dss150p_pipeline.py
[2026-09-23T05:50:28.565+0000] {processor.py:914} INFO - Processing file /opt/airflow/dags/dss150p_pipeline.py for tasks to queue
[2026-09-23T05:50:28.576+0000] {logging_mixin.py:190} INFO - [2026-09-23T05:50:28.576+0000] {dagbag.py:588} INFO - Filling up the DagBag from /opt/airflow/dags/dss150p_pipeline.py
[2026-09-23T05:50:28.674+0000] {processor.py:925} INFO - DAG(s) 'dss150p_sales_pipeline' retrieved from /opt/airflow/dags/dss150p_pipeline.py
[2026-09-23T05:50:28.758+0000] {logging_mixin.py:190} INFO - [2026-09-23T05:50:28.758+0000] {dag.py:3239} INFO - Sync 1 DAGs
[2026-09-23T05:50:28.806+0000] {logging_mixin.py:190} INFO - [2026-09-23T05:50:28.805+0000] {dag.py:4180} INFO - Setting next_dagrun for dss150p_sales_pipeline to 2026-09-23 02:00:00+00:00, run_after=2026-09-24 02:00:00+00:00
[2026-09-23T05:50:28.864+0000] {processor.py:208} INFO - Processing /opt/airflow/dags/dss150p_pipeline.py took 0.334 seconds
[2026-09-23T05:50:59.511+0000] {processor.py:186} INFO - Started process (PID=2535) to work on /opt/airflow/dags/dss150p_pipeline.py
[2026-09-23T05:50:59.518+0000] {processor.py:914} INFO - Processing file /opt/airflow/dags/dss150p_pipeline.py for tasks to queue
[2026-09-23T05:50:59.534+0000] {logging_mixin.py:190} INFO - [2026-09-23T05:50:59.532+0000] {dagbag.py:588} INFO - Filling up the DagBag from /opt/airflow/dags/dss150p_pipeline.py
[2026-09-23T05:50:59.702+0000] {processor.py:925} INFO - DAG(s) 'dss150p_sales_pipeline' retrieved from /opt/airflow/dags/dss150p_pipeline.py
[2026-09-23T05:50:59.853+0000] {logging_mixin.py:190} INFO - [2026-09-23T05:50:59.852+0000] {dag.py:3239} INFO - Sync 1 DAGs
[2026-09-23T05:50:59.921+0000] {logging_mixin.py:190} INFO - [2026-09-23T05:50:59.920+0000] {dag.py:4180} INFO - Setting next_dagrun for dss150p_sales_pipeline to 2026-09-23 02:00:00+00:00, run_after=2026-09-24 02:00:00+00:00
[2026-09-23T05:50:59.970+0000] {processor.py:208} INFO - Processing /opt/airflow/dags/dss150p_pipeline.py took 0.486 seconds
[2026-09-23T05:51:30.550+0000] {processor.py:186} INFO - Started process (PID=2540) to work on /opt/airflow/dags/dss150p_pipeline.py
[2026-09-23T05:51:30.559+0000] {processor.py:914} INFO - Processing file /opt/airflow/dags/dss150p_pipeline.py for tasks to queue
[2026-09-23T05:51:30.592+0000] {logging_mixin.py:190} INFO - [2026-09-23T05:51:30.577+0000] {dagbag.py:588} INFO - Filling up the DagBag from /opt/airflow/dags/dss150p_pipeline.py
[2026-09-23T05:51:30.771+0000] {processor.py:925} INFO - DAG(s) 'dss150p_sales_pipeline' retrieved from /opt/airflow/dags/dss150p_pipeline.py
[2026-09-23T05:51:31.014+0000] {logging_mixin.py:190} INFO - [2026-09-23T05:51:31.014+0000] {dag.py:3239} INFO - Sync 1 DAGs
[2026-09-23T05:51:31.101+0000] {logging_mixin.py:190} INFO - [2026-09-23T05:51:31.101+0000] {dag.py:4180} INFO - Setting next_dagrun for dss150p_sales_pipeline to 2026-09-23 02:00:00+00:00, run_after=2026-09-24 02:00:00+00:00
[2026-09-23T05:51:31.145+0000] {processor.py:208} INFO - Processing /opt/airflow/dags/dss150p_pipeline.py took 0.617 seconds
[2026-09-23T05:52:01.388+0000] {processor.py:186} INFO - Started process (PID=2545) to work on /opt/airflow/dags/dss150p_pipeline.py
[2026-09-23T05:52:01.391+0000] {processor.py:914} INFO - Processing file /opt/airflow/dags/dss150p_pipeline.py for tasks to queue
[2026-09-23T05:52:01.398+0000] {logging_mixin.py:190} INFO - [2026-09-23T05:52:01.397+0000] {dagbag.py:588} INFO - Filling up the DagBag from /opt/airflow/dags/dss150p_pipeline.py
[2026-09-23T05:52:01.460+0000] {processor.py:925} INFO - DAG(s) 'dss150p_sales_pipeline' retrieved from /opt/airflow/dags/dss150p_pipeline.py
[2026-09-23T05:52:01.624+0000] {logging_mixin.py:190} INFO - [2026-09-23T05:52:01.623+0000] {dag.py:3239} INFO - Sync 1 DAGs
[2026-09-23T05:52:01.673+0000] {logging_mixin.py:190} INFO - [2026-09-23T05:52:01.673+0000] {dag.py:4180} INFO - Setting next_dagrun for dss150p_sales_pipeline to 2026-09-23 02:00:00+00:00, run_after=2026-09-24 02:00:00+00:00
[2026-09-23T05:52:01.725+0000] {processor.py:208} INFO - Processing /opt/airflow/dags/dss150p_pipeline.py took 0.361 seconds
[2026-09-23T05:52:32.178+0000] {processor.py:186} INFO - Started process (PID=2550) to work on /opt/airflow/dags/dss150p_pipeline.py
[2026-09-23T05:52:32.181+0000] {processor.py:914} INFO - Processing file /opt/airflow/dags/dss150p_pipeline.py for tasks to queue
[2026-09-23T05:52:32.193+0000] {logging_mixin.py:190} INFO - [2026-09-23T05:52:32.189+0000] {dagbag.py:588} INFO - Filling up the DagBag from /opt/airflow/dags/dss150p_pipeline.py
[2026-09-23T05:52:32.300+0000] {processor.py:925} INFO - DAG(s) 'dss150p_sales_pipeline' retrieved from /opt/airflow/dags/dss150p_pipeline.py
[2026-09-23T05:52:32.586+0000] {logging_mixin.py:190} INFO - [2026-09-23T05:52:32.585+0000] {dag.py:3239} INFO - Sync 1 DAGs
[2026-09-23T05:52:32.653+0000] {logging_mixin.py:190} INFO - [2026-09-23T05:52:32.653+0000] {dag.py:4180} INFO - Setting next_dagrun for dss150p_sales_pipeline to 2026-09-23 02:00:00+00:00, run_after=2026-09-24 02:00:00+00:00
[2026-09-23T05:52:32.706+0000] {processor.py:208} INFO - Processing /opt/airflow/dags/dss150p_pipeline.py took 0.578 seconds
[2026-09-23T05:53:03.212+0000] {processor.py:186} INFO - Started process (PID=2555) to work on /opt/airflow/dags/dss150p_pipeline.py
[2026-09-23T05:53:03.219+0000] {processor.py:914} INFO - Processing file /opt/airflow/dags/dss150p_pipeline.py for tasks to queue
[2026-09-23T05:53:03.233+0000] {logging_mixin.py:190} INFO - [2026-09-23T05:53:03.229+0000] {dagbag.py:588} INFO - Filling up the DagBag from /opt/airflow/dags/dss150p_pipeline.py
[2026-09-23T05:53:03.352+0000] {processor.py:925} INFO - DAG(s) 'dss150p_sales_pipeline' retrieved from /opt/airflow/dags/dss150p_pipeline.py
[2026-09-23T05:53:03.675+0000] {logging_mixin.py:190} INFO - [2026-09-23T05:53:03.675+0000] {dag.py:3239} INFO - Sync 1 DAGs
[2026-09-23T05:53:03.739+0000] {logging_mixin.py:190} INFO - [2026-09-23T05:53:03.739+0000] {dag.py:4180} INFO - Setting next_dagrun for dss150p_sales_pipeline to 2026-09-23 02:00:00+00:00, run_after=2026-09-24 02:00:00+00:00
[2026-09-23T05:53:03.794+0000] {processor.py:208} INFO - Processing /opt/airflow/dags/dss150p_pipeline.py took 0.616 seconds
[2026-09-23T05:53:34.701+0000] {processor.py:186} INFO - Started process (PID=2560) to work on /opt/airflow/dags/dss150p_pipeline.py
[2026-09-23T05:53:34.704+0000] {processor.py:914} INFO - Processing file /opt/airflow/dags/dss150p_pipeline.py for tasks to queue
[2026-09-23T05:53:34.711+0000] {logging_mixin.py:190} INFO - [2026-09-23T05:53:34.708+0000] {dagbag.py:588} INFO - Filling up the DagBag from /opt/airflow/dags/dss150p_pipeline.py
[2026-09-23T05:53:34.845+0000] {processor.py:925} INFO - DAG(s) 'dss150p_sales_pipeline' retrieved from /opt/airflow/dags/dss150p_pipeline.py
[2026-09-23T05:53:35.532+0000] {logging_mixin.py:190} INFO - [2026-09-23T05:53:35.532+0000] {dag.py:3239} INFO - Sync 1 DAGs
[2026-09-23T05:53:35.860+0000] {logging_mixin.py:190} INFO - [2026-09-23T05:53:35.854+0000] {dag.py:4180} INFO - Setting next_dagrun for dss150p_sales_pipeline to 2026-09-23 02:00:00+00:00, run_after=2026-09-24 02:00:00+00:00
[2026-09-23T05:53:35.982+0000] {processor.py:208} INFO - Processing /opt/airflow/dags/dss150p_pipeline.py took 1.319 seconds
[2026-09-23T05:54:09.352+0000] {processor.py:186} INFO - Started process (PID=2565) to work on /opt/airflow/dags/dss150p_pipeline.py
[2026-09-23T05:54:09.379+0000] {processor.py:914} INFO - Processing file /opt/airflow/dags/dss150p_pipeline.py for tasks to queue
[2026-09-23T05:54:09.458+0000] {logging_mixin.py:190} INFO - [2026-09-23T05:54:09.449+0000] {dagbag.py:588} INFO - Filling up the DagBag from /opt/airflow/dags/dss150p_pipeline.py
[2026-09-23T05:54:12.119+0000] {processor.py:925} INFO - DAG(s) 'dss150p_sales_pipeline' retrieved from /opt/airflow/dags/dss150p_pipeline.py
[2026-09-23T05:54:18.400+0000] {logging_mixin.py:190} INFO - [2026-09-23T05:54:18.399+0000] {dag.py:3239} INFO - Sync 1 DAGs
[2026-09-23T05:54:18.459+0000] {logging_mixin.py:190} INFO - [2026-09-23T05:54:18.459+0000] {dag.py:4180} INFO - Setting next_dagrun for dss150p_sales_pipeline to 2026-09-23 02:00:00+00:00, run_after=2026-09-24 02:00:00+00:00
[2026-09-23T05:54:18.516+0000] {processor.py:208} INFO - Processing /opt/airflow/dags/dss150p_pipeline.py took 10.088 seconds
[2026-09-23T05:54:48.866+0000] {processor.py:186} INFO - Started process (PID=2570) to work on /opt/airflow/dags/dss150p_pipeline.py
[2026-09-23T05:54:48.868+0000] {processor.py:914} INFO - Processing file /opt/airflow/dags/dss150p_pipeline.py for tasks to queue
[2026-09-23T05:54:48.879+0000] {logging_mixin.py:190} INFO - [2026-09-23T05:54:48.878+0000] {dagbag.py:588} INFO - Filling up the DagBag from /opt/airflow/dags/dss150p_pipeline.py
[2026-09-23T05:54:48.978+0000] {processor.py:925} INFO - DAG(s) 'dss150p_sales_pipeline' retrieved from /opt/airflow/dags/dss150p_pipeline.py
[2026-09-23T05:54:49.082+0000] {logging_mixin.py:190} INFO - [2026-09-23T05:54:49.082+0000] {dag.py:3239} INFO - Sync 1 DAGs
[2026-09-23T05:54:49.119+0000] {logging_mixin.py:190} INFO - [2026-09-23T05:54:49.119+0000] {dag.py:4180} INFO - Setting next_dagrun for dss150p_sales_pipeline to 2026-09-23 02:00:00+00:00, run_after=2026-09-24 02:00:00+00:00
[2026-09-23T05:54:49.157+0000] {processor.py:208} INFO - Processing /opt/airflow/dags/dss150p_pipeline.py took 0.319 seconds
[2026-09-23T05:55:19.502+0000] {processor.py:186} INFO - Started process (PID=2575) to work on /opt/airflow/dags/dss150p_pipeline.py
[2026-09-23T05:55:19.506+0000] {processor.py:914} INFO - Processing file /opt/airflow/dags/dss150p_pipeline.py for tasks to queue
[2026-09-23T05:55:19.522+0000] {logging_mixin.py:190} INFO - [2026-09-23T05:55:19.521+0000] {dagbag.py:588} INFO - Filling up the DagBag from /opt/airflow/dags/dss150p_pipeline.py
[2026-09-23T05:55:19.582+0000] {processor.py:925} INFO - DAG(s) 'dss150p_sales_pipeline' retrieved from /opt/airflow/dags/dss150p_pipeline.py
[2026-09-23T05:55:19.677+0000] {logging_mixin.py:190} INFO - [2026-09-23T05:55:19.676+0000] {dag.py:3239} INFO - Sync 1 DAGs
[2026-09-23T05:55:19.721+0000] {logging_mixin.py:190} INFO - [2026-09-23T05:55:19.721+0000] {dag.py:4180} INFO - Setting next_dagrun for dss150p_sales_pipeline to 2026-09-23 02:00:00+00:00, run_after=2026-09-24 02:00:00+00:00
[2026-09-23T05:55:19.775+0000] {processor.py:208} INFO - Processing /opt/airflow/dags/dss150p_pipeline.py took 0.301 seconds
[2026-09-23T05:55:50.104+0000] {processor.py:186} INFO - Started process (PID=2580) to work on /opt/airflow/dags/dss150p_pipeline.py
[2026-09-23T05:55:50.106+0000] {processor.py:914} INFO - Processing file /opt/airflow/dags/dss150p_pipeline.py for tasks to queue
[2026-09-23T05:55:50.113+0000] {logging_mixin.py:190} INFO - [2026-09-23T05:55:50.112+0000] {dagbag.py:588} INFO - Filling up the DagBag from /opt/airflow/dags/dss150p_pipeline.py
[2026-09-23T05:55:50.155+0000] {processor.py:925} INFO - DAG(s) 'dss150p_sales_pipeline' retrieved from /opt/airflow/dags/dss150p_pipeline.py
[2026-09-23T05:55:50.262+0000] {logging_mixin.py:190} INFO - [2026-09-23T05:55:50.262+0000] {dag.py:3239} INFO - Sync 1 DAGs
[2026-09-23T05:55:50.320+0000] {logging_mixin.py:190} INFO - [2026-09-23T05:55:50.320+0000] {dag.py:4180} INFO - Setting next_dagrun for dss150p_sales_pipeline to 2026-09-23 02:00:00+00:00, run_after=2026-09-24 02:00:00+00:00
[2026-09-23T05:55:50.351+0000] {processor.py:208} INFO - Processing /opt/airflow/dags/dss150p_pipeline.py took 0.264 seconds
[2026-09-23T05:56:20.595+0000] {processor.py:186} INFO - Started process (PID=2585) to work on /opt/airflow/dags/dss150p_pipeline.py
[2026-09-23T05:56:20.599+0000] {processor.py:914} INFO - Processing file /opt/airflow/dags/dss150p_pipeline.py for tasks to queue
[2026-09-23T05:56:20.612+0000] {logging_mixin.py:190} INFO - [2026-09-23T05:56:20.611+0000] {dagbag.py:588} INFO - Filling up the DagBag from /opt/airflow/dags/dss150p_pipeline.py
[2026-09-23T05:56:20.679+0000] {processor.py:925} INFO - DAG(s) 'dss150p_sales_pipeline' retrieved from /opt/airflow/dags/dss150p_pipeline.py
[2026-09-23T05:56:20.771+0000] {logging_mixin.py:190} INFO - [2026-09-23T05:56:20.770+0000] {dag.py:3239} INFO - Sync 1 DAGs
[2026-09-23T05:56:20.832+0000] {logging_mixin.py:190} INFO - [2026-09-23T05:56:20.831+0000] {dag.py:4180} INFO - Setting next_dagrun for dss150p_sales_pipeline to 2026-09-23 02:00:00+00:00, run_after=2026-09-24 02:00:00+00:00
[2026-09-23T05:56:20.875+0000] {processor.py:208} INFO - Processing /opt/airflow/dags/dss150p_pipeline.py took 0.348 seconds
[2026-09-23T05:56:51.474+0000] {processor.py:186} INFO - Started process (PID=2606) to work on /opt/airflow/dags/dss150p_pipeline.py
[2026-09-23T05:56:51.478+0000] {processor.py:914} INFO - Processing file /opt/airflow/dags/dss150p_pipeline.py for tasks to queue
[2026-09-23T05:56:51.500+0000] {logging_mixin.py:190} INFO - [2026-09-23T05:56:51.498+0000] {dagbag.py:588} INFO - Filling up the DagBag from /opt/airflow/dags/dss150p_pipeline.py
[2026-09-23T05:56:51.639+0000] {processor.py:925} INFO - DAG(s) 'dss150p_sales_pipeline' retrieved from /opt/airflow/dags/dss150p_pipeline.py
[2026-09-23T05:56:51.851+0000] {logging_mixin.py:190} INFO - [2026-09-23T05:56:51.851+0000] {dag.py:3239} INFO - Sync 1 DAGs
[2026-09-23T05:56:52.587+0000] {logging_mixin.py:190} INFO - [2026-09-23T05:56:52.586+0000] {dag.py:4180} INFO - Setting next_dagrun for dss150p_sales_pipeline to 2026-09-23 02:00:00+00:00, run_after=2026-09-24 02:00:00+00:00
[2026-09-23T05:56:52.850+0000] {processor.py:208} INFO - Processing /opt/airflow/dags/dss150p_pipeline.py took 1.452 seconds
[2026-09-23T05:57:23.375+0000] {processor.py:186} INFO - Started process (PID=2644) to work on /opt/airflow/dags/dss150p_pipeline.py
[2026-09-23T05:57:23.380+0000] {processor.py:914} INFO - Processing file /opt/airflow/dags/dss150p_pipeline.py for tasks to queue
[2026-09-23T05:57:23.396+0000] {logging_mixin.py:190} INFO - [2026-09-23T05:57:23.393+0000] {dagbag.py:588} INFO - Filling up the DagBag from /opt/airflow/dags/dss150p_pipeline.py
[2026-09-23T05:57:23.521+0000] {processor.py:925} INFO - DAG(s) 'dss150p_sales_pipeline' retrieved from /opt/airflow/dags/dss150p_pipeline.py
[2026-09-23T05:57:23.658+0000] {logging_mixin.py:190} INFO - [2026-09-23T05:57:23.658+0000] {dag.py:3239} INFO - Sync 1 DAGs
[2026-09-23T05:57:23.743+0000] {logging_mixin.py:190} INFO - [2026-09-23T05:57:23.742+0000] {dag.py:4180} INFO - Setting next_dagrun for dss150p_sales_pipeline to 2026-09-23 02:00:00+00:00, run_after=2026-09-24 02:00:00+00:00
[2026-09-23T05:57:23.769+0000] {processor.py:208} INFO - Processing /opt/airflow/dags/dss150p_pipeline.py took 0.433 seconds
[2026-09-23T05:57:54.986+0000] {processor.py:186} INFO - Started process (PID=2649) to work on /opt/airflow/dags/dss150p_pipeline.py
[2026-09-23T05:57:54.994+0000] {processor.py:914} INFO - Processing file /opt/airflow/dags/dss150p_pipeline.py for tasks to queue
[2026-09-23T05:57:55.042+0000] {logging_mixin.py:190} INFO - [2026-09-23T05:57:55.040+0000] {dagbag.py:588} INFO - Filling up the DagBag from /opt/airflow/dags/dss150p_pipeline.py
[2026-09-23T05:57:55.138+0000] {processor.py:925} INFO - DAG(s) 'dss150p_sales_pipeline' retrieved from /opt/airflow/dags/dss150p_pipeline.py
[2026-09-23T05:57:55.244+0000] {logging_mixin.py:190} INFO - [2026-09-23T05:57:55.243+0000] {dag.py:3239} INFO - Sync 1 DAGs
[2026-09-23T05:57:55.295+0000] {logging_mixin.py:190} INFO - [2026-09-23T05:57:55.295+0000] {dag.py:4180} INFO - Setting next_dagrun for dss150p_sales_pipeline to 2026-09-23 02:00:00+00:00, run_after=2026-09-24 02:00:00+00:00
[2026-09-23T05:57:55.331+0000] {processor.py:208} INFO - Processing /opt/airflow/dags/dss150p_pipeline.py took 0.459 seconds
[2026-09-23T05:58:25.721+0000] {processor.py:186} INFO - Started process (PID=2654) to work on /opt/airflow/dags/dss150p_pipeline.py
[2026-09-23T05:58:25.724+0000] {processor.py:914} INFO - Processing file /opt/airflow/dags/dss150p_pipeline.py for tasks to queue
[2026-09-23T05:58:25.732+0000] {logging_mixin.py:190} INFO - [2026-09-23T05:58:25.731+0000] {dagbag.py:588} INFO - Filling up the DagBag from /opt/airflow/dags/dss150p_pipeline.py
[2026-09-23T05:58:25.799+0000] {processor.py:925} INFO - DAG(s) 'dss150p_sales_pipeline' retrieved from /opt/airflow/dags/dss150p_pipeline.py
[2026-09-23T05:58:26.026+0000] {logging_mixin.py:190} INFO - [2026-09-23T05:58:26.026+0000] {dag.py:3239} INFO - Sync 1 DAGs
[2026-09-23T05:58:26.067+0000] {logging_mixin.py:190} INFO - [2026-09-23T05:58:26.066+0000] {dag.py:4180} INFO - Setting next_dagrun for dss150p_sales_pipeline to 2026-09-23 02:00:00+00:00, run_after=2026-09-24 02:00:00+00:00
[2026-09-23T05:58:26.139+0000] {processor.py:208} INFO - Processing /opt/airflow/dags/dss150p_pipeline.py took 0.441 seconds
[2026-09-23T05:58:56.610+0000] {processor.py:186} INFO - Started process (PID=2659) to work on /opt/airflow/dags/dss150p_pipeline.py
[2026-09-23T05:58:56.612+0000] {processor.py:914} INFO - Processing file /opt/airflow/dags/dss150p_pipeline.py for tasks to queue
[2026-09-23T05:58:56.619+0000] {logging_mixin.py:190} INFO - [2026-09-23T05:58:56.618+0000] {dagbag.py:588} INFO - Filling up the DagBag from /opt/airflow/dags/dss150p_pipeline.py
[2026-09-23T05:58:56.694+0000] {processor.py:925} INFO - DAG(s) 'dss150p_sales_pipeline' retrieved from /opt/airflow/dags/dss150p_pipeline.py
[2026-09-23T05:58:56.890+0000] {logging_mixin.py:190} INFO - [2026-09-23T05:58:56.890+0000] {dag.py:3239} INFO - Sync 1 DAGs
[2026-09-23T05:58:56.940+0000] {logging_mixin.py:190} INFO - [2026-09-23T05:58:56.940+0000] {dag.py:4180} INFO - Setting next_dagrun for dss150p_sales_pipeline to 2026-09-23 02:00:00+00:00, run_after=2026-09-24 02:00:00+00:00
[2026-09-23T05:58:56.991+0000] {processor.py:208} INFO - Processing /opt/airflow/dags/dss150p_pipeline.py took 0.401 seconds
[2026-09-23T05:59:27.541+0000] {processor.py:186} INFO - Started process (PID=2664) to work on /opt/airflow/dags/dss150p_pipeline.py
[2026-09-23T05:59:27.545+0000] {processor.py:914} INFO - Processing file /opt/airflow/dags/dss150p_pipeline.py for tasks to queue
[2026-09-23T05:59:27.560+0000] {logging_mixin.py:190} INFO - [2026-09-23T05:59:27.559+0000] {dagbag.py:588} INFO - Filling up the DagBag from /opt/airflow/dags/dss150p_pipeline.py
[2026-09-23T05:59:27.755+0000] {processor.py:925} INFO - DAG(s) 'dss150p_sales_pipeline' retrieved from /opt/airflow/dags/dss150p_pipeline.py
[2026-09-23T05:59:27.974+0000] {logging_mixin.py:190} INFO - [2026-09-23T05:59:27.974+0000] {dag.py:3239} INFO - Sync 1 DAGs
[2026-09-23T05:59:28.108+0000] {logging_mixin.py:190} INFO - [2026-09-23T05:59:28.107+0000] {dag.py:4180} INFO - Setting next_dagrun for dss150p_sales_pipeline to 2026-09-23 02:00:00+00:00, run_after=2026-09-24 02:00:00+00:00
[2026-09-23T05:59:28.216+0000] {processor.py:208} INFO - Processing /opt/airflow/dags/dss150p_pipeline.py took 0.701 seconds
[2026-09-23T05:59:58.757+0000] {processor.py:186} INFO - Started process (PID=2669) to work on /opt/airflow/dags/dss150p_pipeline.py
[2026-09-23T05:59:58.761+0000] {processor.py:914} INFO - Processing file /opt/airflow/dags/dss150p_pipeline.py for tasks to queue
[2026-09-23T05:59:58.775+0000] {logging_mixin.py:190} INFO - [2026-09-23T05:59:58.773+0000] {dagbag.py:588} INFO - Filling up the DagBag from /opt/airflow/dags/dss150p_pipeline.py
[2026-09-23T05:59:59.084+0000] {processor.py:925} INFO - DAG(s) 'dss150p_sales_pipeline' retrieved from /opt/airflow/dags/dss150p_pipeline.py
[2026-09-23T05:59:59.212+0000] {logging_mixin.py:190} INFO - [2026-09-23T05:59:59.212+0000] {dag.py:3239} INFO - Sync 1 DAGs
[2026-09-23T05:59:59.364+0000] {logging_mixin.py:190} INFO - [2026-09-23T05:59:59.361+0000] {dag.py:4180} INFO - Setting next_dagrun for dss150p_sales_pipeline to 2026-09-23 02:00:00+00:00, run_after=2026-09-24 02:00:00+00:00
[2026-09-23T05:59:59.681+0000] {processor.py:208} INFO - Processing /opt/airflow/dags/dss150p_pipeline.py took 0.971 seconds
[2026-09-23T06:00:30.187+0000] {processor.py:186} INFO - Started process (PID=2674) to work on /opt/airflow/dags/dss150p_pipeline.py
[2026-09-23T06:00:30.189+0000] {processor.py:914} INFO - Processing file /opt/airflow/dags/dss150p_pipeline.py for tasks to queue
[2026-09-23T06:00:30.198+0000] {logging_mixin.py:190} INFO - [2026-09-23T06:00:30.197+0000] {dagbag.py:588} INFO - Filling up the DagBag from /opt/airflow/dags/dss150p_pipeline.py
[2026-09-23T06:00:30.293+0000] {processor.py:925} INFO - DAG(s) 'dss150p_sales_pipeline' retrieved from /opt/airflow/dags/dss150p_pipeline.py
[2026-09-23T06:00:30.403+0000] {logging_mixin.py:190} INFO - [2026-09-23T06:00:30.403+0000] {dag.py:3239} INFO - Sync 1 DAGs
[2026-09-23T06:00:30.466+0000] {logging_mixin.py:190} INFO - [2026-09-23T06:00:30.465+0000] {dag.py:4180} INFO - Setting next_dagrun for dss150p_sales_pipeline to 2026-09-23 02:00:00+00:00, run_after=2026-09-24 02:00:00+00:00
[2026-09-23T06:00:30.511+0000] {processor.py:208} INFO - Processing /opt/airflow/dags/dss150p_pipeline.py took 0.376 seconds
[2026-09-23T06:01:00.845+0000] {processor.py:186} INFO - Started process (PID=2679) to work on /opt/airflow/dags/dss150p_pipeline.py
[2026-09-23T06:01:00.848+0000] {processor.py:914} INFO - Processing file /opt/airflow/dags/dss150p_pipeline.py for tasks to queue
[2026-09-23T06:01:00.859+0000] {logging_mixin.py:190} INFO - [2026-09-23T06:01:00.858+0000] {dagbag.py:588} INFO - Filling up the DagBag from /opt/airflow/dags/dss150p_pipeline.py
[2026-09-23T06:01:00.911+0000] {processor.py:925} INFO - DAG(s) 'dss150p_sales_pipeline' retrieved from /opt/airflow/dags/dss150p_pipeline.py
[2026-09-23T06:01:01.003+0000] {logging_mixin.py:190} INFO - [2026-09-23T06:01:01.003+0000] {dag.py:3239} INFO - Sync 1 DAGs
[2026-09-23T06:01:01.049+0000] {logging_mixin.py:190} INFO - [2026-09-23T06:01:01.049+0000] {dag.py:4180} INFO - Setting next_dagrun for dss150p_sales_pipeline to 2026-09-23 02:00:00+00:00, run_after=2026-09-24 02:00:00+00:00
[2026-09-23T06:01:01.079+0000] {processor.py:208} INFO - Processing /opt/airflow/dags/dss150p_pipeline.py took 0.248 seconds
[2026-09-23T06:01:31.560+0000] {processor.py:186} INFO - Started process (PID=2684) to work on /opt/airflow/dags/dss150p_pipeline.py
[2026-09-23T06:01:31.571+0000] {processor.py:914} INFO - Processing file /opt/airflow/dags/dss150p_pipeline.py for tasks to queue
[2026-09-23T06:01:31.588+0000] {logging_mixin.py:190} INFO - [2026-09-23T06:01:31.587+0000] {dagbag.py:588} INFO - Filling up the DagBag from /opt/airflow/dags/dss150p_pipeline.py
[2026-09-23T06:01:31.670+0000] {processor.py:925} INFO - DAG(s) 'dss150p_sales_pipeline' retrieved from /opt/airflow/dags/dss150p_pipeline.py
[2026-09-23T06:01:31.783+0000] {logging_mixin.py:190} INFO - [2026-09-23T06:01:31.783+0000] {dag.py:3239} INFO - Sync 1 DAGs
[2026-09-23T06:01:31.851+0000] {logging_mixin.py:190} INFO - [2026-09-23T06:01:31.851+0000] {dag.py:4180} INFO - Setting next_dagrun for dss150p_sales_pipeline to 2026-09-23 02:00:00+00:00, run_after=2026-09-24 02:00:00+00:00
[2026-09-23T06:01:31.909+0000] {processor.py:208} INFO - Processing /opt/airflow/dags/dss150p_pipeline.py took 0.382 seconds
[2026-09-23T06:02:02.520+0000] {processor.py:186} INFO - Started process (PID=2689) to work on /opt/airflow/dags/dss150p_pipeline.py
[2026-09-23T06:02:02.529+0000] {processor.py:914} INFO - Processing file /opt/airflow/dags/dss150p_pipeline.py for tasks to queue
[2026-09-23T06:02:02.559+0000] {logging_mixin.py:190} INFO - [2026-09-23T06:02:02.558+0000] {dagbag.py:588} INFO - Filling up the DagBag from /opt/airflow/dags/dss150p_pipeline.py
[2026-09-23T06:02:02.749+0000] {processor.py:925} INFO - DAG(s) 'dss150p_sales_pipeline' retrieved from /opt/airflow/dags/dss150p_pipeline.py
[2026-09-23T06:02:03.013+0000] {logging_mixin.py:190} INFO - [2026-09-23T06:02:03.013+0000] {dag.py:3239} INFO - Sync 1 DAGs
[2026-09-23T06:02:03.120+0000] {logging_mixin.py:190} INFO - [2026-09-23T06:02:03.120+0000] {dag.py:4180} INFO - Setting next_dagrun for dss150p_sales_pipeline to 2026-09-23 02:00:00+00:00, run_after=2026-09-24 02:00:00+00:00
[2026-09-23T06:02:03.213+0000] {processor.py:208} INFO - Processing /opt/airflow/dags/dss150p_pipeline.py took 0.799 seconds
[2026-09-23T06:02:34.460+0000] {processor.py:186} INFO - Started process (PID=2694) to work on /opt/airflow/dags/dss150p_pipeline.py
[2026-09-23T06:02:34.465+0000] {processor.py:914} INFO - Processing file /opt/airflow/dags/dss150p_pipeline.py for tasks to queue
[2026-09-23T06:02:34.479+0000] {logging_mixin.py:190} INFO - [2026-09-23T06:02:34.476+0000] {dagbag.py:588} INFO - Filling up the DagBag from /opt/airflow/dags/dss150p_pipeline.py
[2026-09-23T06:02:34.567+0000] {processor.py:925} INFO - DAG(s) 'dss150p_sales_pipeline' retrieved from /opt/airflow/dags/dss150p_pipeline.py
[2026-09-23T06:02:34.737+0000] {logging_mixin.py:190} INFO - [2026-09-23T06:02:34.732+0000] {dag.py:3239} INFO - Sync 1 DAGs
[2026-09-23T06:02:34.857+0000] {logging_mixin.py:190} INFO - [2026-09-23T06:02:34.856+0000] {dag.py:4180} INFO - Setting next_dagrun for dss150p_sales_pipeline to 2026-09-23 02:00:00+00:00, run_after=2026-09-24 02:00:00+00:00
[2026-09-23T06:02:34.883+0000] {processor.py:208} INFO - Processing /opt/airflow/dags/dss150p_pipeline.py took 0.523 seconds
[2026-09-23T06:03:06.664+0000] {processor.py:186} INFO - Started process (PID=2711) to work on /opt/airflow/dags/dss150p_pipeline.py
[2026-09-23T06:03:06.682+0000] {processor.py:914} INFO - Processing file /opt/airflow/dags/dss150p_pipeline.py for tasks to queue
[2026-09-23T06:03:06.803+0000] {logging_mixin.py:190} INFO - [2026-09-23T06:03:06.799+0000] {dagbag.py:588} INFO - Filling up the DagBag from /opt/airflow/dags/dss150p_pipeline.py
[2026-09-23T06:03:07.458+0000] {processor.py:925} INFO - DAG(s) 'dss150p_sales_pipeline' retrieved from /opt/airflow/dags/dss150p_pipeline.py
[2026-09-23T06:03:08.039+0000] {logging_mixin.py:190} INFO - [2026-09-23T06:03:08.037+0000] {dag.py:3239} INFO - Sync 1 DAGs
[2026-09-23T06:03:08.509+0000] {logging_mixin.py:190} INFO - [2026-09-23T06:03:08.508+0000] {dag.py:4180} INFO - Setting next_dagrun for dss150p_sales_pipeline to 2026-09-23 02:00:00+00:00, run_after=2026-09-24 02:00:00+00:00
[2026-09-23T06:03:08.715+0000] {processor.py:208} INFO - Processing /opt/airflow/dags/dss150p_pipeline.py took 2.491 seconds
[2026-09-23T06:03:39.225+0000] {processor.py:186} INFO - Started process (PID=2716) to work on /opt/airflow/dags/dss150p_pipeline.py
[2026-09-23T06:03:39.229+0000] {processor.py:914} INFO - Processing file /opt/airflow/dags/dss150p_pipeline.py for tasks to queue
[2026-09-23T06:03:39.240+0000] {logging_mixin.py:190} INFO - [2026-09-23T06:03:39.237+0000] {dagbag.py:588} INFO - Filling up the DagBag from /opt/airflow/dags/dss150p_pipeline.py
[2026-09-23T06:03:39.335+0000] {processor.py:925} INFO - DAG(s) 'dss150p_sales_pipeline' retrieved from /opt/airflow/dags/dss150p_pipeline.py
[2026-09-23T06:03:39.493+0000] {logging_mixin.py:190} INFO - [2026-09-23T06:03:39.492+0000] {dag.py:3239} INFO - Sync 1 DAGs
[2026-09-23T06:03:39.543+0000] {logging_mixin.py:190} INFO - [2026-09-23T06:03:39.543+0000] {dag.py:4180} INFO - Setting next_dagrun for dss150p_sales_pipeline to 2026-09-23 02:00:00+00:00, run_after=2026-09-24 02:00:00+00:00
[2026-09-23T06:03:39.596+0000] {processor.py:208} INFO - Processing /opt/airflow/dags/dss150p_pipeline.py took 0.421 seconds
[2026-09-23T06:04:10.425+0000] {processor.py:186} INFO - Started process (PID=2733) to work on /opt/airflow/dags/dss150p_pipeline.py
[2026-09-23T06:04:10.437+0000] {processor.py:914} INFO - Processing file /opt/airflow/dags/dss150p_pipeline.py for tasks to queue
[2026-09-23T06:04:10.558+0000] {logging_mixin.py:190} INFO - [2026-09-23T06:04:10.546+0000] {dagbag.py:588} INFO - Filling up the DagBag from /opt/airflow/dags/dss150p_pipeline.py
[2026-09-23T06:04:11.165+0000] {processor.py:925} INFO - DAG(s) 'dss150p_sales_pipeline' retrieved from /opt/airflow/dags/dss150p_pipeline.py
[2026-09-23T06:04:14.144+0000] {logging_mixin.py:190} INFO - [2026-09-23T06:04:14.131+0000] {dag.py:3239} INFO - Sync 1 DAGs
[2026-09-23T06:04:17.337+0000] {logging_mixin.py:190} INFO - [2026-09-23T06:04:17.332+0000] {dag.py:4180} INFO - Setting next_dagrun for dss150p_sales_pipeline to 2026-09-23 02:00:00+00:00, run_after=2026-09-24 02:00:00+00:00
[2026-09-23T06:04:17.612+0000] {processor.py:208} INFO - Processing /opt/airflow/dags/dss150p_pipeline.py took 7.517 seconds
[2026-09-23T06:04:48.313+0000] {processor.py:186} INFO - Started process (PID=2738) to work on /opt/airflow/dags/dss150p_pipeline.py
[2026-09-23T06:04:48.327+0000] {processor.py:914} INFO - Processing file /opt/airflow/dags/dss150p_pipeline.py for tasks to queue
[2026-09-23T06:04:48.345+0000] {logging_mixin.py:190} INFO - [2026-09-23T06:04:48.343+0000] {dagbag.py:588} INFO - Filling up the DagBag from /opt/airflow/dags/dss150p_pipeline.py
[2026-09-23T06:04:48.427+0000] {processor.py:925} INFO - DAG(s) 'dss150p_sales_pipeline' retrieved from /opt/airflow/dags/dss150p_pipeline.py
[2026-09-23T06:04:48.558+0000] {logging_mixin.py:190} INFO - [2026-09-23T06:04:48.557+0000] {dag.py:3239} INFO - Sync 1 DAGs
[2026-09-23T06:04:48.648+0000] {logging_mixin.py:190} INFO - [2026-09-23T06:04:48.647+0000] {dag.py:4180} INFO - Setting next_dagrun for dss150p_sales_pipeline to 2026-09-23 02:00:00+00:00, run_after=2026-09-24 02:00:00+00:00
[2026-09-23T06:04:48.695+0000] {processor.py:208} INFO - Processing /opt/airflow/dags/dss150p_pipeline.py took 0.436 seconds
[2026-09-23T06:05:18.921+0000] {processor.py:186} INFO - Started process (PID=2743) to work on /opt/airflow/dags/dss150p_pipeline.py
[2026-09-23T06:05:18.927+0000] {processor.py:914} INFO - Processing file /opt/airflow/dags/dss150p_pipeline.py for tasks to queue
[2026-09-23T06:05:18.947+0000] {logging_mixin.py:190} INFO - [2026-09-23T06:05:18.945+0000] {dagbag.py:588} INFO - Filling up the DagBag from /opt/airflow/dags/dss150p_pipeline.py
[2026-09-23T06:05:19.089+0000] {processor.py:925} INFO - DAG(s) 'dss150p_sales_pipeline' retrieved from /opt/airflow/dags/dss150p_pipeline.py
[2026-09-23T06:05:19.181+0000] {logging_mixin.py:190} INFO - [2026-09-23T06:05:19.181+0000] {dag.py:3239} INFO - Sync 1 DAGs
[2026-09-23T06:05:19.242+0000] {logging_mixin.py:190} INFO - [2026-09-23T06:05:19.242+0000] {dag.py:4180} INFO - Setting next_dagrun for dss150p_sales_pipeline to 2026-09-23 02:00:00+00:00, run_after=2026-09-24 02:00:00+00:00
[2026-09-23T06:05:19.278+0000] {processor.py:208} INFO - Processing /opt/airflow/dags/dss150p_pipeline.py took 0.391 seconds
[2026-09-23T06:05:50.229+0000] {processor.py:186} INFO - Started process (PID=2748) to work on /opt/airflow/dags/dss150p_pipeline.py
[2026-09-23T06:05:50.235+0000] {processor.py:914} INFO - Processing file /opt/airflow/dags/dss150p_pipeline.py for tasks to queue
[2026-09-23T06:05:50.266+0000] {logging_mixin.py:190} INFO - [2026-09-23T06:05:50.260+0000] {dagbag.py:588} INFO - Filling up the DagBag from /opt/airflow/dags/dss150p_pipeline.py
[2026-09-23T06:05:50.362+0000] {processor.py:925} INFO - DAG(s) 'dss150p_sales_pipeline' retrieved from /opt/airflow/dags/dss150p_pipeline.py
[2026-09-23T06:05:50.476+0000] {logging_mixin.py:190} INFO - [2026-09-23T06:05:50.476+0000] {dag.py:3239} INFO - Sync 1 DAGs
[2026-09-23T06:05:50.547+0000] {logging_mixin.py:190} INFO - [2026-09-23T06:05:50.547+0000] {dag.py:4180} INFO - Setting next_dagrun for dss150p_sales_pipeline to 2026-09-23 02:00:00+00:00, run_after=2026-09-24 02:00:00+00:00
[2026-09-23T06:05:50.603+0000] {processor.py:208} INFO - Processing /opt/airflow/dags/dss150p_pipeline.py took 0.412 seconds
[2026-09-23T06:06:21.093+0000] {processor.py:186} INFO - Started process (PID=2753) to work on /opt/airflow/dags/dss150p_pipeline.py
[2026-09-23T06:06:21.097+0000] {processor.py:914} INFO - Processing file /opt/airflow/dags/dss150p_pipeline.py for tasks to queue
[2026-09-23T06:06:21.111+0000] {logging_mixin.py:190} INFO - [2026-09-23T06:06:21.110+0000] {dagbag.py:588} INFO - Filling up the DagBag from /opt/airflow/dags/dss150p_pipeline.py
[2026-09-23T06:06:21.208+0000] {processor.py:925} INFO - DAG(s) 'dss150p_sales_pipeline' retrieved from /opt/airflow/dags/dss150p_pipeline.py
[2026-09-23T06:06:21.317+0000] {logging_mixin.py:190} INFO - [2026-09-23T06:06:21.317+0000] {dag.py:3239} INFO - Sync 1 DAGs
[2026-09-23T06:06:21.390+0000] {logging_mixin.py:190} INFO - [2026-09-23T06:06:21.389+0000] {dag.py:4180} INFO - Setting next_dagrun for dss150p_sales_pipeline to 2026-09-23 02:00:00+00:00, run_after=2026-09-24 02:00:00+00:00
[2026-09-23T06:06:21.439+0000] {processor.py:208} INFO - Processing /opt/airflow/dags/dss150p_pipeline.py took 0.389 seconds
[2026-09-23T06:06:51.838+0000] {processor.py:186} INFO - Started process (PID=2758) to work on /opt/airflow/dags/dss150p_pipeline.py
[2026-09-23T06:06:51.842+0000] {processor.py:914} INFO - Processing file /opt/airflow/dags/dss150p_pipeline.py for tasks to queue
[2026-09-23T06:06:51.852+0000] {logging_mixin.py:190} INFO - [2026-09-23T06:06:51.851+0000] {dagbag.py:588} INFO - Filling up the DagBag from /opt/airflow/dags/dss150p_pipeline.py
[2026-09-23T06:06:51.899+0000] {processor.py:925} INFO - DAG(s) 'dss150p_sales_pipeline' retrieved from /opt/airflow/dags/dss150p_pipeline.py
[2026-09-23T06:06:52.006+0000] {logging_mixin.py:190} INFO - [2026-09-23T06:06:52.006+0000] {dag.py:3239} INFO - Sync 1 DAGs
[2026-09-23T06:06:52.071+0000] {logging_mixin.py:190} INFO - [2026-09-23T06:06:52.070+0000] {dag.py:4180} INFO - Setting next_dagrun for dss150p_sales_pipeline to 2026-09-23 02:00:00+00:00, run_after=2026-09-24 02:00:00+00:00
[2026-09-23T06:06:52.109+0000] {processor.py:208} INFO - Processing /opt/airflow/dags/dss150p_pipeline.py took 0.291 seconds
[2026-09-23T06:07:22.327+0000] {processor.py:186} INFO - Started process (PID=2763) to work on /opt/airflow/dags/dss150p_pipeline.py
[2026-09-23T06:07:22.335+0000] {processor.py:914} INFO - Processing file /opt/airflow/dags/dss150p_pipeline.py for tasks to queue
[2026-09-23T06:07:22.351+0000] {logging_mixin.py:190} INFO - [2026-09-23T06:07:22.349+0000] {dagbag.py:588} INFO - Filling up the DagBag from /opt/airflow/dags/dss150p_pipeline.py
[2026-09-23T06:07:22.428+0000] {processor.py:925} INFO - DAG(s) 'dss150p_sales_pipeline' retrieved from /opt/airflow/dags/dss150p_pipeline.py
[2026-09-23T06:07:22.523+0000] {logging_mixin.py:190} INFO - [2026-09-23T06:07:22.522+0000] {dag.py:3239} INFO - Sync 1 DAGs
[2026-09-23T06:07:22.594+0000] {logging_mixin.py:190} INFO - [2026-09-23T06:07:22.594+0000] {dag.py:4180} INFO - Setting next_dagrun for dss150p_sales_pipeline to 2026-09-23 02:00:00+00:00, run_after=2026-09-24 02:00:00+00:00
[2026-09-23T06:07:22.632+0000] {processor.py:208} INFO - Processing /opt/airflow/dags/dss150p_pipeline.py took 0.325 seconds
[2026-09-23T06:07:53.034+0000] {processor.py:186} INFO - Started process (PID=2768) to work on /opt/airflow/dags/dss150p_pipeline.py
[2026-09-23T06:07:53.037+0000] {processor.py:914} INFO - Processing file /opt/airflow/dags/dss150p_pipeline.py for tasks to queue
[2026-09-23T06:07:53.054+0000] {logging_mixin.py:190} INFO - [2026-09-23T06:07:53.053+0000] {dagbag.py:588} INFO - Filling up the DagBag from /opt/airflow/dags/dss150p_pipeline.py
[2026-09-23T06:07:53.128+0000] {processor.py:925} INFO - DAG(s) 'dss150p_sales_pipeline' retrieved from /opt/airflow/dags/dss150p_pipeline.py
[2026-09-23T06:07:53.187+0000] {logging_mixin.py:190} INFO - [2026-09-23T06:07:53.186+0000] {dag.py:3239} INFO - Sync 1 DAGs
[2026-09-23T06:07:53.231+0000] {logging_mixin.py:190} INFO - [2026-09-23T06:07:53.230+0000] {dag.py:4180} INFO - Setting next_dagrun for dss150p_sales_pipeline to 2026-09-23 02:00:00+00:00, run_after=2026-09-24 02:00:00+00:00
[2026-09-23T06:07:53.273+0000] {processor.py:208} INFO - Processing /opt/airflow/dags/dss150p_pipeline.py took 0.260 seconds
[2026-09-23T06:08:23.456+0000] {processor.py:186} INFO - Started process (PID=2773) to work on /opt/airflow/dags/dss150p_pipeline.py
[2026-09-23T06:08:23.466+0000] {processor.py:914} INFO - Processing file /opt/airflow/dags/dss150p_pipeline.py for tasks to queue
[2026-09-23T06:08:23.479+0000] {logging_mixin.py:190} INFO - [2026-09-23T06:08:23.476+0000] {dagbag.py:588} INFO - Filling up the DagBag from /opt/airflow/dags/dss150p_pipeline.py
[2026-09-23T06:08:23.530+0000] {processor.py:925} INFO - DAG(s) 'dss150p_sales_pipeline' retrieved from /opt/airflow/dags/dss150p_pipeline.py
[2026-09-23T06:08:23.605+0000] {logging_mixin.py:190} INFO - [2026-09-23T06:08:23.605+0000] {dag.py:3239} INFO - Sync 1 DAGs
[2026-09-23T06:08:23.669+0000] {logging_mixin.py:190} INFO - [2026-09-23T06:08:23.669+0000] {dag.py:4180} INFO - Setting next_dagrun for dss150p_sales_pipeline to 2026-09-23 02:00:00+00:00, run_after=2026-09-24 02:00:00+00:00
[2026-09-23T06:08:23.706+0000] {processor.py:208} INFO - Processing /opt/airflow/dags/dss150p_pipeline.py took 0.299 seconds
[2026-09-23T06:08:54.157+0000] {processor.py:186} INFO - Started process (PID=2778) to work on /opt/airflow/dags/dss150p_pipeline.py
[2026-09-23T06:08:54.163+0000] {processor.py:914} INFO - Processing file /opt/airflow/dags/dss150p_pipeline.py for tasks to queue
[2026-09-23T06:08:54.172+0000] {logging_mixin.py:190} INFO - [2026-09-23T06:08:54.171+0000] {dagbag.py:588} INFO - Filling up the DagBag from /opt/airflow/dags/dss150p_pipeline.py
[2026-09-23T06:08:54.230+0000] {processor.py:925} INFO - DAG(s) 'dss150p_sales_pipeline' retrieved from /opt/airflow/dags/dss150p_pipeline.py
[2026-09-23T06:08:54.304+0000] {logging_mixin.py:190} INFO - [2026-09-23T06:08:54.304+0000] {dag.py:3239} INFO - Sync 1 DAGs
[2026-09-23T06:08:54.398+0000] {logging_mixin.py:190} INFO - [2026-09-23T06:08:54.397+0000] {dag.py:4180} INFO - Setting next_dagrun for dss150p_sales_pipeline to 2026-09-23 02:00:00+00:00, run_after=2026-09-24 02:00:00+00:00
[2026-09-23T06:08:54.525+0000] {processor.py:208} INFO - Processing /opt/airflow/dags/dss150p_pipeline.py took 0.403 seconds
[2026-09-23T06:09:25.787+0000] {processor.py:186} INFO - Started process (PID=2783) to work on /opt/airflow/dags/dss150p_pipeline.py
[2026-09-23T06:09:25.827+0000] {processor.py:914} INFO - Processing file /opt/airflow/dags/dss150p_pipeline.py for tasks to queue
[2026-09-23T06:09:25.880+0000] {logging_mixin.py:190} INFO - [2026-09-23T06:09:25.873+0000] {dagbag.py:588} INFO - Filling up the DagBag from /opt/airflow/dags/dss150p_pipeline.py
[2026-09-23T06:09:26.362+0000] {processor.py:925} INFO - DAG(s) 'dss150p_sales_pipeline' retrieved from /opt/airflow/dags/dss150p_pipeline.py
[2026-09-23T06:09:27.095+0000] {logging_mixin.py:190} INFO - [2026-09-23T06:09:27.095+0000] {dag.py:3239} INFO - Sync 1 DAGs
[2026-09-23T06:09:27.354+0000] {logging_mixin.py:190} INFO - [2026-09-23T06:09:27.351+0000] {dag.py:4180} INFO - Setting next_dagrun for dss150p_sales_pipeline to 2026-09-23 02:00:00+00:00, run_after=2026-09-24 02:00:00+00:00
[2026-09-23T06:09:27.562+0000] {processor.py:208} INFO - Processing /opt/airflow/dags/dss150p_pipeline.py took 2.066 seconds
[2026-09-23T06:10:00.287+0000] {processor.py:186} INFO - Started process (PID=2800) to work on /opt/airflow/dags/dss150p_pipeline.py
[2026-09-23T06:10:00.566+0000] {processor.py:914} INFO - Processing file /opt/airflow/dags/dss150p_pipeline.py for tasks to queue
[2026-09-23T06:10:01.535+0000] {logging_mixin.py:190} INFO - [2026-09-23T06:10:01.313+0000] {dagbag.py:588} INFO - Filling up the DagBag from /opt/airflow/dags/dss150p_pipeline.py
[2026-09-23T06:10:07.851+0000] {processor.py:925} INFO - DAG(s) 'dss150p_sales_pipeline' retrieved from /opt/airflow/dags/dss150p_pipeline.py
[2026-09-23T06:10:12.653+0000] {logging_mixin.py:190} INFO - [2026-09-23T06:10:12.652+0000] {dag.py:3239} INFO - Sync 1 DAGs
[2026-09-23T06:10:12.759+0000] {logging_mixin.py:190} INFO - [2026-09-23T06:10:12.759+0000] {dag.py:4180} INFO - Setting next_dagrun for dss150p_sales_pipeline to 2026-09-23 02:00:00+00:00, run_after=2026-09-24 02:00:00+00:00
[2026-09-23T06:10:12.855+0000] {processor.py:208} INFO - Processing /opt/airflow/dags/dss150p_pipeline.py took 13.917 seconds
[2026-09-23T06:10:43.810+0000] {processor.py:186} INFO - Started process (PID=2806) to work on /opt/airflow/dags/dss150p_pipeline.py
[2026-09-23T06:10:43.824+0000] {processor.py:914} INFO - Processing file /opt/airflow/dags/dss150p_pipeline.py for tasks to queue
[2026-09-23T06:10:43.841+0000] {logging_mixin.py:190} INFO - [2026-09-23T06:10:43.840+0000] {dagbag.py:588} INFO - Filling up the DagBag from /opt/airflow/dags/dss150p_pipeline.py
[2026-09-23T06:10:43.913+0000] {processor.py:925} INFO - DAG(s) 'dss150p_sales_pipeline' retrieved from /opt/airflow/dags/dss150p_pipeline.py
[2026-09-23T06:10:44.004+0000] {logging_mixin.py:190} INFO - [2026-09-23T06:10:44.004+0000] {dag.py:3239} INFO - Sync 1 DAGs
[2026-09-23T06:10:44.080+0000] {logging_mixin.py:190} INFO - [2026-09-23T06:10:44.079+0000] {dag.py:4180} INFO - Setting next_dagrun for dss150p_sales_pipeline to 2026-09-23 02:00:00+00:00, run_after=2026-09-24 02:00:00+00:00
[2026-09-23T06:10:44.159+0000] {processor.py:208} INFO - Processing /opt/airflow/dags/dss150p_pipeline.py took 0.448 seconds
[2026-09-23T06:11:14.355+0000] {processor.py:186} INFO - Started process (PID=2846) to work on /opt/airflow/dags/dss150p_pipeline.py
[2026-09-23T06:11:14.357+0000] {processor.py:914} INFO - Processing file /opt/airflow/dags/dss150p_pipeline.py for tasks to queue
[2026-09-23T06:11:14.371+0000] {logging_mixin.py:190} INFO - [2026-09-23T06:11:14.370+0000] {dagbag.py:588} INFO - Filling up the DagBag from /opt/airflow/dags/dss150p_pipeline.py
[2026-09-23T06:11:14.479+0000] {processor.py:925} INFO - DAG(s) 'dss150p_sales_pipeline' retrieved from /opt/airflow/dags/dss150p_pipeline.py
[2026-09-23T06:11:14.648+0000] {logging_mixin.py:190} INFO - [2026-09-23T06:11:14.648+0000] {dag.py:3239} INFO - Sync 1 DAGs
[2026-09-23T06:11:14.724+0000] {logging_mixin.py:190} INFO - [2026-09-23T06:11:14.724+0000] {dag.py:4180} INFO - Setting next_dagrun for dss150p_sales_pipeline to 2026-09-23 02:00:00+00:00, run_after=2026-09-24 02:00:00+00:00
[2026-09-23T06:11:14.773+0000] {processor.py:208} INFO - Processing /opt/airflow/dags/dss150p_pipeline.py took 0.435 seconds
[2026-09-23T06:11:45.497+0000] {processor.py:186} INFO - Started process (PID=2851) to work on /opt/airflow/dags/dss150p_pipeline.py
[2026-09-23T06:11:45.503+0000] {processor.py:914} INFO - Processing file /opt/airflow/dags/dss150p_pipeline.py for tasks to queue
[2026-09-23T06:11:45.521+0000] {logging_mixin.py:190} INFO - [2026-09-23T06:11:45.520+0000] {dagbag.py:588} INFO - Filling up the DagBag from /opt/airflow/dags/dss150p_pipeline.py
[2026-09-23T06:11:45.857+0000] {processor.py:925} INFO - DAG(s) 'dss150p_sales_pipeline' retrieved from /opt/airflow/dags/dss150p_pipeline.py
[2026-09-23T06:11:46.246+0000] {logging_mixin.py:190} INFO - [2026-09-23T06:11:46.246+0000] {dag.py:3239} INFO - Sync 1 DAGs
[2026-09-23T06:11:46.393+0000] {logging_mixin.py:190} INFO - [2026-09-23T06:11:46.392+0000] {dag.py:4180} INFO - Setting next_dagrun for dss150p_sales_pipeline to 2026-09-23 02:00:00+00:00, run_after=2026-09-24 02:00:00+00:00
[2026-09-23T06:11:46.534+0000] {processor.py:208} INFO - Processing /opt/airflow/dags/dss150p_pipeline.py took 1.103 seconds
[2026-09-23T06:12:16.930+0000] {processor.py:186} INFO - Started process (PID=2868) to work on /opt/airflow/dags/dss150p_pipeline.py
[2026-09-23T06:12:16.936+0000] {processor.py:914} INFO - Processing file /opt/airflow/dags/dss150p_pipeline.py for tasks to queue
[2026-09-23T06:12:16.949+0000] {logging_mixin.py:190} INFO - [2026-09-23T06:12:16.949+0000] {dagbag.py:588} INFO - Filling up the DagBag from /opt/airflow/dags/dss150p_pipeline.py
[2026-09-23T06:12:17.042+0000] {processor.py:925} INFO - DAG(s) 'dss150p_sales_pipeline' retrieved from /opt/airflow/dags/dss150p_pipeline.py
[2026-09-23T06:12:17.197+0000] {logging_mixin.py:190} INFO - [2026-09-23T06:12:17.194+0000] {dag.py:3239} INFO - Sync 1 DAGs
[2026-09-23T06:12:17.238+0000] {logging_mixin.py:190} INFO - [2026-09-23T06:12:17.238+0000] {dag.py:4180} INFO - Setting next_dagrun for dss150p_sales_pipeline to 2026-09-23 02:00:00+00:00, run_after=2026-09-24 02:00:00+00:00
[2026-09-23T06:12:17.271+0000] {processor.py:208} INFO - Processing /opt/airflow/dags/dss150p_pipeline.py took 0.371 seconds
[2026-09-23T06:12:47.976+0000] {processor.py:186} INFO - Started process (PID=2873) to work on /opt/airflow/dags/dss150p_pipeline.py
[2026-09-23T06:12:47.979+0000] {processor.py:914} INFO - Processing file /opt/airflow/dags/dss150p_pipeline.py for tasks to queue
[2026-09-23T06:12:47.995+0000] {logging_mixin.py:190} INFO - [2026-09-23T06:12:47.994+0000] {dagbag.py:588} INFO - Filling up the DagBag from /opt/airflow/dags/dss150p_pipeline.py
[2026-09-23T06:12:48.288+0000] {processor.py:925} INFO - DAG(s) 'dss150p_sales_pipeline' retrieved from /opt/airflow/dags/dss150p_pipeline.py
[2026-09-23T06:12:48.743+0000] {logging_mixin.py:190} INFO - [2026-09-23T06:12:48.743+0000] {dag.py:3239} INFO - Sync 1 DAGs
[2026-09-23T06:12:48.935+0000] {logging_mixin.py:190} INFO - [2026-09-23T06:12:48.935+0000] {dag.py:4180} INFO - Setting next_dagrun for dss150p_sales_pipeline to 2026-09-23 02:00:00+00:00, run_after=2026-09-24 02:00:00+00:00
[2026-09-23T06:12:49.042+0000] {processor.py:208} INFO - Processing /opt/airflow/dags/dss150p_pipeline.py took 1.179 seconds
[2026-09-23T06:13:19.665+0000] {processor.py:186} INFO - Started process (PID=2878) to work on /opt/airflow/dags/dss150p_pipeline.py
[2026-09-23T06:13:19.669+0000] {processor.py:914} INFO - Processing file /opt/airflow/dags/dss150p_pipeline.py for tasks to queue
[2026-09-23T06:13:19.679+0000] {logging_mixin.py:190} INFO - [2026-09-23T06:13:19.678+0000] {dagbag.py:588} INFO - Filling up the DagBag from /opt/airflow/dags/dss150p_pipeline.py
[2026-09-23T06:13:19.836+0000] {processor.py:925} INFO - DAG(s) 'dss150p_sales_pipeline' retrieved from /opt/airflow/dags/dss150p_pipeline.py
[2026-09-23T06:13:20.094+0000] {logging_mixin.py:190} INFO - [2026-09-23T06:13:20.091+0000] {dag.py:3239} INFO - Sync 1 DAGs
[2026-09-23T06:13:20.254+0000] {logging_mixin.py:190} INFO - [2026-09-23T06:13:20.254+0000] {dag.py:4180} INFO - Setting next_dagrun for dss150p_sales_pipeline to 2026-09-23 02:00:00+00:00, run_after=2026-09-24 02:00:00+00:00
[2026-09-23T06:13:20.318+0000] {processor.py:208} INFO - Processing /opt/airflow/dags/dss150p_pipeline.py took 0.704 seconds
[2026-09-23T06:13:51.229+0000] {processor.py:186} INFO - Started process (PID=2883) to work on /opt/airflow/dags/dss150p_pipeline.py
[2026-09-23T06:13:51.274+0000] {processor.py:914} INFO - Processing file /opt/airflow/dags/dss150p_pipeline.py for tasks to queue
[2026-09-23T06:13:51.370+0000] {logging_mixin.py:190} INFO - [2026-09-23T06:13:51.334+0000] {dagbag.py:588} INFO - Filling up the DagBag from /opt/airflow/dags/dss150p_pipeline.py
[2026-09-23T06:13:52.160+0000] {processor.py:925} INFO - DAG(s) 'dss150p_sales_pipeline' retrieved from /opt/airflow/dags/dss150p_pipeline.py
[2026-09-23T06:13:53.750+0000] {logging_mixin.py:190} INFO - [2026-09-23T06:13:53.749+0000] {dag.py:3239} INFO - Sync 1 DAGs
[2026-09-23T06:13:54.717+0000] {logging_mixin.py:190} INFO - [2026-09-23T06:13:54.670+0000] {dag.py:4180} INFO - Setting next_dagrun for dss150p_sales_pipeline to 2026-09-23 02:00:00+00:00, run_after=2026-09-24 02:00:00+00:00
[2026-09-23T06:13:55.135+0000] {processor.py:208} INFO - Processing /opt/airflow/dags/dss150p_pipeline.py took 4.352 seconds
[2026-09-23T06:14:25.590+0000] {processor.py:186} INFO - Started process (PID=2888) to work on /opt/airflow/dags/dss150p_pipeline.py
[2026-09-23T06:14:25.596+0000] {processor.py:914} INFO - Processing file /opt/airflow/dags/dss150p_pipeline.py for tasks to queue
[2026-09-23T06:14:25.617+0000] {logging_mixin.py:190} INFO - [2026-09-23T06:14:25.613+0000] {dagbag.py:588} INFO - Filling up the DagBag from /opt/airflow/dags/dss150p_pipeline.py
[2026-09-23T06:14:25.788+0000] {processor.py:925} INFO - DAG(s) 'dss150p_sales_pipeline' retrieved from /opt/airflow/dags/dss150p_pipeline.py
[2026-09-23T06:14:26.164+0000] {logging_mixin.py:190} INFO - [2026-09-23T06:14:26.164+0000] {dag.py:3239} INFO - Sync 1 DAGs
[2026-09-23T06:14:26.218+0000] {logging_mixin.py:190} INFO - [2026-09-23T06:14:26.218+0000] {dag.py:4180} INFO - Setting next_dagrun for dss150p_sales_pipeline to 2026-09-23 02:00:00+00:00, run_after=2026-09-24 02:00:00+00:00
[2026-09-23T06:14:26.252+0000] {processor.py:208} INFO - Processing /opt/airflow/dags/dss150p_pipeline.py took 0.730 seconds
[2026-09-23T06:14:57.014+0000] {processor.py:186} INFO - Started process (PID=2893) to work on /opt/airflow/dags/dss150p_pipeline.py
[2026-09-23T06:14:57.022+0000] {processor.py:914} INFO - Processing file /opt/airflow/dags/dss150p_pipeline.py for tasks to queue
[2026-09-23T06:14:57.070+0000] {logging_mixin.py:190} INFO - [2026-09-23T06:14:57.063+0000] {dagbag.py:588} INFO - Filling up the DagBag from /opt/airflow/dags/dss150p_pipeline.py
[2026-09-23T06:14:58.384+0000] {processor.py:925} INFO - DAG(s) 'dss150p_sales_pipeline' retrieved from /opt/airflow/dags/dss150p_pipeline.py
[2026-09-23T06:15:00.143+0000] {logging_mixin.py:190} INFO - [2026-09-23T06:15:00.139+0000] {dag.py:3239} INFO - Sync 1 DAGs
[2026-09-23T06:15:01.045+0000] {logging_mixin.py:190} INFO - [2026-09-23T06:15:01.035+0000] {dag.py:4180} INFO - Setting next_dagrun for dss150p_sales_pipeline to 2026-09-23 02:00:00+00:00, run_after=2026-09-24 02:00:00+00:00
[2026-09-23T06:15:01.856+0000] {processor.py:208} INFO - Processing /opt/airflow/dags/dss150p_pipeline.py took 5.089 seconds
[2026-09-23T06:15:34.900+0000] {processor.py:186} INFO - Started process (PID=2898) to work on /opt/airflow/dags/dss150p_pipeline.py
[2026-09-23T06:15:35.030+0000] {processor.py:914} INFO - Processing file /opt/airflow/dags/dss150p_pipeline.py for tasks to queue
[2026-09-23T06:15:35.426+0000] {logging_mixin.py:190} INFO - [2026-09-23T06:15:35.258+0000] {dagbag.py:588} INFO - Filling up the DagBag from /opt/airflow/dags/dss150p_pipeline.py
[2026-09-23T06:15:44.259+0000] {processor.py:925} INFO - DAG(s) 'dss150p_sales_pipeline' retrieved from /opt/airflow/dags/dss150p_pipeline.py
[2026-09-23T06:15:53.975+0000] {logging_mixin.py:190} INFO - [2026-09-23T06:15:53.973+0000] {dag.py:3239} INFO - Sync 1 DAGs
[2026-09-23T06:15:54.351+0000] {logging_mixin.py:190} INFO - [2026-09-23T06:15:54.350+0000] {dag.py:4180} INFO - Setting next_dagrun for dss150p_sales_pipeline to 2026-09-23 02:00:00+00:00, run_after=2026-09-24 02:00:00+00:00
[2026-09-23T06:15:54.532+0000] {processor.py:208} INFO - Processing /opt/airflow/dags/dss150p_pipeline.py took 20.640 seconds
[2026-09-23T06:16:25.481+0000] {processor.py:186} INFO - Started process (PID=2903) to work on /opt/airflow/dags/dss150p_pipeline.py
[2026-09-23T06:16:25.490+0000] {processor.py:914} INFO - Processing file /opt/airflow/dags/dss150p_pipeline.py for tasks to queue
[2026-09-23T06:16:25.517+0000] {logging_mixin.py:190} INFO - [2026-09-23T06:16:25.516+0000] {dagbag.py:588} INFO - Filling up the DagBag from /opt/airflow/dags/dss150p_pipeline.py
[2026-09-23T06:16:25.693+0000] {processor.py:925} INFO - DAG(s) 'dss150p_sales_pipeline' retrieved from /opt/airflow/dags/dss150p_pipeline.py
[2026-09-23T06:16:25.910+0000] {logging_mixin.py:190} INFO - [2026-09-23T06:16:25.910+0000] {dag.py:3239} INFO - Sync 1 DAGs
[2026-09-23T06:16:26.007+0000] {logging_mixin.py:190} INFO - [2026-09-23T06:16:26.007+0000] {dag.py:4180} INFO - Setting next_dagrun for dss150p_sales_pipeline to 2026-09-23 02:00:00+00:00, run_after=2026-09-24 02:00:00+00:00
[2026-09-23T06:16:26.109+0000] {processor.py:208} INFO - Processing /opt/airflow/dags/dss150p_pipeline.py took 0.708 seconds
[2026-09-23T06:16:56.741+0000] {processor.py:186} INFO - Started process (PID=2908) to work on /opt/airflow/dags/dss150p_pipeline.py
[2026-09-23T06:16:56.747+0000] {processor.py:914} INFO - Processing file /opt/airflow/dags/dss150p_pipeline.py for tasks to queue
[2026-09-23T06:16:56.756+0000] {logging_mixin.py:190} INFO - [2026-09-23T06:16:56.754+0000] {dagbag.py:588} INFO - Filling up the DagBag from /opt/airflow/dags/dss150p_pipeline.py
[2026-09-23T06:16:56.945+0000] {processor.py:925} INFO - DAG(s) 'dss150p_sales_pipeline' retrieved from /opt/airflow/dags/dss150p_pipeline.py
[2026-09-23T06:16:57.081+0000] {logging_mixin.py:190} INFO - [2026-09-23T06:16:57.080+0000] {dag.py:3239} INFO - Sync 1 DAGs
[2026-09-23T06:16:57.164+0000] {logging_mixin.py:190} INFO - [2026-09-23T06:16:57.164+0000] {dag.py:4180} INFO - Setting next_dagrun for dss150p_sales_pipeline to 2026-09-23 02:00:00+00:00, run_after=2026-09-24 02:00:00+00:00
[2026-09-23T06:16:57.217+0000] {processor.py:208} INFO - Processing /opt/airflow/dags/dss150p_pipeline.py took 0.520 seconds
[2026-09-23T06:17:27.657+0000] {processor.py:186} INFO - Started process (PID=2913) to work on /opt/airflow/dags/dss150p_pipeline.py
[2026-09-23T06:17:27.664+0000] {processor.py:914} INFO - Processing file /opt/airflow/dags/dss150p_pipeline.py for tasks to queue
[2026-09-23T06:17:27.675+0000] {logging_mixin.py:190} INFO - [2026-09-23T06:17:27.674+0000] {dagbag.py:588} INFO - Filling up the DagBag from /opt/airflow/dags/dss150p_pipeline.py
[2026-09-23T06:17:27.798+0000] {processor.py:925} INFO - DAG(s) 'dss150p_sales_pipeline' retrieved from /opt/airflow/dags/dss150p_pipeline.py
[2026-09-23T06:17:27.913+0000] {logging_mixin.py:190} INFO - [2026-09-23T06:17:27.913+0000] {dag.py:3239} INFO - Sync 1 DAGs
[2026-09-23T06:17:28.055+0000] {logging_mixin.py:190} INFO - [2026-09-23T06:17:28.054+0000] {dag.py:4180} INFO - Setting next_dagrun for dss150p_sales_pipeline to 2026-09-23 02:00:00+00:00, run_after=2026-09-24 02:00:00+00:00
[2026-09-23T06:17:28.120+0000] {processor.py:208} INFO - Processing /opt/airflow/dags/dss150p_pipeline.py took 0.519 seconds
[2026-09-23T06:17:58.671+0000] {processor.py:186} INFO - Started process (PID=2918) to work on /opt/airflow/dags/dss150p_pipeline.py
[2026-09-23T06:17:58.677+0000] {processor.py:914} INFO - Processing file /opt/airflow/dags/dss150p_pipeline.py for tasks to queue
[2026-09-23T06:17:58.695+0000] {logging_mixin.py:190} INFO - [2026-09-23T06:17:58.693+0000] {dagbag.py:588} INFO - Filling up the DagBag from /opt/airflow/dags/dss150p_pipeline.py
[2026-09-23T06:17:58.866+0000] {processor.py:925} INFO - DAG(s) 'dss150p_sales_pipeline' retrieved from /opt/airflow/dags/dss150p_pipeline.py
[2026-09-23T06:17:59.047+0000] {logging_mixin.py:190} INFO - [2026-09-23T06:17:59.046+0000] {dag.py:3239} INFO - Sync 1 DAGs
[2026-09-23T06:17:59.174+0000] {logging_mixin.py:190} INFO - [2026-09-23T06:17:59.174+0000] {dag.py:4180} INFO - Setting next_dagrun for dss150p_sales_pipeline to 2026-09-23 02:00:00+00:00, run_after=2026-09-24 02:00:00+00:00
[2026-09-23T06:17:59.294+0000] {processor.py:208} INFO - Processing /opt/airflow/dags/dss150p_pipeline.py took 0.698 seconds
[2026-09-23T06:18:30.322+0000] {processor.py:186} INFO - Started process (PID=2923) to work on /opt/airflow/dags/dss150p_pipeline.py
[2026-09-23T06:18:30.334+0000] {processor.py:914} INFO - Processing file /opt/airflow/dags/dss150p_pipeline.py for tasks to queue
[2026-09-23T06:18:30.350+0000] {logging_mixin.py:190} INFO - [2026-09-23T06:18:30.349+0000] {dagbag.py:588} INFO - Filling up the DagBag from /opt/airflow/dags/dss150p_pipeline.py
[2026-09-23T06:18:30.438+0000] {processor.py:925} INFO - DAG(s) 'dss150p_sales_pipeline' retrieved from /opt/airflow/dags/dss150p_pipeline.py
[2026-09-23T06:18:30.616+0000] {logging_mixin.py:190} INFO - [2026-09-23T06:18:30.616+0000] {dag.py:3239} INFO - Sync 1 DAGs
[2026-09-23T06:18:30.695+0000] {logging_mixin.py:190} INFO - [2026-09-23T06:18:30.694+0000] {dag.py:4180} INFO - Setting next_dagrun for dss150p_sales_pipeline to 2026-09-23 02:00:00+00:00, run_after=2026-09-24 02:00:00+00:00
[2026-09-23T06:18:30.765+0000] {processor.py:208} INFO - Processing /opt/airflow/dags/dss150p_pipeline.py took 0.475 seconds
[2026-09-23T06:19:01.002+0000] {processor.py:186} INFO - Started process (PID=2928) to work on /opt/airflow/dags/dss150p_pipeline.py
[2026-09-23T06:19:01.007+0000] {processor.py:914} INFO - Processing file /opt/airflow/dags/dss150p_pipeline.py for tasks to queue
[2026-09-23T06:19:01.029+0000] {logging_mixin.py:190} INFO - [2026-09-23T06:19:01.028+0000] {dagbag.py:588} INFO - Filling up the DagBag from /opt/airflow/dags/dss150p_pipeline.py
[2026-09-23T06:19:01.150+0000] {processor.py:925} INFO - DAG(s) 'dss150p_sales_pipeline' retrieved from /opt/airflow/dags/dss150p_pipeline.py
[2026-09-23T06:19:01.254+0000] {logging_mixin.py:190} INFO - [2026-09-23T06:19:01.254+0000] {dag.py:3239} INFO - Sync 1 DAGs
[2026-09-23T06:19:01.343+0000] {logging_mixin.py:190} INFO - [2026-09-23T06:19:01.343+0000] {dag.py:4180} INFO - Setting next_dagrun for dss150p_sales_pipeline to 2026-09-23 02:00:00+00:00, run_after=2026-09-24 02:00:00+00:00
[2026-09-23T06:19:01.412+0000] {processor.py:208} INFO - Processing /opt/airflow/dags/dss150p_pipeline.py took 0.472 seconds
[2026-09-23T06:19:32.202+0000] {processor.py:186} INFO - Started process (PID=2933) to work on /opt/airflow/dags/dss150p_pipeline.py
[2026-09-23T06:19:32.227+0000] {processor.py:914} INFO - Processing file /opt/airflow/dags/dss150p_pipeline.py for tasks to queue
[2026-09-23T06:19:32.264+0000] {logging_mixin.py:190} INFO - [2026-09-23T06:19:32.262+0000] {dagbag.py:588} INFO - Filling up the DagBag from /opt/airflow/dags/dss150p_pipeline.py
[2026-09-23T06:19:32.462+0000] {processor.py:925} INFO - DAG(s) 'dss150p_sales_pipeline' retrieved from /opt/airflow/dags/dss150p_pipeline.py
[2026-09-23T06:19:32.730+0000] {logging_mixin.py:190} INFO - [2026-09-23T06:19:32.722+0000] {dag.py:3239} INFO - Sync 1 DAGs
[2026-09-23T06:19:32.846+0000] {logging_mixin.py:190} INFO - [2026-09-23T06:19:32.845+0000] {dag.py:4180} INFO - Setting next_dagrun for dss150p_sales_pipeline to 2026-09-23 02:00:00+00:00, run_after=2026-09-24 02:00:00+00:00
[2026-09-23T06:19:32.961+0000] {processor.py:208} INFO - Processing /opt/airflow/dags/dss150p_pipeline.py took 0.868 seconds
[2026-09-23T06:20:03.735+0000] {processor.py:186} INFO - Started process (PID=2938) to work on /opt/airflow/dags/dss150p_pipeline.py
[2026-09-23T06:20:03.739+0000] {processor.py:914} INFO - Processing file /opt/airflow/dags/dss150p_pipeline.py for tasks to queue
[2026-09-23T06:20:03.748+0000] {logging_mixin.py:190} INFO - [2026-09-23T06:20:03.747+0000] {dagbag.py:588} INFO - Filling up the DagBag from /opt/airflow/dags/dss150p_pipeline.py
[2026-09-23T06:20:03.831+0000] {processor.py:925} INFO - DAG(s) 'dss150p_sales_pipeline' retrieved from /opt/airflow/dags/dss150p_pipeline.py
[2026-09-23T06:20:03.932+0000] {logging_mixin.py:190} INFO - [2026-09-23T06:20:03.932+0000] {dag.py:3239} INFO - Sync 1 DAGs
[2026-09-23T06:20:03.990+0000] {logging_mixin.py:190} INFO - [2026-09-23T06:20:03.990+0000] {dag.py:4180} INFO - Setting next_dagrun for dss150p_sales_pipeline to 2026-09-23 02:00:00+00:00, run_after=2026-09-24 02:00:00+00:00
[2026-09-23T06:20:04.019+0000] {processor.py:208} INFO - Processing /opt/airflow/dags/dss150p_pipeline.py took 0.309 seconds
[2026-09-23T06:20:34.620+0000] {processor.py:186} INFO - Started process (PID=2943) to work on /opt/airflow/dags/dss150p_pipeline.py
[2026-09-23T06:20:34.629+0000] {processor.py:914} INFO - Processing file /opt/airflow/dags/dss150p_pipeline.py for tasks to queue
[2026-09-23T06:20:34.656+0000] {logging_mixin.py:190} INFO - [2026-09-23T06:20:34.652+0000] {dagbag.py:588} INFO - Filling up the DagBag from /opt/airflow/dags/dss150p_pipeline.py
[2026-09-23T06:20:34.889+0000] {processor.py:925} INFO - DAG(s) 'dss150p_sales_pipeline' retrieved from /opt/airflow/dags/dss150p_pipeline.py
[2026-09-23T06:20:35.472+0000] {logging_mixin.py:190} INFO - [2026-09-23T06:20:35.471+0000] {dag.py:3239} INFO - Sync 1 DAGs
[2026-09-23T06:20:35.738+0000] {logging_mixin.py:190} INFO - [2026-09-23T06:20:35.736+0000] {dag.py:4180} INFO - Setting next_dagrun for dss150p_sales_pipeline to 2026-09-23 02:00:00+00:00, run_after=2026-09-24 02:00:00+00:00
[2026-09-23T06:20:35.850+0000] {processor.py:208} INFO - Processing /opt/airflow/dags/dss150p_pipeline.py took 1.330 seconds
[2026-09-23T06:21:07.530+0000] {processor.py:186} INFO - Started process (PID=2948) to work on /opt/airflow/dags/dss150p_pipeline.py
[2026-09-23T06:21:07.553+0000] {processor.py:914} INFO - Processing file /opt/airflow/dags/dss150p_pipeline.py for tasks to queue
[2026-09-23T06:21:07.624+0000] {logging_mixin.py:190} INFO - [2026-09-23T06:21:07.623+0000] {dagbag.py:588} INFO - Filling up the DagBag from /opt/airflow/dags/dss150p_pipeline.py
[2026-09-23T06:21:07.755+0000] {processor.py:925} INFO - DAG(s) 'dss150p_sales_pipeline' retrieved from /opt/airflow/dags/dss150p_pipeline.py
[2026-09-23T06:21:08.009+0000] {logging_mixin.py:190} INFO - [2026-09-23T06:21:08.009+0000] {dag.py:3239} INFO - Sync 1 DAGs
[2026-09-23T06:21:08.079+0000] {logging_mixin.py:190} INFO - [2026-09-23T06:21:08.078+0000] {dag.py:4180} INFO - Setting next_dagrun for dss150p_sales_pipeline to 2026-09-23 02:00:00+00:00, run_after=2026-09-24 02:00:00+00:00
[2026-09-23T06:21:08.256+0000] {processor.py:208} INFO - Processing /opt/airflow/dags/dss150p_pipeline.py took 0.935 seconds
[2026-09-23T06:21:39.410+0000] {processor.py:186} INFO - Started process (PID=2953) to work on /opt/airflow/dags/dss150p_pipeline.py
[2026-09-23T06:21:39.424+0000] {processor.py:914} INFO - Processing file /opt/airflow/dags/dss150p_pipeline.py for tasks to queue
[2026-09-23T06:21:39.442+0000] {logging_mixin.py:190} INFO - [2026-09-23T06:21:39.438+0000] {dagbag.py:588} INFO - Filling up the DagBag from /opt/airflow/dags/dss150p_pipeline.py
[2026-09-23T06:21:39.597+0000] {processor.py:925} INFO - DAG(s) 'dss150p_sales_pipeline' retrieved from /opt/airflow/dags/dss150p_pipeline.py
[2026-09-23T06:21:40.231+0000] {logging_mixin.py:190} INFO - [2026-09-23T06:21:40.231+0000] {dag.py:3239} INFO - Sync 1 DAGs
[2026-09-23T06:21:40.624+0000] {logging_mixin.py:190} INFO - [2026-09-23T06:21:40.624+0000] {dag.py:4180} INFO - Setting next_dagrun for dss150p_sales_pipeline to 2026-09-23 02:00:00+00:00, run_after=2026-09-24 02:00:00+00:00
[2026-09-23T06:21:40.737+0000] {processor.py:208} INFO - Processing /opt/airflow/dags/dss150p_pipeline.py took 1.379 seconds
[2026-09-23T06:22:11.302+0000] {processor.py:186} INFO - Started process (PID=2958) to work on /opt/airflow/dags/dss150p_pipeline.py
[2026-09-23T06:22:11.308+0000] {processor.py:914} INFO - Processing file /opt/airflow/dags/dss150p_pipeline.py for tasks to queue
[2026-09-23T06:22:11.330+0000] {logging_mixin.py:190} INFO - [2026-09-23T06:22:11.327+0000] {dagbag.py:588} INFO - Filling up the DagBag from /opt/airflow/dags/dss150p_pipeline.py
[2026-09-23T06:22:11.571+0000] {processor.py:925} INFO - DAG(s) 'dss150p_sales_pipeline' retrieved from /opt/airflow/dags/dss150p_pipeline.py
[2026-09-23T06:22:11.861+0000] {logging_mixin.py:190} INFO - [2026-09-23T06:22:11.860+0000] {dag.py:3239} INFO - Sync 1 DAGs
[2026-09-23T06:22:11.971+0000] {logging_mixin.py:190} INFO - [2026-09-23T06:22:11.971+0000] {dag.py:4180} INFO - Setting next_dagrun for dss150p_sales_pipeline to 2026-09-23 02:00:00+00:00, run_after=2026-09-24 02:00:00+00:00
[2026-09-23T06:22:12.036+0000] {processor.py:208} INFO - Processing /opt/airflow/dags/dss150p_pipeline.py took 0.807 seconds
[2026-09-23T06:22:42.497+0000] {processor.py:186} INFO - Started process (PID=2963) to work on /opt/airflow/dags/dss150p_pipeline.py
[2026-09-23T06:22:42.501+0000] {processor.py:914} INFO - Processing file /opt/airflow/dags/dss150p_pipeline.py for tasks to queue
[2026-09-23T06:22:42.517+0000] {logging_mixin.py:190} INFO - [2026-09-23T06:22:42.516+0000] {dagbag.py:588} INFO - Filling up the DagBag from /opt/airflow/dags/dss150p_pipeline.py
[2026-09-23T06:22:42.661+0000] {processor.py:925} INFO - DAG(s) 'dss150p_sales_pipeline' retrieved from /opt/airflow/dags/dss150p_pipeline.py
[2026-09-23T06:22:42.825+0000] {logging_mixin.py:190} INFO - [2026-09-23T06:22:42.825+0000] {dag.py:3239} INFO - Sync 1 DAGs
[2026-09-23T06:22:42.971+0000] {logging_mixin.py:190} INFO - [2026-09-23T06:22:42.971+0000] {dag.py:4180} INFO - Setting next_dagrun for dss150p_sales_pipeline to 2026-09-23 02:00:00+00:00, run_after=2026-09-24 02:00:00+00:00
[2026-09-23T06:22:43.007+0000] {processor.py:208} INFO - Processing /opt/airflow/dags/dss150p_pipeline.py took 0.553 seconds
[2026-09-23T06:23:13.552+0000] {processor.py:186} INFO - Started process (PID=2968) to work on /opt/airflow/dags/dss150p_pipeline.py
[2026-09-23T06:23:13.556+0000] {processor.py:914} INFO - Processing file /opt/airflow/dags/dss150p_pipeline.py for tasks to queue
[2026-09-23T06:23:13.563+0000] {logging_mixin.py:190} INFO - [2026-09-23T06:23:13.562+0000] {dagbag.py:588} INFO - Filling up the DagBag from /opt/airflow/dags/dss150p_pipeline.py
[2026-09-23T06:23:13.658+0000] {processor.py:925} INFO - DAG(s) 'dss150p_sales_pipeline' retrieved from /opt/airflow/dags/dss150p_pipeline.py
[2026-09-23T06:23:13.791+0000] {logging_mixin.py:190} INFO - [2026-09-23T06:23:13.790+0000] {dag.py:3239} INFO - Sync 1 DAGs
[2026-09-23T06:23:13.836+0000] {logging_mixin.py:190} INFO - [2026-09-23T06:23:13.836+0000] {dag.py:4180} INFO - Setting next_dagrun for dss150p_sales_pipeline to 2026-09-23 02:00:00+00:00, run_after=2026-09-24 02:00:00+00:00
[2026-09-23T06:23:13.923+0000] {processor.py:208} INFO - Processing /opt/airflow/dags/dss150p_pipeline.py took 0.415 seconds
[2026-09-23T06:23:44.430+0000] {processor.py:186} INFO - Started process (PID=2973) to work on /opt/airflow/dags/dss150p_pipeline.py
[2026-09-23T06:23:44.438+0000] {processor.py:914} INFO - Processing file /opt/airflow/dags/dss150p_pipeline.py for tasks to queue
[2026-09-23T06:23:44.467+0000] {logging_mixin.py:190} INFO - [2026-09-23T06:23:44.463+0000] {dagbag.py:588} INFO - Filling up the DagBag from /opt/airflow/dags/dss150p_pipeline.py
[2026-09-23T06:23:44.586+0000] {processor.py:925} INFO - DAG(s) 'dss150p_sales_pipeline' retrieved from /opt/airflow/dags/dss150p_pipeline.py
[2026-09-23T06:23:44.739+0000] {logging_mixin.py:190} INFO - [2026-09-23T06:23:44.739+0000] {dag.py:3239} INFO - Sync 1 DAGs
[2026-09-23T06:23:44.801+0000] {logging_mixin.py:190} INFO - [2026-09-23T06:23:44.801+0000] {dag.py:4180} INFO - Setting next_dagrun for dss150p_sales_pipeline to 2026-09-23 02:00:00+00:00, run_after=2026-09-24 02:00:00+00:00
[2026-09-23T06:23:44.871+0000] {processor.py:208} INFO - Processing /opt/airflow/dags/dss150p_pipeline.py took 0.498 seconds
[2026-09-23T06:24:15.453+0000] {processor.py:186} INFO - Started process (PID=2978) to work on /opt/airflow/dags/dss150p_pipeline.py
[2026-09-23T06:24:15.459+0000] {processor.py:914} INFO - Processing file /opt/airflow/dags/dss150p_pipeline.py for tasks to queue
[2026-09-23T06:24:15.467+0000] {logging_mixin.py:190} INFO - [2026-09-23T06:24:15.466+0000] {dagbag.py:588} INFO - Filling up the DagBag from /opt/airflow/dags/dss150p_pipeline.py
[2026-09-23T06:24:15.647+0000] {processor.py:925} INFO - DAG(s) 'dss150p_sales_pipeline' retrieved from /opt/airflow/dags/dss150p_pipeline.py
[2026-09-23T06:24:15.954+0000] {logging_mixin.py:190} INFO - [2026-09-23T06:24:15.954+0000] {dag.py:3239} INFO - Sync 1 DAGs
[2026-09-23T06:24:16.022+0000] {logging_mixin.py:190} INFO - [2026-09-23T06:24:16.022+0000] {dag.py:4180} INFO - Setting next_dagrun for dss150p_sales_pipeline to 2026-09-23 02:00:00+00:00, run_after=2026-09-24 02:00:00+00:00
[2026-09-23T06:24:16.123+0000] {processor.py:208} INFO - Processing /opt/airflow/dags/dss150p_pipeline.py took 0.707 seconds
[2026-09-23T06:24:46.599+0000] {processor.py:186} INFO - Started process (PID=2983) to work on /opt/airflow/dags/dss150p_pipeline.py
[2026-09-23T06:24:46.602+0000] {processor.py:914} INFO - Processing file /opt/airflow/dags/dss150p_pipeline.py for tasks to queue
[2026-09-23T06:24:46.635+0000] {logging_mixin.py:190} INFO - [2026-09-23T06:24:46.633+0000] {dagbag.py:588} INFO - Filling up the DagBag from /opt/airflow/dags/dss150p_pipeline.py
[2026-09-23T06:24:46.780+0000] {processor.py:925} INFO - DAG(s) 'dss150p_sales_pipeline' retrieved from /opt/airflow/dags/dss150p_pipeline.py
[2026-09-23T06:24:47.181+0000] {logging_mixin.py:190} INFO - [2026-09-23T06:24:47.180+0000] {dag.py:3239} INFO - Sync 1 DAGs
[2026-09-23T06:24:47.300+0000] {logging_mixin.py:190} INFO - [2026-09-23T06:24:47.299+0000] {dag.py:4180} INFO - Setting next_dagrun for dss150p_sales_pipeline to 2026-09-23 02:00:00+00:00, run_after=2026-09-24 02:00:00+00:00
[2026-09-23T06:24:47.353+0000] {processor.py:208} INFO - Processing /opt/airflow/dags/dss150p_pipeline.py took 0.892 seconds
[2026-09-23T06:25:18.308+0000] {processor.py:186} INFO - Started process (PID=2988) to work on /opt/airflow/dags/dss150p_pipeline.py
[2026-09-23T06:25:18.433+0000] {processor.py:914} INFO - Processing file /opt/airflow/dags/dss150p_pipeline.py for tasks to queue
[2026-09-23T06:25:18.713+0000] {logging_mixin.py:190} INFO - [2026-09-23T06:25:18.709+0000] {dagbag.py:588} INFO - Filling up the DagBag from /opt/airflow/dags/dss150p_pipeline.py
[2026-09-23T06:25:19.751+0000] {processor.py:925} INFO - DAG(s) 'dss150p_sales_pipeline' retrieved from /opt/airflow/dags/dss150p_pipeline.py
[2026-09-23T06:25:20.914+0000] {logging_mixin.py:190} INFO - [2026-09-23T06:25:20.913+0000] {dag.py:3239} INFO - Sync 1 DAGs
[2026-09-23T06:25:21.401+0000] {logging_mixin.py:190} INFO - [2026-09-23T06:25:21.400+0000] {dag.py:4180} INFO - Setting next_dagrun for dss150p_sales_pipeline to 2026-09-23 02:00:00+00:00, run_after=2026-09-24 02:00:00+00:00
[2026-09-23T06:25:21.585+0000] {processor.py:208} INFO - Processing /opt/airflow/dags/dss150p_pipeline.py took 3.875 seconds
[2026-09-23T06:25:52.205+0000] {processor.py:186} INFO - Started process (PID=2993) to work on /opt/airflow/dags/dss150p_pipeline.py
[2026-09-23T06:25:52.208+0000] {processor.py:914} INFO - Processing file /opt/airflow/dags/dss150p_pipeline.py for tasks to queue
[2026-09-23T06:25:52.240+0000] {logging_mixin.py:190} INFO - [2026-09-23T06:25:52.239+0000] {dagbag.py:588} INFO - Filling up the DagBag from /opt/airflow/dags/dss150p_pipeline.py
[2026-09-23T06:25:52.450+0000] {processor.py:925} INFO - DAG(s) 'dss150p_sales_pipeline' retrieved from /opt/airflow/dags/dss150p_pipeline.py
[2026-09-23T06:25:52.982+0000] {logging_mixin.py:190} INFO - [2026-09-23T06:25:52.981+0000] {dag.py:3239} INFO - Sync 1 DAGs
[2026-09-23T06:25:53.056+0000] {logging_mixin.py:190} INFO - [2026-09-23T06:25:53.056+0000] {dag.py:4180} INFO - Setting next_dagrun for dss150p_sales_pipeline to 2026-09-23 02:00:00+00:00, run_after=2026-09-24 02:00:00+00:00
[2026-09-23T06:25:53.122+0000] {processor.py:208} INFO - Processing /opt/airflow/dags/dss150p_pipeline.py took 0.996 seconds
[2026-09-23T06:26:24.721+0000] {processor.py:186} INFO - Started process (PID=2998) to work on /opt/airflow/dags/dss150p_pipeline.py
[2026-09-23T06:26:24.742+0000] {processor.py:914} INFO - Processing file /opt/airflow/dags/dss150p_pipeline.py for tasks to queue
[2026-09-23T06:26:24.900+0000] {logging_mixin.py:190} INFO - [2026-09-23T06:26:24.880+0000] {dagbag.py:588} INFO - Filling up the DagBag from /opt/airflow/dags/dss150p_pipeline.py
[2026-09-23T06:26:25.898+0000] {processor.py:925} INFO - DAG(s) 'dss150p_sales_pipeline' retrieved from /opt/airflow/dags/dss150p_pipeline.py
[2026-09-23T06:26:31.868+0000] {logging_mixin.py:190} INFO - [2026-09-23T06:26:31.868+0000] {dag.py:3239} INFO - Sync 1 DAGs
[2026-09-23T06:26:33.882+0000] {logging_mixin.py:190} INFO - [2026-09-23T06:26:33.881+0000] {dag.py:4180} INFO - Setting next_dagrun for dss150p_sales_pipeline to 2026-09-23 02:00:00+00:00, run_after=2026-09-24 02:00:00+00:00
[2026-09-23T06:26:43.508+0000] {processor.py:208} INFO - Processing /opt/airflow/dags/dss150p_pipeline.py took 19.642 seconds
[2026-09-23T06:27:14.679+0000] {processor.py:186} INFO - Started process (PID=3003) to work on /opt/airflow/dags/dss150p_pipeline.py
[2026-09-23T06:27:14.699+0000] {processor.py:914} INFO - Processing file /opt/airflow/dags/dss150p_pipeline.py for tasks to queue
[2026-09-23T06:27:14.729+0000] {logging_mixin.py:190} INFO - [2026-09-23T06:27:14.727+0000] {dagbag.py:588} INFO - Filling up the DagBag from /opt/airflow/dags/dss150p_pipeline.py
[2026-09-23T06:27:14.848+0000] {processor.py:925} INFO - DAG(s) 'dss150p_sales_pipeline' retrieved from /opt/airflow/dags/dss150p_pipeline.py
[2026-09-23T06:27:15.079+0000] {logging_mixin.py:190} INFO - [2026-09-23T06:27:15.079+0000] {dag.py:3239} INFO - Sync 1 DAGs
[2026-09-23T06:27:15.153+0000] {logging_mixin.py:190} INFO - [2026-09-23T06:27:15.153+0000] {dag.py:4180} INFO - Setting next_dagrun for dss150p_sales_pipeline to 2026-09-23 02:00:00+00:00, run_after=2026-09-24 02:00:00+00:00
[2026-09-23T06:27:15.206+0000] {processor.py:208} INFO - Processing /opt/airflow/dags/dss150p_pipeline.py took 0.601 seconds
[2026-09-23T06:27:45.962+0000] {processor.py:186} INFO - Started process (PID=3008) to work on /opt/airflow/dags/dss150p_pipeline.py
[2026-09-23T06:27:45.971+0000] {processor.py:914} INFO - Processing file /opt/airflow/dags/dss150p_pipeline.py for tasks to queue
[2026-09-23T06:27:45.985+0000] {logging_mixin.py:190} INFO - [2026-09-23T06:27:45.984+0000] {dagbag.py:588} INFO - Filling up the DagBag from /opt/airflow/dags/dss150p_pipeline.py
[2026-09-23T06:27:46.090+0000] {processor.py:925} INFO - DAG(s) 'dss150p_sales_pipeline' retrieved from /opt/airflow/dags/dss150p_pipeline.py
[2026-09-23T06:27:46.325+0000] {logging_mixin.py:190} INFO - [2026-09-23T06:27:46.325+0000] {dag.py:3239} INFO - Sync 1 DAGs
[2026-09-23T06:27:46.468+0000] {logging_mixin.py:190} INFO - [2026-09-23T06:27:46.467+0000] {dag.py:4180} INFO - Setting next_dagrun for dss150p_sales_pipeline to 2026-09-23 02:00:00+00:00, run_after=2026-09-24 02:00:00+00:00
[2026-09-23T06:27:46.538+0000] {processor.py:208} INFO - Processing /opt/airflow/dags/dss150p_pipeline.py took 0.623 seconds
[2026-09-23T06:28:17.121+0000] {processor.py:186} INFO - Started process (PID=3013) to work on /opt/airflow/dags/dss150p_pipeline.py
[2026-09-23T06:28:17.128+0000] {processor.py:914} INFO - Processing file /opt/airflow/dags/dss150p_pipeline.py for tasks to queue
[2026-09-23T06:28:17.140+0000] {logging_mixin.py:190} INFO - [2026-09-23T06:28:17.139+0000] {dagbag.py:588} INFO - Filling up the DagBag from /opt/airflow/dags/dss150p_pipeline.py
[2026-09-23T06:28:17.222+0000] {processor.py:925} INFO - DAG(s) 'dss150p_sales_pipeline' retrieved from /opt/airflow/dags/dss150p_pipeline.py
[2026-09-23T06:28:17.380+0000] {logging_mixin.py:190} INFO - [2026-09-23T06:28:17.380+0000] {dag.py:3239} INFO - Sync 1 DAGs
[2026-09-23T06:28:17.486+0000] {logging_mixin.py:190} INFO - [2026-09-23T06:28:17.485+0000] {dag.py:4180} INFO - Setting next_dagrun for dss150p_sales_pipeline to 2026-09-23 02:00:00+00:00, run_after=2026-09-24 02:00:00+00:00
[2026-09-23T06:28:17.565+0000] {processor.py:208} INFO - Processing /opt/airflow/dags/dss150p_pipeline.py took 0.495 seconds
[2026-09-23T06:28:48.208+0000] {processor.py:186} INFO - Started process (PID=3018) to work on /opt/airflow/dags/dss150p_pipeline.py
[2026-09-23T06:28:48.212+0000] {processor.py:914} INFO - Processing file /opt/airflow/dags/dss150p_pipeline.py for tasks to queue
[2026-09-23T06:28:48.221+0000] {logging_mixin.py:190} INFO - [2026-09-23T06:28:48.220+0000] {dagbag.py:588} INFO - Filling up the DagBag from /opt/airflow/dags/dss150p_pipeline.py
[2026-09-23T06:28:48.313+0000] {processor.py:925} INFO - DAG(s) 'dss150p_sales_pipeline' retrieved from /opt/airflow/dags/dss150p_pipeline.py
[2026-09-23T06:28:48.426+0000] {logging_mixin.py:190} INFO - [2026-09-23T06:28:48.425+0000] {dag.py:3239} INFO - Sync 1 DAGs
[2026-09-23T06:28:48.485+0000] {logging_mixin.py:190} INFO - [2026-09-23T06:28:48.484+0000] {dag.py:4180} INFO - Setting next_dagrun for dss150p_sales_pipeline to 2026-09-23 02:00:00+00:00, run_after=2026-09-24 02:00:00+00:00
[2026-09-23T06:28:48.523+0000] {processor.py:208} INFO - Processing /opt/airflow/dags/dss150p_pipeline.py took 0.343 seconds
[2026-09-23T06:29:18.660+0000] {processor.py:186} INFO - Started process (PID=3023) to work on /opt/airflow/dags/dss150p_pipeline.py
[2026-09-23T06:29:18.664+0000] {processor.py:914} INFO - Processing file /opt/airflow/dags/dss150p_pipeline.py for tasks to queue
[2026-09-23T06:29:18.673+0000] {logging_mixin.py:190} INFO - [2026-09-23T06:29:18.671+0000] {dagbag.py:588} INFO - Filling up the DagBag from /opt/airflow/dags/dss150p_pipeline.py
[2026-09-23T06:29:18.721+0000] {processor.py:925} INFO - DAG(s) 'dss150p_sales_pipeline' retrieved from /opt/airflow/dags/dss150p_pipeline.py
[2026-09-23T06:29:18.821+0000] {logging_mixin.py:190} INFO - [2026-09-23T06:29:18.821+0000] {dag.py:3239} INFO - Sync 1 DAGs
[2026-09-23T06:29:18.873+0000] {logging_mixin.py:190} INFO - [2026-09-23T06:29:18.872+0000] {dag.py:4180} INFO - Setting next_dagrun for dss150p_sales_pipeline to 2026-09-23 02:00:00+00:00, run_after=2026-09-24 02:00:00+00:00
[2026-09-23T06:29:18.912+0000] {processor.py:208} INFO - Processing /opt/airflow/dags/dss150p_pipeline.py took 0.278 seconds
[2026-09-23T06:29:49.228+0000] {processor.py:186} INFO - Started process (PID=3028) to work on /opt/airflow/dags/dss150p_pipeline.py
[2026-09-23T06:29:49.232+0000] {processor.py:914} INFO - Processing file /opt/airflow/dags/dss150p_pipeline.py for tasks to queue
[2026-09-23T06:29:49.248+0000] {logging_mixin.py:190} INFO - [2026-09-23T06:29:49.247+0000] {dagbag.py:588} INFO - Filling up the DagBag from /opt/airflow/dags/dss150p_pipeline.py
[2026-09-23T06:29:49.314+0000] {processor.py:925} INFO - DAG(s) 'dss150p_sales_pipeline' retrieved from /opt/airflow/dags/dss150p_pipeline.py
[2026-09-23T06:29:49.429+0000] {logging_mixin.py:190} INFO - [2026-09-23T06:29:49.429+0000] {dag.py:3239} INFO - Sync 1 DAGs
[2026-09-23T06:29:49.485+0000] {logging_mixin.py:190} INFO - [2026-09-23T06:29:49.485+0000] {dag.py:4180} INFO - Setting next_dagrun for dss150p_sales_pipeline to 2026-09-23 02:00:00+00:00, run_after=2026-09-24 02:00:00+00:00
[2026-09-23T06:29:49.538+0000] {processor.py:208} INFO - Processing /opt/airflow/dags/dss150p_pipeline.py took 0.355 seconds
[2026-09-23T06:30:19.840+0000] {processor.py:186} INFO - Started process (PID=3033) to work on /opt/airflow/dags/dss150p_pipeline.py
[2026-09-23T06:30:19.846+0000] {processor.py:914} INFO - Processing file /opt/airflow/dags/dss150p_pipeline.py for tasks to queue
[2026-09-23T06:30:19.856+0000] {logging_mixin.py:190} INFO - [2026-09-23T06:30:19.855+0000] {dagbag.py:588} INFO - Filling up the DagBag from /opt/airflow/dags/dss150p_pipeline.py
[2026-09-23T06:30:19.908+0000] {processor.py:925} INFO - DAG(s) 'dss150p_sales_pipeline' retrieved from /opt/airflow/dags/dss150p_pipeline.py
[2026-09-23T06:30:19.982+0000] {logging_mixin.py:190} INFO - [2026-09-23T06:30:19.982+0000] {dag.py:3239} INFO - Sync 1 DAGs
[2026-09-23T06:30:20.008+0000] {logging_mixin.py:190} INFO - [2026-09-23T06:30:20.008+0000] {dag.py:4180} INFO - Setting next_dagrun for dss150p_sales_pipeline to 2026-09-23 02:00:00+00:00, run_after=2026-09-24 02:00:00+00:00
[2026-09-23T06:30:20.031+0000] {processor.py:208} INFO - Processing /opt/airflow/dags/dss150p_pipeline.py took 0.205 seconds
[2026-09-23T06:30:50.379+0000] {processor.py:186} INFO - Started process (PID=3038) to work on /opt/airflow/dags/dss150p_pipeline.py
[2026-09-23T06:30:50.383+0000] {processor.py:914} INFO - Processing file /opt/airflow/dags/dss150p_pipeline.py for tasks to queue
[2026-09-23T06:30:50.392+0000] {logging_mixin.py:190} INFO - [2026-09-23T06:30:50.391+0000] {dagbag.py:588} INFO - Filling up the DagBag from /opt/airflow/dags/dss150p_pipeline.py
[2026-09-23T06:30:50.468+0000] {processor.py:925} INFO - DAG(s) 'dss150p_sales_pipeline' retrieved from /opt/airflow/dags/dss150p_pipeline.py
[2026-09-23T06:30:50.553+0000] {logging_mixin.py:190} INFO - [2026-09-23T06:30:50.553+0000] {dag.py:3239} INFO - Sync 1 DAGs
[2026-09-23T06:30:50.613+0000] {logging_mixin.py:190} INFO - [2026-09-23T06:30:50.613+0000] {dag.py:4180} INFO - Setting next_dagrun for dss150p_sales_pipeline to 2026-09-23 02:00:00+00:00, run_after=2026-09-24 02:00:00+00:00
[2026-09-23T06:30:50.647+0000] {processor.py:208} INFO - Processing /opt/airflow/dags/dss150p_pipeline.py took 0.289 seconds
[2026-09-23T06:31:20.921+0000] {processor.py:186} INFO - Started process (PID=3043) to work on /opt/airflow/dags/dss150p_pipeline.py
[2026-09-23T06:31:20.930+0000] {processor.py:914} INFO - Processing file /opt/airflow/dags/dss150p_pipeline.py for tasks to queue
[2026-09-23T06:31:20.940+0000] {logging_mixin.py:190} INFO - [2026-09-23T06:31:20.939+0000] {dagbag.py:588} INFO - Filling up the DagBag from /opt/airflow/dags/dss150p_pipeline.py
[2026-09-23T06:31:21.001+0000] {processor.py:925} INFO - DAG(s) 'dss150p_sales_pipeline' retrieved from /opt/airflow/dags/dss150p_pipeline.py
[2026-09-23T06:31:21.130+0000] {logging_mixin.py:190} INFO - [2026-09-23T06:31:21.129+0000] {dag.py:3239} INFO - Sync 1 DAGs
[2026-09-23T06:31:21.192+0000] {logging_mixin.py:190} INFO - [2026-09-23T06:31:21.192+0000] {dag.py:4180} INFO - Setting next_dagrun for dss150p_sales_pipeline to 2026-09-23 02:00:00+00:00, run_after=2026-09-24 02:00:00+00:00
[2026-09-23T06:31:21.239+0000] {processor.py:208} INFO - Processing /opt/airflow/dags/dss150p_pipeline.py took 0.342 seconds
[2026-09-23T06:31:51.831+0000] {processor.py:186} INFO - Started process (PID=3048) to work on /opt/airflow/dags/dss150p_pipeline.py
[2026-09-23T06:31:51.844+0000] {processor.py:914} INFO - Processing file /opt/airflow/dags/dss150p_pipeline.py for tasks to queue
[2026-09-23T06:31:51.860+0000] {logging_mixin.py:190} INFO - [2026-09-23T06:31:51.858+0000] {dagbag.py:588} INFO - Filling up the DagBag from /opt/airflow/dags/dss150p_pipeline.py
[2026-09-23T06:31:51.924+0000] {processor.py:925} INFO - DAG(s) 'dss150p_sales_pipeline' retrieved from /opt/airflow/dags/dss150p_pipeline.py
[2026-09-23T06:31:52.036+0000] {logging_mixin.py:190} INFO - [2026-09-23T06:31:52.036+0000] {dag.py:3239} INFO - Sync 1 DAGs
[2026-09-23T06:31:52.078+0000] {logging_mixin.py:190} INFO - [2026-09-23T06:31:52.077+0000] {dag.py:4180} INFO - Setting next_dagrun for dss150p_sales_pipeline to 2026-09-23 02:00:00+00:00, run_after=2026-09-24 02:00:00+00:00
[2026-09-23T06:31:52.114+0000] {processor.py:208} INFO - Processing /opt/airflow/dags/dss150p_pipeline.py took 0.322 seconds
[2026-09-23T06:32:22.304+0000] {processor.py:186} INFO - Started process (PID=3053) to work on /opt/airflow/dags/dss150p_pipeline.py
[2026-09-23T06:32:22.318+0000] {processor.py:914} INFO - Processing file /opt/airflow/dags/dss150p_pipeline.py for tasks to queue
[2026-09-23T06:32:22.349+0000] {logging_mixin.py:190} INFO - [2026-09-23T06:32:22.327+0000] {dagbag.py:588} INFO - Filling up the DagBag from /opt/airflow/dags/dss150p_pipeline.py
[2026-09-23T06:32:22.561+0000] {processor.py:925} INFO - DAG(s) 'dss150p_sales_pipeline' retrieved from /opt/airflow/dags/dss150p_pipeline.py
[2026-09-23T06:32:22.851+0000] {logging_mixin.py:190} INFO - [2026-09-23T06:32:22.850+0000] {dag.py:3239} INFO - Sync 1 DAGs
[2026-09-23T06:32:22.927+0000] {logging_mixin.py:190} INFO - [2026-09-23T06:32:22.927+0000] {dag.py:4180} INFO - Setting next_dagrun for dss150p_sales_pipeline to 2026-09-23 02:00:00+00:00, run_after=2026-09-24 02:00:00+00:00
[2026-09-23T06:32:23.001+0000] {processor.py:208} INFO - Processing /opt/airflow/dags/dss150p_pipeline.py took 0.756 seconds
[2026-09-23T06:32:53.349+0000] {processor.py:186} INFO - Started process (PID=3058) to work on /opt/airflow/dags/dss150p_pipeline.py
[2026-09-23T06:32:53.358+0000] {processor.py:914} INFO - Processing file /opt/airflow/dags/dss150p_pipeline.py for tasks to queue
[2026-09-23T06:32:53.408+0000] {logging_mixin.py:190} INFO - [2026-09-23T06:32:53.404+0000] {dagbag.py:588} INFO - Filling up the DagBag from /opt/airflow/dags/dss150p_pipeline.py
[2026-09-23T06:32:53.501+0000] {processor.py:925} INFO - DAG(s) 'dss150p_sales_pipeline' retrieved from /opt/airflow/dags/dss150p_pipeline.py
[2026-09-23T06:32:53.658+0000] {logging_mixin.py:190} INFO - [2026-09-23T06:32:53.657+0000] {dag.py:3239} INFO - Sync 1 DAGs
[2026-09-23T06:32:53.711+0000] {logging_mixin.py:190} INFO - [2026-09-23T06:32:53.711+0000] {dag.py:4180} INFO - Setting next_dagrun for dss150p_sales_pipeline to 2026-09-23 02:00:00+00:00, run_after=2026-09-24 02:00:00+00:00
[2026-09-23T06:32:53.869+0000] {processor.py:208} INFO - Processing /opt/airflow/dags/dss150p_pipeline.py took 0.543 seconds
[2026-09-23T06:33:24.161+0000] {processor.py:186} INFO - Started process (PID=3063) to work on /opt/airflow/dags/dss150p_pipeline.py
[2026-09-23T06:33:24.164+0000] {processor.py:914} INFO - Processing file /opt/airflow/dags/dss150p_pipeline.py for tasks to queue
[2026-09-23T06:33:24.178+0000] {logging_mixin.py:190} INFO - [2026-09-23T06:33:24.178+0000] {dagbag.py:588} INFO - Filling up the DagBag from /opt/airflow/dags/dss150p_pipeline.py
[2026-09-23T06:33:24.696+0000] {processor.py:925} INFO - DAG(s) 'dss150p_sales_pipeline' retrieved from /opt/airflow/dags/dss150p_pipeline.py
[2026-09-23T06:33:24.850+0000] {logging_mixin.py:190} INFO - [2026-09-23T06:33:24.849+0000] {dag.py:3239} INFO - Sync 1 DAGs
[2026-09-23T06:33:24.915+0000] {logging_mixin.py:190} INFO - [2026-09-23T06:33:24.915+0000] {dag.py:4180} INFO - Setting next_dagrun for dss150p_sales_pipeline to 2026-09-23 02:00:00+00:00, run_after=2026-09-24 02:00:00+00:00
[2026-09-23T06:33:25.165+0000] {processor.py:208} INFO - Processing /opt/airflow/dags/dss150p_pipeline.py took 1.058 seconds
[2026-09-23T06:33:55.728+0000] {processor.py:186} INFO - Started process (PID=3068) to work on /opt/airflow/dags/dss150p_pipeline.py
[2026-09-23T06:33:55.735+0000] {processor.py:914} INFO - Processing file /opt/airflow/dags/dss150p_pipeline.py for tasks to queue
[2026-09-23T06:33:55.745+0000] {logging_mixin.py:190} INFO - [2026-09-23T06:33:55.744+0000] {dagbag.py:588} INFO - Filling up the DagBag from /opt/airflow/dags/dss150p_pipeline.py
[2026-09-23T06:33:55.812+0000] {processor.py:925} INFO - DAG(s) 'dss150p_sales_pipeline' retrieved from /opt/airflow/dags/dss150p_pipeline.py
[2026-09-23T06:33:55.964+0000] {logging_mixin.py:190} INFO - [2026-09-23T06:33:55.963+0000] {dag.py:3239} INFO - Sync 1 DAGs
[2026-09-23T06:33:56.041+0000] {logging_mixin.py:190} INFO - [2026-09-23T06:33:56.041+0000] {dag.py:4180} INFO - Setting next_dagrun for dss150p_sales_pipeline to 2026-09-23 02:00:00+00:00, run_after=2026-09-24 02:00:00+00:00
[2026-09-23T06:33:56.085+0000] {processor.py:208} INFO - Processing /opt/airflow/dags/dss150p_pipeline.py took 0.385 seconds
[2026-09-23T06:34:26.466+0000] {processor.py:186} INFO - Started process (PID=3073) to work on /opt/airflow/dags/dss150p_pipeline.py
[2026-09-23T06:34:26.469+0000] {processor.py:914} INFO - Processing file /opt/airflow/dags/dss150p_pipeline.py for tasks to queue
[2026-09-23T06:34:26.481+0000] {logging_mixin.py:190} INFO - [2026-09-23T06:34:26.480+0000] {dagbag.py:588} INFO - Filling up the DagBag from /opt/airflow/dags/dss150p_pipeline.py
[2026-09-23T06:34:26.555+0000] {processor.py:925} INFO - DAG(s) 'dss150p_sales_pipeline' retrieved from /opt/airflow/dags/dss150p_pipeline.py
[2026-09-23T06:34:26.683+0000] {logging_mixin.py:190} INFO - [2026-09-23T06:34:26.672+0000] {dag.py:3239} INFO - Sync 1 DAGs
[2026-09-23T06:34:26.752+0000] {logging_mixin.py:190} INFO - [2026-09-23T06:34:26.752+0000] {dag.py:4180} INFO - Setting next_dagrun for dss150p_sales_pipeline to 2026-09-23 02:00:00+00:00, run_after=2026-09-24 02:00:00+00:00
[2026-09-23T06:34:26.815+0000] {processor.py:208} INFO - Processing /opt/airflow/dags/dss150p_pipeline.py took 0.366 seconds
[2026-09-23T06:34:57.221+0000] {processor.py:186} INFO - Started process (PID=3078) to work on /opt/airflow/dags/dss150p_pipeline.py
[2026-09-23T06:34:57.224+0000] {processor.py:914} INFO - Processing file /opt/airflow/dags/dss150p_pipeline.py for tasks to queue
[2026-09-23T06:34:57.246+0000] {logging_mixin.py:190} INFO - [2026-09-23T06:34:57.244+0000] {dagbag.py:588} INFO - Filling up the DagBag from /opt/airflow/dags/dss150p_pipeline.py
[2026-09-23T06:34:57.347+0000] {processor.py:925} INFO - DAG(s) 'dss150p_sales_pipeline' retrieved from /opt/airflow/dags/dss150p_pipeline.py
[2026-09-23T06:34:57.534+0000] {logging_mixin.py:190} INFO - [2026-09-23T06:34:57.533+0000] {dag.py:3239} INFO - Sync 1 DAGs
[2026-09-23T06:34:57.635+0000] {logging_mixin.py:190} INFO - [2026-09-23T06:34:57.634+0000] {dag.py:4180} INFO - Setting next_dagrun for dss150p_sales_pipeline to 2026-09-23 02:00:00+00:00, run_after=2026-09-24 02:00:00+00:00
[2026-09-23T06:34:57.673+0000] {processor.py:208} INFO - Processing /opt/airflow/dags/dss150p_pipeline.py took 0.509 seconds
[2026-09-23T06:35:28.154+0000] {processor.py:186} INFO - Started process (PID=3083) to work on /opt/airflow/dags/dss150p_pipeline.py
[2026-09-23T06:35:28.158+0000] {processor.py:914} INFO - Processing file /opt/airflow/dags/dss150p_pipeline.py for tasks to queue
[2026-09-23T06:35:28.165+0000] {logging_mixin.py:190} INFO - [2026-09-23T06:35:28.164+0000] {dagbag.py:588} INFO - Filling up the DagBag from /opt/airflow/dags/dss150p_pipeline.py
[2026-09-23T06:35:28.264+0000] {processor.py:925} INFO - DAG(s) 'dss150p_sales_pipeline' retrieved from /opt/airflow/dags/dss150p_pipeline.py
[2026-09-23T06:35:28.420+0000] {logging_mixin.py:190} INFO - [2026-09-23T06:35:28.419+0000] {dag.py:3239} INFO - Sync 1 DAGs
[2026-09-23T06:35:28.500+0000] {logging_mixin.py:190} INFO - [2026-09-23T06:35:28.500+0000] {dag.py:4180} INFO - Setting next_dagrun for dss150p_sales_pipeline to 2026-09-23 02:00:00+00:00, run_after=2026-09-24 02:00:00+00:00
[2026-09-23T06:35:28.526+0000] {processor.py:208} INFO - Processing /opt/airflow/dags/dss150p_pipeline.py took 0.436 seconds
[2026-09-23T06:35:59.803+0000] {processor.py:186} INFO - Started process (PID=3088) to work on /opt/airflow/dags/dss150p_pipeline.py
[2026-09-23T06:35:59.831+0000] {processor.py:914} INFO - Processing file /opt/airflow/dags/dss150p_pipeline.py for tasks to queue
[2026-09-23T06:35:59.860+0000] {logging_mixin.py:190} INFO - [2026-09-23T06:35:59.859+0000] {dagbag.py:588} INFO - Filling up the DagBag from /opt/airflow/dags/dss150p_pipeline.py
[2026-09-23T06:35:59.985+0000] {processor.py:925} INFO - DAG(s) 'dss150p_sales_pipeline' retrieved from /opt/airflow/dags/dss150p_pipeline.py
[2026-09-23T06:36:00.333+0000] {logging_mixin.py:190} INFO - [2026-09-23T06:36:00.332+0000] {dag.py:3239} INFO - Sync 1 DAGs
[2026-09-23T06:36:00.642+0000] {logging_mixin.py:190} INFO - [2026-09-23T06:36:00.641+0000] {dag.py:4180} INFO - Setting next_dagrun for dss150p_sales_pipeline to 2026-09-23 02:00:00+00:00, run_after=2026-09-24 02:00:00+00:00
[2026-09-23T06:36:00.847+0000] {processor.py:208} INFO - Processing /opt/airflow/dags/dss150p_pipeline.py took 1.171 seconds
[2026-09-23T06:36:31.969+0000] {processor.py:186} INFO - Started process (PID=3093) to work on /opt/airflow/dags/dss150p_pipeline.py
[2026-09-23T06:36:31.972+0000] {processor.py:914} INFO - Processing file /opt/airflow/dags/dss150p_pipeline.py for tasks to queue
[2026-09-23T06:36:31.980+0000] {logging_mixin.py:190} INFO - [2026-09-23T06:36:31.978+0000] {dagbag.py:588} INFO - Filling up the DagBag from /opt/airflow/dags/dss150p_pipeline.py
[2026-09-23T06:36:32.485+0000] {processor.py:925} INFO - DAG(s) 'dss150p_sales_pipeline' retrieved from /opt/airflow/dags/dss150p_pipeline.py
[2026-09-23T06:36:34.122+0000] {logging_mixin.py:190} INFO - [2026-09-23T06:36:34.122+0000] {dag.py:3239} INFO - Sync 1 DAGs
[2026-09-23T06:36:34.501+0000] {logging_mixin.py:190} INFO - [2026-09-23T06:36:34.500+0000] {dag.py:4180} INFO - Setting next_dagrun for dss150p_sales_pipeline to 2026-09-23 02:00:00+00:00, run_after=2026-09-24 02:00:00+00:00
[2026-09-23T06:36:34.973+0000] {processor.py:208} INFO - Processing /opt/airflow/dags/dss150p_pipeline.py took 3.437 seconds
[2026-09-23T06:37:10.209+0000] {processor.py:186} INFO - Started process (PID=3098) to work on /opt/airflow/dags/dss150p_pipeline.py
[2026-09-23T06:37:10.227+0000] {processor.py:914} INFO - Processing file /opt/airflow/dags/dss150p_pipeline.py for tasks to queue
[2026-09-23T06:37:10.434+0000] {logging_mixin.py:190} INFO - [2026-09-23T06:37:10.426+0000] {dagbag.py:588} INFO - Filling up the DagBag from /opt/airflow/dags/dss150p_pipeline.py
[2026-09-23T06:37:14.400+0000] {processor.py:925} INFO - DAG(s) 'dss150p_sales_pipeline' retrieved from /opt/airflow/dags/dss150p_pipeline.py
[2026-09-23T06:37:24.654+0000] {logging_mixin.py:190} INFO - [2026-09-23T06:37:24.653+0000] {dag.py:3239} INFO - Sync 1 DAGs
[2026-09-23T06:37:24.765+0000] {logging_mixin.py:190} INFO - [2026-09-23T06:37:24.764+0000] {dag.py:4180} INFO - Setting next_dagrun for dss150p_sales_pipeline to 2026-09-23 02:00:00+00:00, run_after=2026-09-24 02:00:00+00:00
[2026-09-23T06:37:24.820+0000] {processor.py:208} INFO - Processing /opt/airflow/dags/dss150p_pipeline.py took 15.063 seconds
[2026-09-23T06:37:55.449+0000] {processor.py:186} INFO - Started process (PID=3103) to work on /opt/airflow/dags/dss150p_pipeline.py
[2026-09-23T06:37:55.460+0000] {processor.py:914} INFO - Processing file /opt/airflow/dags/dss150p_pipeline.py for tasks to queue
[2026-09-23T06:37:55.501+0000] {logging_mixin.py:190} INFO - [2026-09-23T06:37:55.483+0000] {dagbag.py:588} INFO - Filling up the DagBag from /opt/airflow/dags/dss150p_pipeline.py
[2026-09-23T06:37:55.631+0000] {processor.py:925} INFO - DAG(s) 'dss150p_sales_pipeline' retrieved from /opt/airflow/dags/dss150p_pipeline.py
[2026-09-23T06:37:55.750+0000] {logging_mixin.py:190} INFO - [2026-09-23T06:37:55.750+0000] {dag.py:3239} INFO - Sync 1 DAGs
[2026-09-23T06:37:55.819+0000] {logging_mixin.py:190} INFO - [2026-09-23T06:37:55.818+0000] {dag.py:4180} INFO - Setting next_dagrun for dss150p_sales_pipeline to 2026-09-23 02:00:00+00:00, run_after=2026-09-24 02:00:00+00:00
[2026-09-23T06:37:55.878+0000] {processor.py:208} INFO - Processing /opt/airflow/dags/dss150p_pipeline.py took 0.507 seconds
[2026-09-23T06:38:26.143+0000] {processor.py:186} INFO - Started process (PID=3108) to work on /opt/airflow/dags/dss150p_pipeline.py
[2026-09-23T06:38:26.154+0000] {processor.py:914} INFO - Processing file /opt/airflow/dags/dss150p_pipeline.py for tasks to queue
[2026-09-23T06:38:26.167+0000] {logging_mixin.py:190} INFO - [2026-09-23T06:38:26.166+0000] {dagbag.py:588} INFO - Filling up the DagBag from /opt/airflow/dags/dss150p_pipeline.py
[2026-09-23T06:38:26.255+0000] {processor.py:925} INFO - DAG(s) 'dss150p_sales_pipeline' retrieved from /opt/airflow/dags/dss150p_pipeline.py
[2026-09-23T06:38:26.369+0000] {logging_mixin.py:190} INFO - [2026-09-23T06:38:26.369+0000] {dag.py:3239} INFO - Sync 1 DAGs
[2026-09-23T06:38:26.426+0000] {logging_mixin.py:190} INFO - [2026-09-23T06:38:26.425+0000] {dag.py:4180} INFO - Setting next_dagrun for dss150p_sales_pipeline to 2026-09-23 02:00:00+00:00, run_after=2026-09-24 02:00:00+00:00
[2026-09-23T06:38:26.491+0000] {processor.py:208} INFO - Processing /opt/airflow/dags/dss150p_pipeline.py took 0.402 seconds
[2026-09-23T06:38:56.668+0000] {processor.py:186} INFO - Started process (PID=3113) to work on /opt/airflow/dags/dss150p_pipeline.py
[2026-09-23T06:38:56.676+0000] {processor.py:914} INFO - Processing file /opt/airflow/dags/dss150p_pipeline.py for tasks to queue
[2026-09-23T06:38:56.693+0000] {logging_mixin.py:190} INFO - [2026-09-23T06:38:56.692+0000] {dagbag.py:588} INFO - Filling up the DagBag from /opt/airflow/dags/dss150p_pipeline.py
[2026-09-23T06:38:56.771+0000] {processor.py:925} INFO - DAG(s) 'dss150p_sales_pipeline' retrieved from /opt/airflow/dags/dss150p_pipeline.py
[2026-09-23T06:38:56.886+0000] {logging_mixin.py:190} INFO - [2026-09-23T06:38:56.886+0000] {dag.py:3239} INFO - Sync 1 DAGs
[2026-09-23T06:38:56.960+0000] {logging_mixin.py:190} INFO - [2026-09-23T06:38:56.960+0000] {dag.py:4180} INFO - Setting next_dagrun for dss150p_sales_pipeline to 2026-09-23 02:00:00+00:00, run_after=2026-09-24 02:00:00+00:00
[2026-09-23T06:38:57.022+0000] {processor.py:208} INFO - Processing /opt/airflow/dags/dss150p_pipeline.py took 0.371 seconds
[2026-09-23T06:39:27.260+0000] {processor.py:186} INFO - Started process (PID=3118) to work on /opt/airflow/dags/dss150p_pipeline.py
[2026-09-23T06:39:27.273+0000] {processor.py:914} INFO - Processing file /opt/airflow/dags/dss150p_pipeline.py for tasks to queue
[2026-09-23T06:39:27.287+0000] {logging_mixin.py:190} INFO - [2026-09-23T06:39:27.286+0000] {dagbag.py:588} INFO - Filling up the DagBag from /opt/airflow/dags/dss150p_pipeline.py
[2026-09-23T06:39:27.359+0000] {processor.py:925} INFO - DAG(s) 'dss150p_sales_pipeline' retrieved from /opt/airflow/dags/dss150p_pipeline.py
[2026-09-23T06:39:27.451+0000] {logging_mixin.py:190} INFO - [2026-09-23T06:39:27.451+0000] {dag.py:3239} INFO - Sync 1 DAGs
[2026-09-23T06:39:27.524+0000] {logging_mixin.py:190} INFO - [2026-09-23T06:39:27.523+0000] {dag.py:4180} INFO - Setting next_dagrun for dss150p_sales_pipeline to 2026-09-23 02:00:00+00:00, run_after=2026-09-24 02:00:00+00:00
[2026-09-23T06:39:27.562+0000] {processor.py:208} INFO - Processing /opt/airflow/dags/dss150p_pipeline.py took 0.324 seconds
[2026-09-23T06:39:57.799+0000] {processor.py:186} INFO - Started process (PID=3123) to work on /opt/airflow/dags/dss150p_pipeline.py
[2026-09-23T06:39:57.801+0000] {processor.py:914} INFO - Processing file /opt/airflow/dags/dss150p_pipeline.py for tasks to queue
[2026-09-23T06:39:57.812+0000] {logging_mixin.py:190} INFO - [2026-09-23T06:39:57.811+0000] {dagbag.py:588} INFO - Filling up the DagBag from /opt/airflow/dags/dss150p_pipeline.py
[2026-09-23T06:39:57.885+0000] {processor.py:925} INFO - DAG(s) 'dss150p_sales_pipeline' retrieved from /opt/airflow/dags/dss150p_pipeline.py
[2026-09-23T06:39:58.011+0000] {logging_mixin.py:190} INFO - [2026-09-23T06:39:58.010+0000] {dag.py:3239} INFO - Sync 1 DAGs
[2026-09-23T06:39:58.065+0000] {logging_mixin.py:190} INFO - [2026-09-23T06:39:58.064+0000] {dag.py:4180} INFO - Setting next_dagrun for dss150p_sales_pipeline to 2026-09-23 02:00:00+00:00, run_after=2026-09-24 02:00:00+00:00
[2026-09-23T06:39:58.115+0000] {processor.py:208} INFO - Processing /opt/airflow/dags/dss150p_pipeline.py took 0.357 seconds
[2026-09-23T06:40:28.287+0000] {processor.py:186} INFO - Started process (PID=3128) to work on /opt/airflow/dags/dss150p_pipeline.py
[2026-09-23T06:40:28.293+0000] {processor.py:914} INFO - Processing file /opt/airflow/dags/dss150p_pipeline.py for tasks to queue
[2026-09-23T06:40:28.305+0000] {logging_mixin.py:190} INFO - [2026-09-23T06:40:28.304+0000] {dagbag.py:588} INFO - Filling up the DagBag from /opt/airflow/dags/dss150p_pipeline.py
[2026-09-23T06:40:28.398+0000] {processor.py:925} INFO - DAG(s) 'dss150p_sales_pipeline' retrieved from /opt/airflow/dags/dss150p_pipeline.py
[2026-09-23T06:40:28.505+0000] {logging_mixin.py:190} INFO - [2026-09-23T06:40:28.505+0000] {dag.py:3239} INFO - Sync 1 DAGs
[2026-09-23T06:40:28.561+0000] {logging_mixin.py:190} INFO - [2026-09-23T06:40:28.561+0000] {dag.py:4180} INFO - Setting next_dagrun for dss150p_sales_pipeline to 2026-09-23 02:00:00+00:00, run_after=2026-09-24 02:00:00+00:00
[2026-09-23T06:40:28.599+0000] {processor.py:208} INFO - Processing /opt/airflow/dags/dss150p_pipeline.py took 0.349 seconds
[2026-09-23T06:40:58.757+0000] {processor.py:186} INFO - Started process (PID=3133) to work on /opt/airflow/dags/dss150p_pipeline.py
[2026-09-23T06:40:58.760+0000] {processor.py:914} INFO - Processing file /opt/airflow/dags/dss150p_pipeline.py for tasks to queue
[2026-09-23T06:40:58.769+0000] {logging_mixin.py:190} INFO - [2026-09-23T06:40:58.767+0000] {dagbag.py:588} INFO - Filling up the DagBag from /opt/airflow/dags/dss150p_pipeline.py
[2026-09-23T06:40:58.810+0000] {processor.py:925} INFO - DAG(s) 'dss150p_sales_pipeline' retrieved from /opt/airflow/dags/dss150p_pipeline.py
[2026-09-23T06:40:58.884+0000] {logging_mixin.py:190} INFO - [2026-09-23T06:40:58.884+0000] {dag.py:3239} INFO - Sync 1 DAGs
[2026-09-23T06:40:58.920+0000] {logging_mixin.py:190} INFO - [2026-09-23T06:40:58.920+0000] {dag.py:4180} INFO - Setting next_dagrun for dss150p_sales_pipeline to 2026-09-23 02:00:00+00:00, run_after=2026-09-24 02:00:00+00:00
[2026-09-23T06:40:58.946+0000] {processor.py:208} INFO - Processing /opt/airflow/dags/dss150p_pipeline.py took 0.211 seconds
[2026-09-23T06:41:29.258+0000] {processor.py:186} INFO - Started process (PID=3138) to work on /opt/airflow/dags/dss150p_pipeline.py
[2026-09-23T06:41:29.262+0000] {processor.py:914} INFO - Processing file /opt/airflow/dags/dss150p_pipeline.py for tasks to queue
[2026-09-23T06:41:29.269+0000] {logging_mixin.py:190} INFO - [2026-09-23T06:41:29.268+0000] {dagbag.py:588} INFO - Filling up the DagBag from /opt/airflow/dags/dss150p_pipeline.py
[2026-09-23T06:41:29.312+0000] {processor.py:925} INFO - DAG(s) 'dss150p_sales_pipeline' retrieved from /opt/airflow/dags/dss150p_pipeline.py
[2026-09-23T06:41:29.419+0000] {logging_mixin.py:190} INFO - [2026-09-23T06:41:29.419+0000] {dag.py:3239} INFO - Sync 1 DAGs
[2026-09-23T06:41:29.481+0000] {logging_mixin.py:190} INFO - [2026-09-23T06:41:29.481+0000] {dag.py:4180} INFO - Setting next_dagrun for dss150p_sales_pipeline to 2026-09-23 02:00:00+00:00, run_after=2026-09-24 02:00:00+00:00
[2026-09-23T06:41:29.524+0000] {processor.py:208} INFO - Processing /opt/airflow/dags/dss150p_pipeline.py took 0.291 seconds
[2026-09-23T06:42:00.028+0000] {processor.py:186} INFO - Started process (PID=3143) to work on /opt/airflow/dags/dss150p_pipeline.py
[2026-09-23T06:42:00.035+0000] {processor.py:914} INFO - Processing file /opt/airflow/dags/dss150p_pipeline.py for tasks to queue
[2026-09-23T06:42:00.064+0000] {logging_mixin.py:190} INFO - [2026-09-23T06:42:00.046+0000] {dagbag.py:588} INFO - Filling up the DagBag from /opt/airflow/dags/dss150p_pipeline.py
[2026-09-23T06:42:00.120+0000] {processor.py:925} INFO - DAG(s) 'dss150p_sales_pipeline' retrieved from /opt/airflow/dags/dss150p_pipeline.py
[2026-09-23T06:42:00.262+0000] {logging_mixin.py:190} INFO - [2026-09-23T06:42:00.261+0000] {dag.py:3239} INFO - Sync 1 DAGs
[2026-09-23T06:42:00.335+0000] {logging_mixin.py:190} INFO - [2026-09-23T06:42:00.335+0000] {dag.py:4180} INFO - Setting next_dagrun for dss150p_sales_pipeline to 2026-09-23 02:00:00+00:00, run_after=2026-09-24 02:00:00+00:00
[2026-09-23T06:42:00.426+0000] {processor.py:208} INFO - Processing /opt/airflow/dags/dss150p_pipeline.py took 0.444 seconds
[2026-09-23T06:42:30.993+0000] {processor.py:186} INFO - Started process (PID=3148) to work on /opt/airflow/dags/dss150p_pipeline.py
[2026-09-23T06:42:31.003+0000] {processor.py:914} INFO - Processing file /opt/airflow/dags/dss150p_pipeline.py for tasks to queue
[2026-09-23T06:42:31.021+0000] {logging_mixin.py:190} INFO - [2026-09-23T06:42:31.020+0000] {dagbag.py:588} INFO - Filling up the DagBag from /opt/airflow/dags/dss150p_pipeline.py
[2026-09-23T06:42:31.084+0000] {processor.py:925} INFO - DAG(s) 'dss150p_sales_pipeline' retrieved from /opt/airflow/dags/dss150p_pipeline.py
[2026-09-23T06:42:31.161+0000] {logging_mixin.py:190} INFO - [2026-09-23T06:42:31.161+0000] {dag.py:3239} INFO - Sync 1 DAGs
[2026-09-23T06:42:31.207+0000] {logging_mixin.py:190} INFO - [2026-09-23T06:42:31.206+0000] {dag.py:4180} INFO - Setting next_dagrun for dss150p_sales_pipeline to 2026-09-23 02:00:00+00:00, run_after=2026-09-24 02:00:00+00:00
[2026-09-23T06:42:31.237+0000] {processor.py:208} INFO - Processing /opt/airflow/dags/dss150p_pipeline.py took 0.278 seconds
[2026-09-23T06:43:01.417+0000] {processor.py:186} INFO - Started process (PID=3153) to work on /opt/airflow/dags/dss150p_pipeline.py
[2026-09-23T06:43:01.422+0000] {processor.py:914} INFO - Processing file /opt/airflow/dags/dss150p_pipeline.py for tasks to queue
[2026-09-23T06:43:01.440+0000] {logging_mixin.py:190} INFO - [2026-09-23T06:43:01.437+0000] {dagbag.py:588} INFO - Filling up the DagBag from /opt/airflow/dags/dss150p_pipeline.py
[2026-09-23T06:43:01.527+0000] {processor.py:925} INFO - DAG(s) 'dss150p_sales_pipeline' retrieved from /opt/airflow/dags/dss150p_pipeline.py
[2026-09-23T06:43:01.661+0000] {logging_mixin.py:190} INFO - [2026-09-23T06:43:01.660+0000] {dag.py:3239} INFO - Sync 1 DAGs
[2026-09-23T06:43:01.703+0000] {logging_mixin.py:190} INFO - [2026-09-23T06:43:01.703+0000] {dag.py:4180} INFO - Setting next_dagrun for dss150p_sales_pipeline to 2026-09-23 02:00:00+00:00, run_after=2026-09-24 02:00:00+00:00
[2026-09-23T06:43:01.740+0000] {processor.py:208} INFO - Processing /opt/airflow/dags/dss150p_pipeline.py took 0.353 seconds
[2026-09-23T06:43:32.011+0000] {processor.py:186} INFO - Started process (PID=3158) to work on /opt/airflow/dags/dss150p_pipeline.py
[2026-09-23T06:43:32.014+0000] {processor.py:914} INFO - Processing file /opt/airflow/dags/dss150p_pipeline.py for tasks to queue
[2026-09-23T06:43:32.020+0000] {logging_mixin.py:190} INFO - [2026-09-23T06:43:32.019+0000] {dagbag.py:588} INFO - Filling up the DagBag from /opt/airflow/dags/dss150p_pipeline.py
[2026-09-23T06:43:32.065+0000] {processor.py:925} INFO - DAG(s) 'dss150p_sales_pipeline' retrieved from /opt/airflow/dags/dss150p_pipeline.py
[2026-09-23T06:43:32.141+0000] {logging_mixin.py:190} INFO - [2026-09-23T06:43:32.140+0000] {dag.py:3239} INFO - Sync 1 DAGs
[2026-09-23T06:43:32.181+0000] {logging_mixin.py:190} INFO - [2026-09-23T06:43:32.181+0000] {dag.py:4180} INFO - Setting next_dagrun for dss150p_sales_pipeline to 2026-09-23 02:00:00+00:00, run_after=2026-09-24 02:00:00+00:00
[2026-09-23T06:43:32.214+0000] {processor.py:208} INFO - Processing /opt/airflow/dags/dss150p_pipeline.py took 0.225 seconds
[2026-09-23T06:44:02.527+0000] {processor.py:186} INFO - Started process (PID=3163) to work on /opt/airflow/dags/dss150p_pipeline.py
[2026-09-23T06:44:02.531+0000] {processor.py:914} INFO - Processing file /opt/airflow/dags/dss150p_pipeline.py for tasks to queue
[2026-09-23T06:44:02.546+0000] {logging_mixin.py:190} INFO - [2026-09-23T06:44:02.545+0000] {dagbag.py:588} INFO - Filling up the DagBag from /opt/airflow/dags/dss150p_pipeline.py
[2026-09-23T06:44:02.600+0000] {processor.py:925} INFO - DAG(s) 'dss150p_sales_pipeline' retrieved from /opt/airflow/dags/dss150p_pipeline.py
[2026-09-23T06:44:02.730+0000] {logging_mixin.py:190} INFO - [2026-09-23T06:44:02.729+0000] {dag.py:3239} INFO - Sync 1 DAGs
[2026-09-23T06:44:02.806+0000] {logging_mixin.py:190} INFO - [2026-09-23T06:44:02.805+0000] {dag.py:4180} INFO - Setting next_dagrun for dss150p_sales_pipeline to 2026-09-23 02:00:00+00:00, run_after=2026-09-24 02:00:00+00:00
[2026-09-23T06:44:02.860+0000] {processor.py:208} INFO - Processing /opt/airflow/dags/dss150p_pipeline.py took 0.355 seconds
[2026-09-23T06:44:33.080+0000] {processor.py:186} INFO - Started process (PID=3168) to work on /opt/airflow/dags/dss150p_pipeline.py
[2026-09-23T06:44:33.085+0000] {processor.py:914} INFO - Processing file /opt/airflow/dags/dss150p_pipeline.py for tasks to queue
[2026-09-23T06:44:33.093+0000] {logging_mixin.py:190} INFO - [2026-09-23T06:44:33.092+0000] {dagbag.py:588} INFO - Filling up the DagBag from /opt/airflow/dags/dss150p_pipeline.py
[2026-09-23T06:44:33.142+0000] {processor.py:925} INFO - DAG(s) 'dss150p_sales_pipeline' retrieved from /opt/airflow/dags/dss150p_pipeline.py
[2026-09-23T06:44:33.217+0000] {logging_mixin.py:190} INFO - [2026-09-23T06:44:33.216+0000] {dag.py:3239} INFO - Sync 1 DAGs
[2026-09-23T06:44:33.294+0000] {logging_mixin.py:190} INFO - [2026-09-23T06:44:33.294+0000] {dag.py:4180} INFO - Setting next_dagrun for dss150p_sales_pipeline to 2026-09-23 02:00:00+00:00, run_after=2026-09-24 02:00:00+00:00
[2026-09-23T06:44:33.342+0000] {processor.py:208} INFO - Processing /opt/airflow/dags/dss150p_pipeline.py took 0.292 seconds
[2026-09-23T06:45:03.628+0000] {processor.py:186} INFO - Started process (PID=3173) to work on /opt/airflow/dags/dss150p_pipeline.py
[2026-09-23T06:45:03.631+0000] {processor.py:914} INFO - Processing file /opt/airflow/dags/dss150p_pipeline.py for tasks to queue
[2026-09-23T06:45:03.643+0000] {logging_mixin.py:190} INFO - [2026-09-23T06:45:03.641+0000] {dagbag.py:588} INFO - Filling up the DagBag from /opt/airflow/dags/dss150p_pipeline.py
[2026-09-23T06:45:03.691+0000] {processor.py:925} INFO - DAG(s) 'dss150p_sales_pipeline' retrieved from /opt/airflow/dags/dss150p_pipeline.py
[2026-09-23T06:45:03.769+0000] {logging_mixin.py:190} INFO - [2026-09-23T06:45:03.768+0000] {dag.py:3239} INFO - Sync 1 DAGs
[2026-09-23T06:45:03.833+0000] {logging_mixin.py:190} INFO - [2026-09-23T06:45:03.832+0000] {dag.py:4180} INFO - Setting next_dagrun for dss150p_sales_pipeline to 2026-09-23 02:00:00+00:00, run_after=2026-09-24 02:00:00+00:00
[2026-09-23T06:45:03.863+0000] {processor.py:208} INFO - Processing /opt/airflow/dags/dss150p_pipeline.py took 0.254 seconds
[2026-09-23T06:45:33.963+0000] {processor.py:186} INFO - Started process (PID=3178) to work on /opt/airflow/dags/dss150p_pipeline.py
[2026-09-23T06:45:33.966+0000] {processor.py:914} INFO - Processing file /opt/airflow/dags/dss150p_pipeline.py for tasks to queue
[2026-09-23T06:45:33.971+0000] {logging_mixin.py:190} INFO - [2026-09-23T06:45:33.971+0000] {dagbag.py:588} INFO - Filling up the DagBag from /opt/airflow/dags/dss150p_pipeline.py
[2026-09-23T06:45:34.003+0000] {processor.py:925} INFO - DAG(s) 'dss150p_sales_pipeline' retrieved from /opt/airflow/dags/dss150p_pipeline.py
[2026-09-23T06:45:34.086+0000] {logging_mixin.py:190} INFO - [2026-09-23T06:45:34.086+0000] {dag.py:3239} INFO - Sync 1 DAGs
[2026-09-23T06:45:34.131+0000] {logging_mixin.py:190} INFO - [2026-09-23T06:45:34.130+0000] {dag.py:4180} INFO - Setting next_dagrun for dss150p_sales_pipeline to 2026-09-23 02:00:00+00:00, run_after=2026-09-24 02:00:00+00:00
[2026-09-23T06:45:34.159+0000] {processor.py:208} INFO - Processing /opt/airflow/dags/dss150p_pipeline.py took 0.210 seconds
[2026-09-23T06:46:04.436+0000] {processor.py:186} INFO - Started process (PID=3183) to work on /opt/airflow/dags/dss150p_pipeline.py
[2026-09-23T06:46:04.438+0000] {processor.py:914} INFO - Processing file /opt/airflow/dags/dss150p_pipeline.py for tasks to queue
[2026-09-23T06:46:04.454+0000] {logging_mixin.py:190} INFO - [2026-09-23T06:46:04.452+0000] {dagbag.py:588} INFO - Filling up the DagBag from /opt/airflow/dags/dss150p_pipeline.py
[2026-09-23T06:46:04.508+0000] {processor.py:925} INFO - DAG(s) 'dss150p_sales_pipeline' retrieved from /opt/airflow/dags/dss150p_pipeline.py
[2026-09-23T06:46:04.664+0000] {logging_mixin.py:190} INFO - [2026-09-23T06:46:04.664+0000] {dag.py:3239} INFO - Sync 1 DAGs
[2026-09-23T06:46:04.715+0000] {logging_mixin.py:190} INFO - [2026-09-23T06:46:04.715+0000] {dag.py:4180} INFO - Setting next_dagrun for dss150p_sales_pipeline to 2026-09-23 02:00:00+00:00, run_after=2026-09-24 02:00:00+00:00
[2026-09-23T06:46:04.794+0000] {processor.py:208} INFO - Processing /opt/airflow/dags/dss150p_pipeline.py took 0.391 seconds
[2026-09-23T06:46:35.099+0000] {processor.py:186} INFO - Started process (PID=3188) to work on /opt/airflow/dags/dss150p_pipeline.py
[2026-09-23T06:46:35.102+0000] {processor.py:914} INFO - Processing file /opt/airflow/dags/dss150p_pipeline.py for tasks to queue
[2026-09-23T06:46:35.108+0000] {logging_mixin.py:190} INFO - [2026-09-23T06:46:35.107+0000] {dagbag.py:588} INFO - Filling up the DagBag from /opt/airflow/dags/dss150p_pipeline.py
[2026-09-23T06:46:35.146+0000] {processor.py:925} INFO - DAG(s) 'dss150p_sales_pipeline' retrieved from /opt/airflow/dags/dss150p_pipeline.py
[2026-09-23T06:46:35.252+0000] {logging_mixin.py:190} INFO - [2026-09-23T06:46:35.252+0000] {dag.py:3239} INFO - Sync 1 DAGs
[2026-09-23T06:46:35.291+0000] {logging_mixin.py:190} INFO - [2026-09-23T06:46:35.290+0000] {dag.py:4180} INFO - Setting next_dagrun for dss150p_sales_pipeline to 2026-09-23 02:00:00+00:00, run_after=2026-09-24 02:00:00+00:00
[2026-09-23T06:46:35.318+0000] {processor.py:208} INFO - Processing /opt/airflow/dags/dss150p_pipeline.py took 0.231 seconds
[2026-09-23T06:47:05.588+0000] {processor.py:186} INFO - Started process (PID=3193) to work on /opt/airflow/dags/dss150p_pipeline.py
[2026-09-23T06:47:05.592+0000] {processor.py:914} INFO - Processing file /opt/airflow/dags/dss150p_pipeline.py for tasks to queue
[2026-09-23T06:47:05.605+0000] {logging_mixin.py:190} INFO - [2026-09-23T06:47:05.604+0000] {dagbag.py:588} INFO - Filling up the DagBag from /opt/airflow/dags/dss150p_pipeline.py
[2026-09-23T06:47:05.684+0000] {processor.py:925} INFO - DAG(s) 'dss150p_sales_pipeline' retrieved from /opt/airflow/dags/dss150p_pipeline.py
[2026-09-23T06:47:05.836+0000] {logging_mixin.py:190} INFO - [2026-09-23T06:47:05.836+0000] {dag.py:3239} INFO - Sync 1 DAGs
[2026-09-23T06:47:05.897+0000] {logging_mixin.py:190} INFO - [2026-09-23T06:47:05.897+0000] {dag.py:4180} INFO - Setting next_dagrun for dss150p_sales_pipeline to 2026-09-23 02:00:00+00:00, run_after=2026-09-24 02:00:00+00:00
[2026-09-23T06:47:05.939+0000] {processor.py:208} INFO - Processing /opt/airflow/dags/dss150p_pipeline.py took 0.373 seconds
[2026-09-23T06:47:36.304+0000] {processor.py:186} INFO - Started process (PID=3198) to work on /opt/airflow/dags/dss150p_pipeline.py
[2026-09-23T06:47:36.306+0000] {processor.py:914} INFO - Processing file /opt/airflow/dags/dss150p_pipeline.py for tasks to queue
[2026-09-23T06:47:36.315+0000] {logging_mixin.py:190} INFO - [2026-09-23T06:47:36.314+0000] {dagbag.py:588} INFO - Filling up the DagBag from /opt/airflow/dags/dss150p_pipeline.py
[2026-09-23T06:47:36.367+0000] {processor.py:925} INFO - DAG(s) 'dss150p_sales_pipeline' retrieved from /opt/airflow/dags/dss150p_pipeline.py
[2026-09-23T06:47:36.464+0000] {logging_mixin.py:190} INFO - [2026-09-23T06:47:36.464+0000] {dag.py:3239} INFO - Sync 1 DAGs
[2026-09-23T06:47:36.505+0000] {logging_mixin.py:190} INFO - [2026-09-23T06:47:36.505+0000] {dag.py:4180} INFO - Setting next_dagrun for dss150p_sales_pipeline to 2026-09-23 02:00:00+00:00, run_after=2026-09-24 02:00:00+00:00
[2026-09-23T06:47:36.563+0000] {processor.py:208} INFO - Processing /opt/airflow/dags/dss150p_pipeline.py took 0.281 seconds
[2026-09-23T06:48:06.712+0000] {processor.py:186} INFO - Started process (PID=3203) to work on /opt/airflow/dags/dss150p_pipeline.py
[2026-09-23T06:48:06.715+0000] {processor.py:914} INFO - Processing file /opt/airflow/dags/dss150p_pipeline.py for tasks to queue
[2026-09-23T06:48:06.726+0000] {logging_mixin.py:190} INFO - [2026-09-23T06:48:06.724+0000] {dagbag.py:588} INFO - Filling up the DagBag from /opt/airflow/dags/dss150p_pipeline.py
[2026-09-23T06:48:06.824+0000] {processor.py:925} INFO - DAG(s) 'dss150p_sales_pipeline' retrieved from /opt/airflow/dags/dss150p_pipeline.py
[2026-09-23T06:48:06.994+0000] {logging_mixin.py:190} INFO - [2026-09-23T06:48:06.994+0000] {dag.py:3239} INFO - Sync 1 DAGs
[2026-09-23T06:48:07.061+0000] {logging_mixin.py:190} INFO - [2026-09-23T06:48:07.060+0000] {dag.py:4180} INFO - Setting next_dagrun for dss150p_sales_pipeline to 2026-09-23 02:00:00+00:00, run_after=2026-09-24 02:00:00+00:00
[2026-09-23T06:48:07.098+0000] {processor.py:208} INFO - Processing /opt/airflow/dags/dss150p_pipeline.py took 0.422 seconds
[2026-09-23T06:48:37.465+0000] {processor.py:186} INFO - Started process (PID=3208) to work on /opt/airflow/dags/dss150p_pipeline.py
[2026-09-23T06:48:37.468+0000] {processor.py:914} INFO - Processing file /opt/airflow/dags/dss150p_pipeline.py for tasks to queue
[2026-09-23T06:48:37.475+0000] {logging_mixin.py:190} INFO - [2026-09-23T06:48:37.474+0000] {dagbag.py:588} INFO - Filling up the DagBag from /opt/airflow/dags/dss150p_pipeline.py
[2026-09-23T06:48:37.524+0000] {processor.py:925} INFO - DAG(s) 'dss150p_sales_pipeline' retrieved from /opt/airflow/dags/dss150p_pipeline.py
[2026-09-23T06:48:37.643+0000] {logging_mixin.py:190} INFO - [2026-09-23T06:48:37.642+0000] {dag.py:3239} INFO - Sync 1 DAGs
[2026-09-23T06:48:37.705+0000] {logging_mixin.py:190} INFO - [2026-09-23T06:48:37.705+0000] {dag.py:4180} INFO - Setting next_dagrun for dss150p_sales_pipeline to 2026-09-23 02:00:00+00:00, run_after=2026-09-24 02:00:00+00:00
[2026-09-23T06:48:37.733+0000] {processor.py:208} INFO - Processing /opt/airflow/dags/dss150p_pipeline.py took 0.303 seconds
[2026-09-23T06:49:07.886+0000] {processor.py:186} INFO - Started process (PID=3213) to work on /opt/airflow/dags/dss150p_pipeline.py
[2026-09-23T06:49:07.888+0000] {processor.py:914} INFO - Processing file /opt/airflow/dags/dss150p_pipeline.py for tasks to queue
[2026-09-23T06:49:07.896+0000] {logging_mixin.py:190} INFO - [2026-09-23T06:49:07.895+0000] {dagbag.py:588} INFO - Filling up the DagBag from /opt/airflow/dags/dss150p_pipeline.py
[2026-09-23T06:49:07.968+0000] {processor.py:925} INFO - DAG(s) 'dss150p_sales_pipeline' retrieved from /opt/airflow/dags/dss150p_pipeline.py
[2026-09-23T06:49:08.197+0000] {logging_mixin.py:190} INFO - [2026-09-23T06:49:08.197+0000] {dag.py:3239} INFO - Sync 1 DAGs
[2026-09-23T06:49:08.239+0000] {logging_mixin.py:190} INFO - [2026-09-23T06:49:08.239+0000] {dag.py:4180} INFO - Setting next_dagrun for dss150p_sales_pipeline to 2026-09-23 02:00:00+00:00, run_after=2026-09-24 02:00:00+00:00
[2026-09-23T06:49:08.274+0000] {processor.py:208} INFO - Processing /opt/airflow/dags/dss150p_pipeline.py took 0.414 seconds
[2026-09-23T06:49:38.468+0000] {processor.py:186} INFO - Started process (PID=3218) to work on /opt/airflow/dags/dss150p_pipeline.py
[2026-09-23T06:49:38.472+0000] {processor.py:914} INFO - Processing file /opt/airflow/dags/dss150p_pipeline.py for tasks to queue
[2026-09-23T06:49:38.481+0000] {logging_mixin.py:190} INFO - [2026-09-23T06:49:38.480+0000] {dagbag.py:588} INFO - Filling up the DagBag from /opt/airflow/dags/dss150p_pipeline.py
[2026-09-23T06:49:38.587+0000] {processor.py:925} INFO - DAG(s) 'dss150p_sales_pipeline' retrieved from /opt/airflow/dags/dss150p_pipeline.py
[2026-09-23T06:49:38.997+0000] {logging_mixin.py:190} INFO - [2026-09-23T06:49:38.997+0000] {dag.py:3239} INFO - Sync 1 DAGs
[2026-09-23T06:49:39.072+0000] {logging_mixin.py:190} INFO - [2026-09-23T06:49:39.072+0000] {dag.py:4180} INFO - Setting next_dagrun for dss150p_sales_pipeline to 2026-09-23 02:00:00+00:00, run_after=2026-09-24 02:00:00+00:00
[2026-09-23T06:49:39.165+0000] {processor.py:208} INFO - Processing /opt/airflow/dags/dss150p_pipeline.py took 0.728 seconds
[2026-09-23T06:50:09.697+0000] {processor.py:186} INFO - Started process (PID=3223) to work on /opt/airflow/dags/dss150p_pipeline.py
[2026-09-23T06:50:09.702+0000] {processor.py:914} INFO - Processing file /opt/airflow/dags/dss150p_pipeline.py for tasks to queue
[2026-09-23T06:50:09.725+0000] {logging_mixin.py:190} INFO - [2026-09-23T06:50:09.723+0000] {dagbag.py:588} INFO - Filling up the DagBag from /opt/airflow/dags/dss150p_pipeline.py
[2026-09-23T06:50:09.906+0000] {processor.py:925} INFO - DAG(s) 'dss150p_sales_pipeline' retrieved from /opt/airflow/dags/dss150p_pipeline.py
[2026-09-23T06:50:10.334+0000] {logging_mixin.py:190} INFO - [2026-09-23T06:50:10.333+0000] {dag.py:3239} INFO - Sync 1 DAGs
[2026-09-23T06:50:10.549+0000] {logging_mixin.py:190} INFO - [2026-09-23T06:50:10.548+0000] {dag.py:4180} INFO - Setting next_dagrun for dss150p_sales_pipeline to 2026-09-23 02:00:00+00:00, run_after=2026-09-24 02:00:00+00:00
[2026-09-23T06:50:10.700+0000] {processor.py:208} INFO - Processing /opt/airflow/dags/dss150p_pipeline.py took 1.049 seconds
[2026-09-23T06:50:42.741+0000] {processor.py:186} INFO - Started process (PID=3228) to work on /opt/airflow/dags/dss150p_pipeline.py
[2026-09-23T06:50:42.783+0000] {processor.py:914} INFO - Processing file /opt/airflow/dags/dss150p_pipeline.py for tasks to queue
[2026-09-23T06:50:42.905+0000] {logging_mixin.py:190} INFO - [2026-09-23T06:50:42.900+0000] {dagbag.py:588} INFO - Filling up the DagBag from /opt/airflow/dags/dss150p_pipeline.py
[2026-09-23T06:50:44.287+0000] {processor.py:925} INFO - DAG(s) 'dss150p_sales_pipeline' retrieved from /opt/airflow/dags/dss150p_pipeline.py
[2026-09-23T06:50:48.740+0000] {logging_mixin.py:190} INFO - [2026-09-23T06:50:48.739+0000] {dag.py:3239} INFO - Sync 1 DAGs
[2026-09-23T06:50:49.051+0000] {logging_mixin.py:190} INFO - [2026-09-23T06:50:49.050+0000] {dag.py:4180} INFO - Setting next_dagrun for dss150p_sales_pipeline to 2026-09-23 02:00:00+00:00, run_after=2026-09-24 02:00:00+00:00
[2026-09-23T06:50:49.498+0000] {processor.py:208} INFO - Processing /opt/airflow/dags/dss150p_pipeline.py took 7.454 seconds
[2026-09-23T06:51:21.180+0000] {processor.py:186} INFO - Started process (PID=3233) to work on /opt/airflow/dags/dss150p_pipeline.py
[2026-09-23T06:51:21.196+0000] {processor.py:914} INFO - Processing file /opt/airflow/dags/dss150p_pipeline.py for tasks to queue
[2026-09-23T06:51:22.060+0000] {logging_mixin.py:190} INFO - [2026-09-23T06:51:21.871+0000] {dagbag.py:588} INFO - Filling up the DagBag from /opt/airflow/dags/dss150p_pipeline.py
[2026-09-23T06:51:24.081+0000] {processor.py:925} INFO - DAG(s) 'dss150p_sales_pipeline' retrieved from /opt/airflow/dags/dss150p_pipeline.py
[2026-09-23T06:51:37.370+0000] {logging_mixin.py:190} INFO - [2026-09-23T06:51:37.365+0000] {dag.py:3239} INFO - Sync 1 DAGs
[2026-09-23T06:51:37.554+0000] {logging_mixin.py:190} INFO - [2026-09-23T06:51:37.553+0000] {dag.py:4180} INFO - Setting next_dagrun for dss150p_sales_pipeline to 2026-09-23 02:00:00+00:00, run_after=2026-09-24 02:00:00+00:00
[2026-09-23T06:51:37.641+0000] {processor.py:208} INFO - Processing /opt/airflow/dags/dss150p_pipeline.py took 16.824 seconds
[2026-09-23T06:52:08.400+0000] {processor.py:186} INFO - Started process (PID=3238) to work on /opt/airflow/dags/dss150p_pipeline.py
[2026-09-23T06:52:08.403+0000] {processor.py:914} INFO - Processing file /opt/airflow/dags/dss150p_pipeline.py for tasks to queue
[2026-09-23T06:52:08.415+0000] {logging_mixin.py:190} INFO - [2026-09-23T06:52:08.414+0000] {dagbag.py:588} INFO - Filling up the DagBag from /opt/airflow/dags/dss150p_pipeline.py
[2026-09-23T06:52:08.571+0000] {processor.py:925} INFO - DAG(s) 'dss150p_sales_pipeline' retrieved from /opt/airflow/dags/dss150p_pipeline.py
[2026-09-23T06:52:08.645+0000] {logging_mixin.py:190} INFO - [2026-09-23T06:52:08.644+0000] {dag.py:3239} INFO - Sync 1 DAGs
[2026-09-23T06:52:08.693+0000] {logging_mixin.py:190} INFO - [2026-09-23T06:52:08.693+0000] {dag.py:4180} INFO - Setting next_dagrun for dss150p_sales_pipeline to 2026-09-23 02:00:00+00:00, run_after=2026-09-24 02:00:00+00:00
[2026-09-23T06:52:08.730+0000] {processor.py:208} INFO - Processing /opt/airflow/dags/dss150p_pipeline.py took 0.360 seconds
[2026-09-23T06:52:39.232+0000] {processor.py:186} INFO - Started process (PID=3243) to work on /opt/airflow/dags/dss150p_pipeline.py
[2026-09-23T06:52:39.234+0000] {processor.py:914} INFO - Processing file /opt/airflow/dags/dss150p_pipeline.py for tasks to queue
[2026-09-23T06:52:39.242+0000] {logging_mixin.py:190} INFO - [2026-09-23T06:52:39.241+0000] {dagbag.py:588} INFO - Filling up the DagBag from /opt/airflow/dags/dss150p_pipeline.py
[2026-09-23T06:52:39.294+0000] {processor.py:925} INFO - DAG(s) 'dss150p_sales_pipeline' retrieved from /opt/airflow/dags/dss150p_pipeline.py
[2026-09-23T06:52:39.397+0000] {logging_mixin.py:190} INFO - [2026-09-23T06:52:39.396+0000] {dag.py:3239} INFO - Sync 1 DAGs
[2026-09-23T06:52:39.453+0000] {logging_mixin.py:190} INFO - [2026-09-23T06:52:39.452+0000] {dag.py:4180} INFO - Setting next_dagrun for dss150p_sales_pipeline to 2026-09-23 02:00:00+00:00, run_after=2026-09-24 02:00:00+00:00
[2026-09-23T06:52:39.497+0000] {processor.py:208} INFO - Processing /opt/airflow/dags/dss150p_pipeline.py took 0.282 seconds
[2026-09-23T06:53:09.794+0000] {processor.py:186} INFO - Started process (PID=3248) to work on /opt/airflow/dags/dss150p_pipeline.py
[2026-09-23T06:53:09.800+0000] {processor.py:914} INFO - Processing file /opt/airflow/dags/dss150p_pipeline.py for tasks to queue
[2026-09-23T06:53:09.811+0000] {logging_mixin.py:190} INFO - [2026-09-23T06:53:09.810+0000] {dagbag.py:588} INFO - Filling up the DagBag from /opt/airflow/dags/dss150p_pipeline.py
[2026-09-23T06:53:09.872+0000] {processor.py:925} INFO - DAG(s) 'dss150p_sales_pipeline' retrieved from /opt/airflow/dags/dss150p_pipeline.py
[2026-09-23T06:53:10.013+0000] {logging_mixin.py:190} INFO - [2026-09-23T06:53:10.012+0000] {dag.py:3239} INFO - Sync 1 DAGs
[2026-09-23T06:53:10.098+0000] {logging_mixin.py:190} INFO - [2026-09-23T06:53:10.097+0000] {dag.py:4180} INFO - Setting next_dagrun for dss150p_sales_pipeline to 2026-09-23 02:00:00+00:00, run_after=2026-09-24 02:00:00+00:00
[2026-09-23T06:53:10.137+0000] {processor.py:208} INFO - Processing /opt/airflow/dags/dss150p_pipeline.py took 0.373 seconds
[2026-09-23T06:53:40.354+0000] {processor.py:186} INFO - Started process (PID=3253) to work on /opt/airflow/dags/dss150p_pipeline.py
[2026-09-23T06:53:40.361+0000] {processor.py:914} INFO - Processing file /opt/airflow/dags/dss150p_pipeline.py for tasks to queue
[2026-09-23T06:53:40.373+0000] {logging_mixin.py:190} INFO - [2026-09-23T06:53:40.372+0000] {dagbag.py:588} INFO - Filling up the DagBag from /opt/airflow/dags/dss150p_pipeline.py
[2026-09-23T06:53:40.418+0000] {processor.py:925} INFO - DAG(s) 'dss150p_sales_pipeline' retrieved from /opt/airflow/dags/dss150p_pipeline.py
[2026-09-23T06:53:40.528+0000] {logging_mixin.py:190} INFO - [2026-09-23T06:53:40.528+0000] {dag.py:3239} INFO - Sync 1 DAGs
[2026-09-23T06:53:40.579+0000] {logging_mixin.py:190} INFO - [2026-09-23T06:53:40.578+0000] {dag.py:4180} INFO - Setting next_dagrun for dss150p_sales_pipeline to 2026-09-23 02:00:00+00:00, run_after=2026-09-24 02:00:00+00:00
[2026-09-23T06:53:40.632+0000] {processor.py:208} INFO - Processing /opt/airflow/dags/dss150p_pipeline.py took 0.305 seconds
[2026-09-23T06:54:10.907+0000] {processor.py:186} INFO - Started process (PID=3258) to work on /opt/airflow/dags/dss150p_pipeline.py
[2026-09-23T06:54:10.911+0000] {processor.py:914} INFO - Processing file /opt/airflow/dags/dss150p_pipeline.py for tasks to queue
[2026-09-23T06:54:10.920+0000] {logging_mixin.py:190} INFO - [2026-09-23T06:54:10.919+0000] {dagbag.py:588} INFO - Filling up the DagBag from /opt/airflow/dags/dss150p_pipeline.py
[2026-09-23T06:54:10.967+0000] {processor.py:925} INFO - DAG(s) 'dss150p_sales_pipeline' retrieved from /opt/airflow/dags/dss150p_pipeline.py
[2026-09-23T06:54:11.052+0000] {logging_mixin.py:190} INFO - [2026-09-23T06:54:11.052+0000] {dag.py:3239} INFO - Sync 1 DAGs
[2026-09-23T06:54:11.109+0000] {logging_mixin.py:190} INFO - [2026-09-23T06:54:11.109+0000] {dag.py:4180} INFO - Setting next_dagrun for dss150p_sales_pipeline to 2026-09-23 02:00:00+00:00, run_after=2026-09-24 02:00:00+00:00
[2026-09-23T06:54:11.145+0000] {processor.py:208} INFO - Processing /opt/airflow/dags/dss150p_pipeline.py took 0.257 seconds
[2026-09-23T06:54:41.313+0000] {processor.py:186} INFO - Started process (PID=3263) to work on /opt/airflow/dags/dss150p_pipeline.py
[2026-09-23T06:54:41.317+0000] {processor.py:914} INFO - Processing file /opt/airflow/dags/dss150p_pipeline.py for tasks to queue
[2026-09-23T06:54:41.334+0000] {logging_mixin.py:190} INFO - [2026-09-23T06:54:41.333+0000] {dagbag.py:588} INFO - Filling up the DagBag from /opt/airflow/dags/dss150p_pipeline.py
[2026-09-23T06:54:41.406+0000] {processor.py:925} INFO - DAG(s) 'dss150p_sales_pipeline' retrieved from /opt/airflow/dags/dss150p_pipeline.py
[2026-09-23T06:54:41.509+0000] {logging_mixin.py:190} INFO - [2026-09-23T06:54:41.509+0000] {dag.py:3239} INFO - Sync 1 DAGs
[2026-09-23T06:54:41.581+0000] {logging_mixin.py:190} INFO - [2026-09-23T06:54:41.581+0000] {dag.py:4180} INFO - Setting next_dagrun for dss150p_sales_pipeline to 2026-09-23 02:00:00+00:00, run_after=2026-09-24 02:00:00+00:00
[2026-09-23T06:54:41.618+0000] {processor.py:208} INFO - Processing /opt/airflow/dags/dss150p_pipeline.py took 0.337 seconds
[2026-09-23T06:55:11.804+0000] {processor.py:186} INFO - Started process (PID=3268) to work on /opt/airflow/dags/dss150p_pipeline.py
[2026-09-23T06:55:11.807+0000] {processor.py:914} INFO - Processing file /opt/airflow/dags/dss150p_pipeline.py for tasks to queue
[2026-09-23T06:55:11.821+0000] {logging_mixin.py:190} INFO - [2026-09-23T06:55:11.817+0000] {dagbag.py:588} INFO - Filling up the DagBag from /opt/airflow/dags/dss150p_pipeline.py
[2026-09-23T06:55:11.883+0000] {processor.py:925} INFO - DAG(s) 'dss150p_sales_pipeline' retrieved from /opt/airflow/dags/dss150p_pipeline.py
[2026-09-23T06:55:11.981+0000] {logging_mixin.py:190} INFO - [2026-09-23T06:55:11.980+0000] {dag.py:3239} INFO - Sync 1 DAGs
[2026-09-23T06:55:12.041+0000] {logging_mixin.py:190} INFO - [2026-09-23T06:55:12.041+0000] {dag.py:4180} INFO - Setting next_dagrun for dss150p_sales_pipeline to 2026-09-23 02:00:00+00:00, run_after=2026-09-24 02:00:00+00:00
[2026-09-23T06:55:12.079+0000] {processor.py:208} INFO - Processing /opt/airflow/dags/dss150p_pipeline.py took 0.310 seconds
[2026-09-23T06:55:42.548+0000] {processor.py:186} INFO - Started process (PID=3273) to work on /opt/airflow/dags/dss150p_pipeline.py
[2026-09-23T06:55:42.553+0000] {processor.py:914} INFO - Processing file /opt/airflow/dags/dss150p_pipeline.py for tasks to queue
[2026-09-23T06:55:42.564+0000] {logging_mixin.py:190} INFO - [2026-09-23T06:55:42.563+0000] {dagbag.py:588} INFO - Filling up the DagBag from /opt/airflow/dags/dss150p_pipeline.py
[2026-09-23T06:55:42.609+0000] {processor.py:925} INFO - DAG(s) 'dss150p_sales_pipeline' retrieved from /opt/airflow/dags/dss150p_pipeline.py
[2026-09-23T06:55:42.679+0000] {logging_mixin.py:190} INFO - [2026-09-23T06:55:42.679+0000] {dag.py:3239} INFO - Sync 1 DAGs
[2026-09-23T06:55:42.722+0000] {logging_mixin.py:190} INFO - [2026-09-23T06:55:42.722+0000] {dag.py:4180} INFO - Setting next_dagrun for dss150p_sales_pipeline to 2026-09-23 02:00:00+00:00, run_after=2026-09-24 02:00:00+00:00
[2026-09-23T06:55:42.753+0000] {processor.py:208} INFO - Processing /opt/airflow/dags/dss150p_pipeline.py took 0.225 seconds
[2026-09-23T06:56:12.888+0000] {processor.py:186} INFO - Started process (PID=3278) to work on /opt/airflow/dags/dss150p_pipeline.py
[2026-09-23T06:56:12.891+0000] {processor.py:914} INFO - Processing file /opt/airflow/dags/dss150p_pipeline.py for tasks to queue
[2026-09-23T06:56:12.899+0000] {logging_mixin.py:190} INFO - [2026-09-23T06:56:12.898+0000] {dagbag.py:588} INFO - Filling up the DagBag from /opt/airflow/dags/dss150p_pipeline.py
[2026-09-23T06:56:12.949+0000] {processor.py:925} INFO - DAG(s) 'dss150p_sales_pipeline' retrieved from /opt/airflow/dags/dss150p_pipeline.py
[2026-09-23T06:56:13.037+0000] {logging_mixin.py:190} INFO - [2026-09-23T06:56:13.036+0000] {dag.py:3239} INFO - Sync 1 DAGs
[2026-09-23T06:56:13.090+0000] {logging_mixin.py:190} INFO - [2026-09-23T06:56:13.090+0000] {dag.py:4180} INFO - Setting next_dagrun for dss150p_sales_pipeline to 2026-09-23 02:00:00+00:00, run_after=2026-09-24 02:00:00+00:00
[2026-09-23T06:56:13.120+0000] {processor.py:208} INFO - Processing /opt/airflow/dags/dss150p_pipeline.py took 0.254 seconds
[2026-09-23T06:56:43.379+0000] {processor.py:186} INFO - Started process (PID=3283) to work on /opt/airflow/dags/dss150p_pipeline.py
[2026-09-23T06:56:43.382+0000] {processor.py:914} INFO - Processing file /opt/airflow/dags/dss150p_pipeline.py for tasks to queue
[2026-09-23T06:56:43.416+0000] {logging_mixin.py:190} INFO - [2026-09-23T06:56:43.408+0000] {dagbag.py:588} INFO - Filling up the DagBag from /opt/airflow/dags/dss150p_pipeline.py
[2026-09-23T06:56:43.498+0000] {processor.py:925} INFO - DAG(s) 'dss150p_sales_pipeline' retrieved from /opt/airflow/dags/dss150p_pipeline.py
[2026-09-23T06:56:43.619+0000] {logging_mixin.py:190} INFO - [2026-09-23T06:56:43.618+0000] {dag.py:3239} INFO - Sync 1 DAGs
[2026-09-23T06:56:43.673+0000] {logging_mixin.py:190} INFO - [2026-09-23T06:56:43.672+0000] {dag.py:4180} INFO - Setting next_dagrun for dss150p_sales_pipeline to 2026-09-23 02:00:00+00:00, run_after=2026-09-24 02:00:00+00:00
[2026-09-23T06:56:43.717+0000] {processor.py:208} INFO - Processing /opt/airflow/dags/dss150p_pipeline.py took 0.362 seconds
[2026-09-23T06:57:13.959+0000] {processor.py:186} INFO - Started process (PID=3288) to work on /opt/airflow/dags/dss150p_pipeline.py
[2026-09-23T06:57:13.965+0000] {processor.py:914} INFO - Processing file /opt/airflow/dags/dss150p_pipeline.py for tasks to queue
[2026-09-23T06:57:13.990+0000] {logging_mixin.py:190} INFO - [2026-09-23T06:57:13.986+0000] {dagbag.py:588} INFO - Filling up the DagBag from /opt/airflow/dags/dss150p_pipeline.py
[2026-09-23T06:57:14.054+0000] {processor.py:925} INFO - DAG(s) 'dss150p_sales_pipeline' retrieved from /opt/airflow/dags/dss150p_pipeline.py
[2026-09-23T06:57:14.149+0000] {logging_mixin.py:190} INFO - [2026-09-23T06:57:14.149+0000] {dag.py:3239} INFO - Sync 1 DAGs
[2026-09-23T06:57:14.228+0000] {logging_mixin.py:190} INFO - [2026-09-23T06:57:14.228+0000] {dag.py:4180} INFO - Setting next_dagrun for dss150p_sales_pipeline to 2026-09-23 02:00:00+00:00, run_after=2026-09-24 02:00:00+00:00
[2026-09-23T06:57:14.291+0000] {processor.py:208} INFO - Processing /opt/airflow/dags/dss150p_pipeline.py took 0.358 seconds
[2026-09-23T06:57:44.654+0000] {processor.py:186} INFO - Started process (PID=3293) to work on /opt/airflow/dags/dss150p_pipeline.py
[2026-09-23T06:57:44.657+0000] {processor.py:914} INFO - Processing file /opt/airflow/dags/dss150p_pipeline.py for tasks to queue
[2026-09-23T06:57:44.668+0000] {logging_mixin.py:190} INFO - [2026-09-23T06:57:44.667+0000] {dagbag.py:588} INFO - Filling up the DagBag from /opt/airflow/dags/dss150p_pipeline.py
[2026-09-23T06:57:44.729+0000] {processor.py:925} INFO - DAG(s) 'dss150p_sales_pipeline' retrieved from /opt/airflow/dags/dss150p_pipeline.py
[2026-09-23T06:57:44.829+0000] {logging_mixin.py:190} INFO - [2026-09-23T06:57:44.828+0000] {dag.py:3239} INFO - Sync 1 DAGs
[2026-09-23T06:57:44.871+0000] {logging_mixin.py:190} INFO - [2026-09-23T06:57:44.871+0000] {dag.py:4180} INFO - Setting next_dagrun for dss150p_sales_pipeline to 2026-09-23 02:00:00+00:00, run_after=2026-09-24 02:00:00+00:00
[2026-09-23T06:57:44.927+0000] {processor.py:208} INFO - Processing /opt/airflow/dags/dss150p_pipeline.py took 0.297 seconds
[2026-09-23T06:58:15.442+0000] {processor.py:186} INFO - Started process (PID=3298) to work on /opt/airflow/dags/dss150p_pipeline.py
[2026-09-23T06:58:15.447+0000] {processor.py:914} INFO - Processing file /opt/airflow/dags/dss150p_pipeline.py for tasks to queue
[2026-09-23T06:58:15.459+0000] {logging_mixin.py:190} INFO - [2026-09-23T06:58:15.457+0000] {dagbag.py:588} INFO - Filling up the DagBag from /opt/airflow/dags/dss150p_pipeline.py
[2026-09-23T06:58:15.504+0000] {processor.py:925} INFO - DAG(s) 'dss150p_sales_pipeline' retrieved from /opt/airflow/dags/dss150p_pipeline.py
[2026-09-23T06:58:15.596+0000] {logging_mixin.py:190} INFO - [2026-09-23T06:58:15.595+0000] {dag.py:3239} INFO - Sync 1 DAGs
[2026-09-23T06:58:15.650+0000] {logging_mixin.py:190} INFO - [2026-09-23T06:58:15.649+0000] {dag.py:4180} INFO - Setting next_dagrun for dss150p_sales_pipeline to 2026-09-23 02:00:00+00:00, run_after=2026-09-24 02:00:00+00:00
[2026-09-23T06:58:15.706+0000] {processor.py:208} INFO - Processing /opt/airflow/dags/dss150p_pipeline.py took 0.294 seconds
[2026-09-23T06:58:45.857+0000] {processor.py:186} INFO - Started process (PID=3303) to work on /opt/airflow/dags/dss150p_pipeline.py
[2026-09-23T06:58:45.860+0000] {processor.py:914} INFO - Processing file /opt/airflow/dags/dss150p_pipeline.py for tasks to queue
[2026-09-23T06:58:45.871+0000] {logging_mixin.py:190} INFO - [2026-09-23T06:58:45.870+0000] {dagbag.py:588} INFO - Filling up the DagBag from /opt/airflow/dags/dss150p_pipeline.py
[2026-09-23T06:58:45.958+0000] {processor.py:925} INFO - DAG(s) 'dss150p_sales_pipeline' retrieved from /opt/airflow/dags/dss150p_pipeline.py
[2026-09-23T06:58:46.102+0000] {logging_mixin.py:190} INFO - [2026-09-23T06:58:46.101+0000] {dag.py:3239} INFO - Sync 1 DAGs
[2026-09-23T06:58:46.208+0000] {logging_mixin.py:190} INFO - [2026-09-23T06:58:46.208+0000] {dag.py:4180} INFO - Setting next_dagrun for dss150p_sales_pipeline to 2026-09-23 02:00:00+00:00, run_after=2026-09-24 02:00:00+00:00
[2026-09-23T06:58:46.257+0000] {processor.py:208} INFO - Processing /opt/airflow/dags/dss150p_pipeline.py took 0.423 seconds
[2026-09-23T06:59:16.430+0000] {processor.py:186} INFO - Started process (PID=3308) to work on /opt/airflow/dags/dss150p_pipeline.py
[2026-09-23T06:59:16.435+0000] {processor.py:914} INFO - Processing file /opt/airflow/dags/dss150p_pipeline.py for tasks to queue
[2026-09-23T06:59:16.442+0000] {logging_mixin.py:190} INFO - [2026-09-23T06:59:16.441+0000] {dagbag.py:588} INFO - Filling up the DagBag from /opt/airflow/dags/dss150p_pipeline.py
[2026-09-23T06:59:16.479+0000] {processor.py:925} INFO - DAG(s) 'dss150p_sales_pipeline' retrieved from /opt/airflow/dags/dss150p_pipeline.py
[2026-09-23T06:59:16.559+0000] {logging_mixin.py:190} INFO - [2026-09-23T06:59:16.559+0000] {dag.py:3239} INFO - Sync 1 DAGs
[2026-09-23T06:59:16.609+0000] {logging_mixin.py:190} INFO - [2026-09-23T06:59:16.608+0000] {dag.py:4180} INFO - Setting next_dagrun for dss150p_sales_pipeline to 2026-09-23 02:00:00+00:00, run_after=2026-09-24 02:00:00+00:00
[2026-09-23T06:59:16.646+0000] {processor.py:208} INFO - Processing /opt/airflow/dags/dss150p_pipeline.py took 0.242 seconds
[2026-09-23T06:59:46.822+0000] {processor.py:186} INFO - Started process (PID=3313) to work on /opt/airflow/dags/dss150p_pipeline.py
[2026-09-23T06:59:46.824+0000] {processor.py:914} INFO - Processing file /opt/airflow/dags/dss150p_pipeline.py for tasks to queue
[2026-09-23T06:59:46.828+0000] {logging_mixin.py:190} INFO - [2026-09-23T06:59:46.827+0000] {dagbag.py:588} INFO - Filling up the DagBag from /opt/airflow/dags/dss150p_pipeline.py
[2026-09-23T06:59:46.850+0000] {processor.py:925} INFO - DAG(s) 'dss150p_sales_pipeline' retrieved from /opt/airflow/dags/dss150p_pipeline.py
[2026-09-23T06:59:46.910+0000] {logging_mixin.py:190} INFO - [2026-09-23T06:59:46.909+0000] {dag.py:3239} INFO - Sync 1 DAGs
[2026-09-23T06:59:46.951+0000] {logging_mixin.py:190} INFO - [2026-09-23T06:59:46.950+0000] {dag.py:4180} INFO - Setting next_dagrun for dss150p_sales_pipeline to 2026-09-23 02:00:00+00:00, run_after=2026-09-24 02:00:00+00:00
[2026-09-23T06:59:46.977+0000] {processor.py:208} INFO - Processing /opt/airflow/dags/dss150p_pipeline.py took 0.166 seconds
[2026-09-23T07:00:17.279+0000] {processor.py:186} INFO - Started process (PID=3318) to work on /opt/airflow/dags/dss150p_pipeline.py
[2026-09-23T07:00:17.283+0000] {processor.py:914} INFO - Processing file /opt/airflow/dags/dss150p_pipeline.py for tasks to queue
[2026-09-23T07:00:17.290+0000] {logging_mixin.py:190} INFO - [2026-09-23T07:00:17.289+0000] {dagbag.py:588} INFO - Filling up the DagBag from /opt/airflow/dags/dss150p_pipeline.py
[2026-09-23T07:00:17.338+0000] {processor.py:925} INFO - DAG(s) 'dss150p_sales_pipeline' retrieved from /opt/airflow/dags/dss150p_pipeline.py
[2026-09-23T07:00:17.460+0000] {logging_mixin.py:190} INFO - [2026-09-23T07:00:17.459+0000] {dag.py:3239} INFO - Sync 1 DAGs
[2026-09-23T07:00:17.509+0000] {logging_mixin.py:190} INFO - [2026-09-23T07:00:17.509+0000] {dag.py:4180} INFO - Setting next_dagrun for dss150p_sales_pipeline to 2026-09-23 02:00:00+00:00, run_after=2026-09-24 02:00:00+00:00
[2026-09-23T07:00:17.560+0000] {processor.py:208} INFO - Processing /opt/airflow/dags/dss150p_pipeline.py took 0.312 seconds
[2026-09-23T07:00:47.721+0000] {processor.py:186} INFO - Started process (PID=3323) to work on /opt/airflow/dags/dss150p_pipeline.py
[2026-09-23T07:00:47.725+0000] {processor.py:914} INFO - Processing file /opt/airflow/dags/dss150p_pipeline.py for tasks to queue
[2026-09-23T07:00:47.733+0000] {logging_mixin.py:190} INFO - [2026-09-23T07:00:47.733+0000] {dagbag.py:588} INFO - Filling up the DagBag from /opt/airflow/dags/dss150p_pipeline.py
[2026-09-23T07:00:47.778+0000] {processor.py:925} INFO - DAG(s) 'dss150p_sales_pipeline' retrieved from /opt/airflow/dags/dss150p_pipeline.py
[2026-09-23T07:00:47.862+0000] {logging_mixin.py:190} INFO - [2026-09-23T07:00:47.862+0000] {dag.py:3239} INFO - Sync 1 DAGs
[2026-09-23T07:00:47.896+0000] {logging_mixin.py:190} INFO - [2026-09-23T07:00:47.896+0000] {dag.py:4180} INFO - Setting next_dagrun for dss150p_sales_pipeline to 2026-09-23 02:00:00+00:00, run_after=2026-09-24 02:00:00+00:00
[2026-09-23T07:00:47.927+0000] {processor.py:208} INFO - Processing /opt/airflow/dags/dss150p_pipeline.py took 0.227 seconds
[2026-09-23T07:01:18.147+0000] {processor.py:186} INFO - Started process (PID=3328) to work on /opt/airflow/dags/dss150p_pipeline.py
[2026-09-23T07:01:18.151+0000] {processor.py:914} INFO - Processing file /opt/airflow/dags/dss150p_pipeline.py for tasks to queue
[2026-09-23T07:01:18.162+0000] {logging_mixin.py:190} INFO - [2026-09-23T07:01:18.161+0000] {dagbag.py:588} INFO - Filling up the DagBag from /opt/airflow/dags/dss150p_pipeline.py
[2026-09-23T07:01:18.194+0000] {processor.py:925} INFO - DAG(s) 'dss150p_sales_pipeline' retrieved from /opt/airflow/dags/dss150p_pipeline.py
[2026-09-23T07:01:18.279+0000] {logging_mixin.py:190} INFO - [2026-09-23T07:01:18.279+0000] {dag.py:3239} INFO - Sync 1 DAGs
[2026-09-23T07:01:18.332+0000] {logging_mixin.py:190} INFO - [2026-09-23T07:01:18.331+0000] {dag.py:4180} INFO - Setting next_dagrun for dss150p_sales_pipeline to 2026-09-23 02:00:00+00:00, run_after=2026-09-24 02:00:00+00:00
[2026-09-23T07:01:18.367+0000] {processor.py:208} INFO - Processing /opt/airflow/dags/dss150p_pipeline.py took 0.231 seconds
[2026-09-23T07:01:48.551+0000] {processor.py:186} INFO - Started process (PID=3333) to work on /opt/airflow/dags/dss150p_pipeline.py
[2026-09-23T07:01:48.557+0000] {processor.py:914} INFO - Processing file /opt/airflow/dags/dss150p_pipeline.py for tasks to queue
[2026-09-23T07:01:48.569+0000] {logging_mixin.py:190} INFO - [2026-09-23T07:01:48.568+0000] {dagbag.py:588} INFO - Filling up the DagBag from /opt/airflow/dags/dss150p_pipeline.py
[2026-09-23T07:01:48.642+0000] {processor.py:925} INFO - DAG(s) 'dss150p_sales_pipeline' retrieved from /opt/airflow/dags/dss150p_pipeline.py
[2026-09-23T07:01:48.729+0000] {logging_mixin.py:190} INFO - [2026-09-23T07:01:48.729+0000] {dag.py:3239} INFO - Sync 1 DAGs
[2026-09-23T07:01:48.772+0000] {logging_mixin.py:190} INFO - [2026-09-23T07:01:48.772+0000] {dag.py:4180} INFO - Setting next_dagrun for dss150p_sales_pipeline to 2026-09-23 02:00:00+00:00, run_after=2026-09-24 02:00:00+00:00
[2026-09-23T07:01:48.792+0000] {processor.py:208} INFO - Processing /opt/airflow/dags/dss150p_pipeline.py took 0.278 seconds
[2026-09-23T07:02:19.098+0000] {processor.py:186} INFO - Started process (PID=3338) to work on /opt/airflow/dags/dss150p_pipeline.py
[2026-09-23T07:02:19.101+0000] {processor.py:914} INFO - Processing file /opt/airflow/dags/dss150p_pipeline.py for tasks to queue
[2026-09-23T07:02:19.107+0000] {logging_mixin.py:190} INFO - [2026-09-23T07:02:19.106+0000] {dagbag.py:588} INFO - Filling up the DagBag from /opt/airflow/dags/dss150p_pipeline.py
[2026-09-23T07:02:19.145+0000] {processor.py:925} INFO - DAG(s) 'dss150p_sales_pipeline' retrieved from /opt/airflow/dags/dss150p_pipeline.py
[2026-09-23T07:02:19.257+0000] {logging_mixin.py:190} INFO - [2026-09-23T07:02:19.257+0000] {dag.py:3239} INFO - Sync 1 DAGs
[2026-09-23T07:02:19.303+0000] {logging_mixin.py:190} INFO - [2026-09-23T07:02:19.303+0000] {dag.py:4180} INFO - Setting next_dagrun for dss150p_sales_pipeline to 2026-09-23 02:00:00+00:00, run_after=2026-09-24 02:00:00+00:00
[2026-09-23T07:02:19.340+0000] {processor.py:208} INFO - Processing /opt/airflow/dags/dss150p_pipeline.py took 0.259 seconds
[2026-09-23T07:02:49.534+0000] {processor.py:186} INFO - Started process (PID=3343) to work on /opt/airflow/dags/dss150p_pipeline.py
[2026-09-23T07:02:49.538+0000] {processor.py:914} INFO - Processing file /opt/airflow/dags/dss150p_pipeline.py for tasks to queue
[2026-09-23T07:02:49.545+0000] {logging_mixin.py:190} INFO - [2026-09-23T07:02:49.544+0000] {dagbag.py:588} INFO - Filling up the DagBag from /opt/airflow/dags/dss150p_pipeline.py
[2026-09-23T07:02:49.590+0000] {processor.py:925} INFO - DAG(s) 'dss150p_sales_pipeline' retrieved from /opt/airflow/dags/dss150p_pipeline.py
[2026-09-23T07:02:49.709+0000] {logging_mixin.py:190} INFO - [2026-09-23T07:02:49.708+0000] {dag.py:3239} INFO - Sync 1 DAGs
[2026-09-23T07:02:49.768+0000] {logging_mixin.py:190} INFO - [2026-09-23T07:02:49.768+0000] {dag.py:4180} INFO - Setting next_dagrun for dss150p_sales_pipeline to 2026-09-23 02:00:00+00:00, run_after=2026-09-24 02:00:00+00:00
[2026-09-23T07:02:49.808+0000] {processor.py:208} INFO - Processing /opt/airflow/dags/dss150p_pipeline.py took 0.318 seconds
[2026-09-23T07:03:20.061+0000] {processor.py:186} INFO - Started process (PID=3348) to work on /opt/airflow/dags/dss150p_pipeline.py
[2026-09-23T07:03:20.064+0000] {processor.py:914} INFO - Processing file /opt/airflow/dags/dss150p_pipeline.py for tasks to queue
[2026-09-23T07:03:20.072+0000] {logging_mixin.py:190} INFO - [2026-09-23T07:03:20.071+0000] {dagbag.py:588} INFO - Filling up the DagBag from /opt/airflow/dags/dss150p_pipeline.py
[2026-09-23T07:03:20.147+0000] {processor.py:925} INFO - DAG(s) 'dss150p_sales_pipeline' retrieved from /opt/airflow/dags/dss150p_pipeline.py
[2026-09-23T07:03:20.305+0000] {logging_mixin.py:190} INFO - [2026-09-23T07:03:20.304+0000] {dag.py:3239} INFO - Sync 1 DAGs
[2026-09-23T07:03:20.358+0000] {logging_mixin.py:190} INFO - [2026-09-23T07:03:20.358+0000] {dag.py:4180} INFO - Setting next_dagrun for dss150p_sales_pipeline to 2026-09-23 02:00:00+00:00, run_after=2026-09-24 02:00:00+00:00
[2026-09-23T07:03:20.401+0000] {processor.py:208} INFO - Processing /opt/airflow/dags/dss150p_pipeline.py took 0.406 seconds
[2026-09-23T07:03:50.735+0000] {processor.py:186} INFO - Started process (PID=3353) to work on /opt/airflow/dags/dss150p_pipeline.py
[2026-09-23T07:03:50.738+0000] {processor.py:914} INFO - Processing file /opt/airflow/dags/dss150p_pipeline.py for tasks to queue
[2026-09-23T07:03:50.749+0000] {logging_mixin.py:190} INFO - [2026-09-23T07:03:50.748+0000] {dagbag.py:588} INFO - Filling up the DagBag from /opt/airflow/dags/dss150p_pipeline.py
[2026-09-23T07:03:50.811+0000] {processor.py:925} INFO - DAG(s) 'dss150p_sales_pipeline' retrieved from /opt/airflow/dags/dss150p_pipeline.py
[2026-09-23T07:03:50.900+0000] {logging_mixin.py:190} INFO - [2026-09-23T07:03:50.900+0000] {dag.py:3239} INFO - Sync 1 DAGs
[2026-09-23T07:03:50.956+0000] {logging_mixin.py:190} INFO - [2026-09-23T07:03:50.956+0000] {dag.py:4180} INFO - Setting next_dagrun for dss150p_sales_pipeline to 2026-09-23 02:00:00+00:00, run_after=2026-09-24 02:00:00+00:00
[2026-09-23T07:03:51.001+0000] {processor.py:208} INFO - Processing /opt/airflow/dags/dss150p_pipeline.py took 0.282 seconds
[2026-09-23T07:04:21.427+0000] {processor.py:186} INFO - Started process (PID=3358) to work on /opt/airflow/dags/dss150p_pipeline.py
[2026-09-23T07:04:21.430+0000] {processor.py:914} INFO - Processing file /opt/airflow/dags/dss150p_pipeline.py for tasks to queue
[2026-09-23T07:04:21.440+0000] {logging_mixin.py:190} INFO - [2026-09-23T07:04:21.438+0000] {dagbag.py:588} INFO - Filling up the DagBag from /opt/airflow/dags/dss150p_pipeline.py
[2026-09-23T07:04:21.518+0000] {processor.py:925} INFO - DAG(s) 'dss150p_sales_pipeline' retrieved from /opt/airflow/dags/dss150p_pipeline.py
[2026-09-23T07:04:21.623+0000] {logging_mixin.py:190} INFO - [2026-09-23T07:04:21.623+0000] {dag.py:3239} INFO - Sync 1 DAGs
[2026-09-23T07:04:21.679+0000] {logging_mixin.py:190} INFO - [2026-09-23T07:04:21.679+0000] {dag.py:4180} INFO - Setting next_dagrun for dss150p_sales_pipeline to 2026-09-23 02:00:00+00:00, run_after=2026-09-24 02:00:00+00:00
[2026-09-23T07:04:21.718+0000] {processor.py:208} INFO - Processing /opt/airflow/dags/dss150p_pipeline.py took 0.322 seconds
[2026-09-23T07:04:52.084+0000] {processor.py:186} INFO - Started process (PID=3363) to work on /opt/airflow/dags/dss150p_pipeline.py
[2026-09-23T07:04:52.088+0000] {processor.py:914} INFO - Processing file /opt/airflow/dags/dss150p_pipeline.py for tasks to queue
[2026-09-23T07:04:52.099+0000] {logging_mixin.py:190} INFO - [2026-09-23T07:04:52.098+0000] {dagbag.py:588} INFO - Filling up the DagBag from /opt/airflow/dags/dss150p_pipeline.py
[2026-09-23T07:04:52.149+0000] {processor.py:925} INFO - DAG(s) 'dss150p_sales_pipeline' retrieved from /opt/airflow/dags/dss150p_pipeline.py
[2026-09-23T07:04:52.221+0000] {logging_mixin.py:190} INFO - [2026-09-23T07:04:52.220+0000] {dag.py:3239} INFO - Sync 1 DAGs
[2026-09-23T07:04:52.278+0000] {logging_mixin.py:190} INFO - [2026-09-23T07:04:52.277+0000] {dag.py:4180} INFO - Setting next_dagrun for dss150p_sales_pipeline to 2026-09-23 02:00:00+00:00, run_after=2026-09-24 02:00:00+00:00
[2026-09-23T07:04:52.311+0000] {processor.py:208} INFO - Processing /opt/airflow/dags/dss150p_pipeline.py took 0.250 seconds
[2026-09-23T07:05:22.800+0000] {processor.py:186} INFO - Started process (PID=3368) to work on /opt/airflow/dags/dss150p_pipeline.py
[2026-09-23T07:05:22.803+0000] {processor.py:914} INFO - Processing file /opt/airflow/dags/dss150p_pipeline.py for tasks to queue
[2026-09-23T07:05:22.842+0000] {logging_mixin.py:190} INFO - [2026-09-23T07:05:22.841+0000] {dagbag.py:588} INFO - Filling up the DagBag from /opt/airflow/dags/dss150p_pipeline.py
[2026-09-23T07:05:22.988+0000] {processor.py:925} INFO - DAG(s) 'dss150p_sales_pipeline' retrieved from /opt/airflow/dags/dss150p_pipeline.py
[2026-09-23T07:05:23.113+0000] {logging_mixin.py:190} INFO - [2026-09-23T07:05:23.113+0000] {dag.py:3239} INFO - Sync 1 DAGs
[2026-09-23T07:05:23.179+0000] {logging_mixin.py:190} INFO - [2026-09-23T07:05:23.178+0000] {dag.py:4180} INFO - Setting next_dagrun for dss150p_sales_pipeline to 2026-09-23 02:00:00+00:00, run_after=2026-09-24 02:00:00+00:00
[2026-09-23T07:05:23.254+0000] {processor.py:208} INFO - Processing /opt/airflow/dags/dss150p_pipeline.py took 0.692 seconds
[2026-09-23T07:05:53.749+0000] {processor.py:186} INFO - Started process (PID=3373) to work on /opt/airflow/dags/dss150p_pipeline.py
[2026-09-23T07:05:53.754+0000] {processor.py:914} INFO - Processing file /opt/airflow/dags/dss150p_pipeline.py for tasks to queue
[2026-09-23T07:05:53.767+0000] {logging_mixin.py:190} INFO - [2026-09-23T07:05:53.766+0000] {dagbag.py:588} INFO - Filling up the DagBag from /opt/airflow/dags/dss150p_pipeline.py
[2026-09-23T07:05:53.828+0000] {processor.py:925} INFO - DAG(s) 'dss150p_sales_pipeline' retrieved from /opt/airflow/dags/dss150p_pipeline.py
[2026-09-23T07:05:53.933+0000] {logging_mixin.py:190} INFO - [2026-09-23T07:05:53.933+0000] {dag.py:3239} INFO - Sync 1 DAGs
[2026-09-23T07:05:53.989+0000] {logging_mixin.py:190} INFO - [2026-09-23T07:05:53.988+0000] {dag.py:4180} INFO - Setting next_dagrun for dss150p_sales_pipeline to 2026-09-23 02:00:00+00:00, run_after=2026-09-24 02:00:00+00:00
[2026-09-23T07:05:54.030+0000] {processor.py:208} INFO - Processing /opt/airflow/dags/dss150p_pipeline.py took 0.321 seconds
[2026-09-23T07:06:24.402+0000] {processor.py:186} INFO - Started process (PID=3378) to work on /opt/airflow/dags/dss150p_pipeline.py
[2026-09-23T07:06:24.406+0000] {processor.py:914} INFO - Processing file /opt/airflow/dags/dss150p_pipeline.py for tasks to queue
[2026-09-23T07:06:24.429+0000] {logging_mixin.py:190} INFO - [2026-09-23T07:06:24.426+0000] {dagbag.py:588} INFO - Filling up the DagBag from /opt/airflow/dags/dss150p_pipeline.py
[2026-09-23T07:06:24.494+0000] {processor.py:925} INFO - DAG(s) 'dss150p_sales_pipeline' retrieved from /opt/airflow/dags/dss150p_pipeline.py
[2026-09-23T07:06:24.640+0000] {logging_mixin.py:190} INFO - [2026-09-23T07:06:24.640+0000] {dag.py:3239} INFO - Sync 1 DAGs
[2026-09-23T07:06:24.701+0000] {logging_mixin.py:190} INFO - [2026-09-23T07:06:24.701+0000] {dag.py:4180} INFO - Setting next_dagrun for dss150p_sales_pipeline to 2026-09-23 02:00:00+00:00, run_after=2026-09-24 02:00:00+00:00
[2026-09-23T07:06:24.743+0000] {processor.py:208} INFO - Processing /opt/airflow/dags/dss150p_pipeline.py took 0.373 seconds
[2026-09-23T07:06:54.953+0000] {processor.py:186} INFO - Started process (PID=3383) to work on /opt/airflow/dags/dss150p_pipeline.py
[2026-09-23T07:06:54.958+0000] {processor.py:914} INFO - Processing file /opt/airflow/dags/dss150p_pipeline.py for tasks to queue
[2026-09-23T07:06:54.971+0000] {logging_mixin.py:190} INFO - [2026-09-23T07:06:54.966+0000] {dagbag.py:588} INFO - Filling up the DagBag from /opt/airflow/dags/dss150p_pipeline.py
[2026-09-23T07:06:55.018+0000] {processor.py:925} INFO - DAG(s) 'dss150p_sales_pipeline' retrieved from /opt/airflow/dags/dss150p_pipeline.py
[2026-09-23T07:06:55.121+0000] {logging_mixin.py:190} INFO - [2026-09-23T07:06:55.121+0000] {dag.py:3239} INFO - Sync 1 DAGs
[2026-09-23T07:06:55.178+0000] {logging_mixin.py:190} INFO - [2026-09-23T07:06:55.178+0000] {dag.py:4180} INFO - Setting next_dagrun for dss150p_sales_pipeline to 2026-09-23 02:00:00+00:00, run_after=2026-09-24 02:00:00+00:00
[2026-09-23T07:06:55.309+0000] {processor.py:208} INFO - Processing /opt/airflow/dags/dss150p_pipeline.py took 0.378 seconds
[2026-09-23T07:07:25.602+0000] {processor.py:186} INFO - Started process (PID=3388) to work on /opt/airflow/dags/dss150p_pipeline.py
[2026-09-23T07:07:25.605+0000] {processor.py:914} INFO - Processing file /opt/airflow/dags/dss150p_pipeline.py for tasks to queue
[2026-09-23T07:07:25.615+0000] {logging_mixin.py:190} INFO - [2026-09-23T07:07:25.614+0000] {dagbag.py:588} INFO - Filling up the DagBag from /opt/airflow/dags/dss150p_pipeline.py
[2026-09-23T07:07:25.685+0000] {processor.py:925} INFO - DAG(s) 'dss150p_sales_pipeline' retrieved from /opt/airflow/dags/dss150p_pipeline.py
[2026-09-23T07:07:25.778+0000] {logging_mixin.py:190} INFO - [2026-09-23T07:07:25.778+0000] {dag.py:3239} INFO - Sync 1 DAGs
[2026-09-23T07:07:25.828+0000] {logging_mixin.py:190} INFO - [2026-09-23T07:07:25.828+0000] {dag.py:4180} INFO - Setting next_dagrun for dss150p_sales_pipeline to 2026-09-23 02:00:00+00:00, run_after=2026-09-24 02:00:00+00:00
[2026-09-23T07:07:25.863+0000] {processor.py:208} INFO - Processing /opt/airflow/dags/dss150p_pipeline.py took 0.291 seconds
[2026-09-23T07:07:56.120+0000] {processor.py:186} INFO - Started process (PID=3393) to work on /opt/airflow/dags/dss150p_pipeline.py
[2026-09-23T07:07:56.123+0000] {processor.py:914} INFO - Processing file /opt/airflow/dags/dss150p_pipeline.py for tasks to queue
[2026-09-23T07:07:56.130+0000] {logging_mixin.py:190} INFO - [2026-09-23T07:07:56.129+0000] {dagbag.py:588} INFO - Filling up the DagBag from /opt/airflow/dags/dss150p_pipeline.py
[2026-09-23T07:07:56.184+0000] {processor.py:925} INFO - DAG(s) 'dss150p_sales_pipeline' retrieved from /opt/airflow/dags/dss150p_pipeline.py
[2026-09-23T07:07:56.274+0000] {logging_mixin.py:190} INFO - [2026-09-23T07:07:56.274+0000] {dag.py:3239} INFO - Sync 1 DAGs
[2026-09-23T07:07:56.306+0000] {logging_mixin.py:190} INFO - [2026-09-23T07:07:56.305+0000] {dag.py:4180} INFO - Setting next_dagrun for dss150p_sales_pipeline to 2026-09-23 02:00:00+00:00, run_after=2026-09-24 02:00:00+00:00
[2026-09-23T07:07:56.338+0000] {processor.py:208} INFO - Processing /opt/airflow/dags/dss150p_pipeline.py took 0.238 seconds
[2026-09-23T07:08:26.895+0000] {processor.py:186} INFO - Started process (PID=3398) to work on /opt/airflow/dags/dss150p_pipeline.py
[2026-09-23T07:08:26.899+0000] {processor.py:914} INFO - Processing file /opt/airflow/dags/dss150p_pipeline.py for tasks to queue
[2026-09-23T07:08:26.910+0000] {logging_mixin.py:190} INFO - [2026-09-23T07:08:26.906+0000] {dagbag.py:588} INFO - Filling up the DagBag from /opt/airflow/dags/dss150p_pipeline.py
[2026-09-23T07:08:27.031+0000] {processor.py:925} INFO - DAG(s) 'dss150p_sales_pipeline' retrieved from /opt/airflow/dags/dss150p_pipeline.py
[2026-09-23T07:08:27.245+0000] {logging_mixin.py:190} INFO - [2026-09-23T07:08:27.245+0000] {dag.py:3239} INFO - Sync 1 DAGs
[2026-09-23T07:08:27.305+0000] {logging_mixin.py:190} INFO - [2026-09-23T07:08:27.304+0000] {dag.py:4180} INFO - Setting next_dagrun for dss150p_sales_pipeline to 2026-09-23 02:00:00+00:00, run_after=2026-09-24 02:00:00+00:00
[2026-09-23T07:08:27.371+0000] {processor.py:208} INFO - Processing /opt/airflow/dags/dss150p_pipeline.py took 0.531 seconds
[2026-09-23T07:08:58.343+0000] {processor.py:186} INFO - Started process (PID=3403) to work on /opt/airflow/dags/dss150p_pipeline.py
[2026-09-23T07:08:58.347+0000] {processor.py:914} INFO - Processing file /opt/airflow/dags/dss150p_pipeline.py for tasks to queue
[2026-09-23T07:08:58.355+0000] {logging_mixin.py:190} INFO - [2026-09-23T07:08:58.353+0000] {dagbag.py:588} INFO - Filling up the DagBag from /opt/airflow/dags/dss150p_pipeline.py
[2026-09-23T07:08:58.435+0000] {processor.py:925} INFO - DAG(s) 'dss150p_sales_pipeline' retrieved from /opt/airflow/dags/dss150p_pipeline.py
[2026-09-23T07:08:58.706+0000] {logging_mixin.py:190} INFO - [2026-09-23T07:08:58.706+0000] {dag.py:3239} INFO - Sync 1 DAGs
[2026-09-23T07:08:58.786+0000] {logging_mixin.py:190} INFO - [2026-09-23T07:08:58.786+0000] {dag.py:4180} INFO - Setting next_dagrun for dss150p_sales_pipeline to 2026-09-23 02:00:00+00:00, run_after=2026-09-24 02:00:00+00:00
[2026-09-23T07:08:58.841+0000] {processor.py:208} INFO - Processing /opt/airflow/dags/dss150p_pipeline.py took 0.541 seconds
[2026-09-23T07:09:29.598+0000] {processor.py:186} INFO - Started process (PID=3408) to work on /opt/airflow/dags/dss150p_pipeline.py
[2026-09-23T07:09:29.602+0000] {processor.py:914} INFO - Processing file /opt/airflow/dags/dss150p_pipeline.py for tasks to queue
[2026-09-23T07:09:29.616+0000] {logging_mixin.py:190} INFO - [2026-09-23T07:09:29.614+0000] {dagbag.py:588} INFO - Filling up the DagBag from /opt/airflow/dags/dss150p_pipeline.py
[2026-09-23T07:09:29.701+0000] {processor.py:925} INFO - DAG(s) 'dss150p_sales_pipeline' retrieved from /opt/airflow/dags/dss150p_pipeline.py
[2026-09-23T07:09:29.887+0000] {logging_mixin.py:190} INFO - [2026-09-23T07:09:29.887+0000] {dag.py:3239} INFO - Sync 1 DAGs
[2026-09-23T07:09:29.963+0000] {logging_mixin.py:190} INFO - [2026-09-23T07:09:29.963+0000] {dag.py:4180} INFO - Setting next_dagrun for dss150p_sales_pipeline to 2026-09-23 02:00:00+00:00, run_after=2026-09-24 02:00:00+00:00
[2026-09-23T07:09:30.017+0000] {processor.py:208} INFO - Processing /opt/airflow/dags/dss150p_pipeline.py took 0.456 seconds
[2026-09-23T07:10:00.677+0000] {processor.py:186} INFO - Started process (PID=3413) to work on /opt/airflow/dags/dss150p_pipeline.py
[2026-09-23T07:10:00.680+0000] {processor.py:914} INFO - Processing file /opt/airflow/dags/dss150p_pipeline.py for tasks to queue
[2026-09-23T07:10:00.685+0000] {logging_mixin.py:190} INFO - [2026-09-23T07:10:00.685+0000] {dagbag.py:588} INFO - Filling up the DagBag from /opt/airflow/dags/dss150p_pipeline.py
[2026-09-23T07:10:00.794+0000] {processor.py:925} INFO - DAG(s) 'dss150p_sales_pipeline' retrieved from /opt/airflow/dags/dss150p_pipeline.py
[2026-09-23T07:10:01.045+0000] {logging_mixin.py:190} INFO - [2026-09-23T07:10:01.045+0000] {dag.py:3239} INFO - Sync 1 DAGs
[2026-09-23T07:10:01.101+0000] {logging_mixin.py:190} INFO - [2026-09-23T07:10:01.101+0000] {dag.py:4180} INFO - Setting next_dagrun for dss150p_sales_pipeline to 2026-09-23 02:00:00+00:00, run_after=2026-09-24 02:00:00+00:00
[2026-09-23T07:10:01.141+0000] {processor.py:208} INFO - Processing /opt/airflow/dags/dss150p_pipeline.py took 0.502 seconds
[2026-09-23T07:10:31.316+0000] {processor.py:186} INFO - Started process (PID=3418) to work on /opt/airflow/dags/dss150p_pipeline.py
[2026-09-23T07:10:31.327+0000] {processor.py:914} INFO - Processing file /opt/airflow/dags/dss150p_pipeline.py for tasks to queue
[2026-09-23T07:10:31.340+0000] {logging_mixin.py:190} INFO - [2026-09-23T07:10:31.337+0000] {dagbag.py:588} INFO - Filling up the DagBag from /opt/airflow/dags/dss150p_pipeline.py
[2026-09-23T07:10:31.399+0000] {processor.py:925} INFO - DAG(s) 'dss150p_sales_pipeline' retrieved from /opt/airflow/dags/dss150p_pipeline.py
[2026-09-23T07:10:31.605+0000] {logging_mixin.py:190} INFO - [2026-09-23T07:10:31.597+0000] {dag.py:3239} INFO - Sync 1 DAGs
[2026-09-23T07:10:31.781+0000] {logging_mixin.py:190} INFO - [2026-09-23T07:10:31.781+0000] {dag.py:4180} INFO - Setting next_dagrun for dss150p_sales_pipeline to 2026-09-23 02:00:00+00:00, run_after=2026-09-24 02:00:00+00:00
[2026-09-23T07:10:31.861+0000] {processor.py:208} INFO - Processing /opt/airflow/dags/dss150p_pipeline.py took 0.606 seconds
[2026-09-23T07:11:02.722+0000] {processor.py:186} INFO - Started process (PID=3423) to work on /opt/airflow/dags/dss150p_pipeline.py
[2026-09-23T07:11:02.725+0000] {processor.py:914} INFO - Processing file /opt/airflow/dags/dss150p_pipeline.py for tasks to queue
[2026-09-23T07:11:02.743+0000] {logging_mixin.py:190} INFO - [2026-09-23T07:11:02.742+0000] {dagbag.py:588} INFO - Filling up the DagBag from /opt/airflow/dags/dss150p_pipeline.py
[2026-09-23T07:11:02.806+0000] {processor.py:925} INFO - DAG(s) 'dss150p_sales_pipeline' retrieved from /opt/airflow/dags/dss150p_pipeline.py
[2026-09-23T07:11:03.074+0000] {logging_mixin.py:190} INFO - [2026-09-23T07:11:03.072+0000] {dag.py:3239} INFO - Sync 1 DAGs
[2026-09-23T07:11:03.172+0000] {logging_mixin.py:190} INFO - [2026-09-23T07:11:03.170+0000] {dag.py:4180} INFO - Setting next_dagrun for dss150p_sales_pipeline to 2026-09-23 02:00:00+00:00, run_after=2026-09-24 02:00:00+00:00
[2026-09-23T07:11:03.317+0000] {processor.py:208} INFO - Processing /opt/airflow/dags/dss150p_pipeline.py took 0.626 seconds
[2026-09-23T07:11:35.638+0000] {processor.py:186} INFO - Started process (PID=3428) to work on /opt/airflow/dags/dss150p_pipeline.py
[2026-09-23T07:11:35.647+0000] {processor.py:914} INFO - Processing file /opt/airflow/dags/dss150p_pipeline.py for tasks to queue
[2026-09-23T07:11:35.995+0000] {logging_mixin.py:190} INFO - [2026-09-23T07:11:35.760+0000] {dagbag.py:588} INFO - Filling up the DagBag from /opt/airflow/dags/dss150p_pipeline.py
[2026-09-23T07:11:37.032+0000] {processor.py:925} INFO - DAG(s) 'dss150p_sales_pipeline' retrieved from /opt/airflow/dags/dss150p_pipeline.py
[2026-09-23T07:11:50.818+0000] {logging_mixin.py:190} INFO - [2026-09-23T07:11:50.817+0000] {dag.py:3239} INFO - Sync 1 DAGs
[2026-09-23T07:11:50.908+0000] {logging_mixin.py:190} INFO - [2026-09-23T07:11:50.908+0000] {dag.py:4180} INFO - Setting next_dagrun for dss150p_sales_pipeline to 2026-09-23 02:00:00+00:00, run_after=2026-09-24 02:00:00+00:00
[2026-09-23T07:11:50.980+0000] {processor.py:208} INFO - Processing /opt/airflow/dags/dss150p_pipeline.py took 15.578 seconds
[2026-09-23T07:12:21.720+0000] {processor.py:186} INFO - Started process (PID=3433) to work on /opt/airflow/dags/dss150p_pipeline.py
[2026-09-23T07:12:21.724+0000] {processor.py:914} INFO - Processing file /opt/airflow/dags/dss150p_pipeline.py for tasks to queue
[2026-09-23T07:12:21.734+0000] {logging_mixin.py:190} INFO - [2026-09-23T07:12:21.733+0000] {dagbag.py:588} INFO - Filling up the DagBag from /opt/airflow/dags/dss150p_pipeline.py
[2026-09-23T07:12:22.060+0000] {processor.py:925} INFO - DAG(s) 'dss150p_sales_pipeline' retrieved from /opt/airflow/dags/dss150p_pipeline.py
[2026-09-23T07:12:22.190+0000] {logging_mixin.py:190} INFO - [2026-09-23T07:12:22.189+0000] {dag.py:3239} INFO - Sync 1 DAGs
[2026-09-23T07:12:22.246+0000] {logging_mixin.py:190} INFO - [2026-09-23T07:12:22.245+0000] {dag.py:4180} INFO - Setting next_dagrun for dss150p_sales_pipeline to 2026-09-23 02:00:00+00:00, run_after=2026-09-24 02:00:00+00:00
[2026-09-23T07:12:22.294+0000] {processor.py:208} INFO - Processing /opt/airflow/dags/dss150p_pipeline.py took 0.596 seconds
[2026-09-23T07:12:52.641+0000] {processor.py:186} INFO - Started process (PID=3438) to work on /opt/airflow/dags/dss150p_pipeline.py
[2026-09-23T07:12:52.644+0000] {processor.py:914} INFO - Processing file /opt/airflow/dags/dss150p_pipeline.py for tasks to queue
[2026-09-23T07:12:52.655+0000] {logging_mixin.py:190} INFO - [2026-09-23T07:12:52.653+0000] {dagbag.py:588} INFO - Filling up the DagBag from /opt/airflow/dags/dss150p_pipeline.py
[2026-09-23T07:12:52.703+0000] {processor.py:925} INFO - DAG(s) 'dss150p_sales_pipeline' retrieved from /opt/airflow/dags/dss150p_pipeline.py
[2026-09-23T07:12:52.772+0000] {logging_mixin.py:190} INFO - [2026-09-23T07:12:52.772+0000] {dag.py:3239} INFO - Sync 1 DAGs
[2026-09-23T07:12:52.818+0000] {logging_mixin.py:190} INFO - [2026-09-23T07:12:52.818+0000] {dag.py:4180} INFO - Setting next_dagrun for dss150p_sales_pipeline to 2026-09-23 02:00:00+00:00, run_after=2026-09-24 02:00:00+00:00
[2026-09-23T07:12:52.849+0000] {processor.py:208} INFO - Processing /opt/airflow/dags/dss150p_pipeline.py took 0.232 seconds
[2026-09-23T07:13:22.910+0000] {processor.py:186} INFO - Started process (PID=3443) to work on /opt/airflow/dags/dss150p_pipeline.py
[2026-09-23T07:13:22.912+0000] {processor.py:914} INFO - Processing file /opt/airflow/dags/dss150p_pipeline.py for tasks to queue
[2026-09-23T07:13:22.924+0000] {logging_mixin.py:190} INFO - [2026-09-23T07:13:22.923+0000] {dagbag.py:588} INFO - Filling up the DagBag from /opt/airflow/dags/dss150p_pipeline.py
[2026-09-23T07:13:22.992+0000] {processor.py:925} INFO - DAG(s) 'dss150p_sales_pipeline' retrieved from /opt/airflow/dags/dss150p_pipeline.py
[2026-09-23T07:13:23.098+0000] {logging_mixin.py:190} INFO - [2026-09-23T07:13:23.098+0000] {dag.py:3239} INFO - Sync 1 DAGs
[2026-09-23T07:13:23.148+0000] {logging_mixin.py:190} INFO - [2026-09-23T07:13:23.147+0000] {dag.py:4180} INFO - Setting next_dagrun for dss150p_sales_pipeline to 2026-09-23 02:00:00+00:00, run_after=2026-09-24 02:00:00+00:00
[2026-09-23T07:13:23.192+0000] {processor.py:208} INFO - Processing /opt/airflow/dags/dss150p_pipeline.py took 0.300 seconds
[2026-09-23T07:13:53.392+0000] {processor.py:186} INFO - Started process (PID=3448) to work on /opt/airflow/dags/dss150p_pipeline.py
[2026-09-23T07:13:53.394+0000] {processor.py:914} INFO - Processing file /opt/airflow/dags/dss150p_pipeline.py for tasks to queue
[2026-09-23T07:13:53.401+0000] {logging_mixin.py:190} INFO - [2026-09-23T07:13:53.401+0000] {dagbag.py:588} INFO - Filling up the DagBag from /opt/airflow/dags/dss150p_pipeline.py
[2026-09-23T07:13:53.429+0000] {processor.py:925} INFO - DAG(s) 'dss150p_sales_pipeline' retrieved from /opt/airflow/dags/dss150p_pipeline.py
[2026-09-23T07:13:53.482+0000] {logging_mixin.py:190} INFO - [2026-09-23T07:13:53.481+0000] {dag.py:3239} INFO - Sync 1 DAGs
[2026-09-23T07:13:53.521+0000] {logging_mixin.py:190} INFO - [2026-09-23T07:13:53.520+0000] {dag.py:4180} INFO - Setting next_dagrun for dss150p_sales_pipeline to 2026-09-23 02:00:00+00:00, run_after=2026-09-24 02:00:00+00:00
[2026-09-23T07:13:53.544+0000] {processor.py:208} INFO - Processing /opt/airflow/dags/dss150p_pipeline.py took 0.172 seconds
[2026-09-23T07:14:23.755+0000] {processor.py:186} INFO - Started process (PID=3453) to work on /opt/airflow/dags/dss150p_pipeline.py
[2026-09-23T07:14:23.757+0000] {processor.py:914} INFO - Processing file /opt/airflow/dags/dss150p_pipeline.py for tasks to queue
[2026-09-23T07:14:23.763+0000] {logging_mixin.py:190} INFO - [2026-09-23T07:14:23.762+0000] {dagbag.py:588} INFO - Filling up the DagBag from /opt/airflow/dags/dss150p_pipeline.py
[2026-09-23T07:14:23.899+0000] {processor.py:925} INFO - DAG(s) 'dss150p_sales_pipeline' retrieved from /opt/airflow/dags/dss150p_pipeline.py
[2026-09-23T07:14:23.970+0000] {logging_mixin.py:190} INFO - [2026-09-23T07:14:23.969+0000] {dag.py:3239} INFO - Sync 1 DAGs
[2026-09-23T07:14:24.013+0000] {logging_mixin.py:190} INFO - [2026-09-23T07:14:24.012+0000] {dag.py:4180} INFO - Setting next_dagrun for dss150p_sales_pipeline to 2026-09-23 02:00:00+00:00, run_after=2026-09-24 02:00:00+00:00
[2026-09-23T07:14:24.047+0000] {processor.py:208} INFO - Processing /opt/airflow/dags/dss150p_pipeline.py took 0.304 seconds
[2026-09-23T07:14:54.295+0000] {processor.py:186} INFO - Started process (PID=3458) to work on /opt/airflow/dags/dss150p_pipeline.py
[2026-09-23T07:14:54.297+0000] {processor.py:914} INFO - Processing file /opt/airflow/dags/dss150p_pipeline.py for tasks to queue
[2026-09-23T07:14:54.305+0000] {logging_mixin.py:190} INFO - [2026-09-23T07:14:54.304+0000] {dagbag.py:588} INFO - Filling up the DagBag from /opt/airflow/dags/dss150p_pipeline.py
[2026-09-23T07:14:54.340+0000] {processor.py:925} INFO - DAG(s) 'dss150p_sales_pipeline' retrieved from /opt/airflow/dags/dss150p_pipeline.py
[2026-09-23T07:14:54.393+0000] {logging_mixin.py:190} INFO - [2026-09-23T07:14:54.392+0000] {dag.py:3239} INFO - Sync 1 DAGs
[2026-09-23T07:14:54.426+0000] {logging_mixin.py:190} INFO - [2026-09-23T07:14:54.426+0000] {dag.py:4180} INFO - Setting next_dagrun for dss150p_sales_pipeline to 2026-09-23 02:00:00+00:00, run_after=2026-09-24 02:00:00+00:00
[2026-09-23T07:14:54.465+0000] {processor.py:208} INFO - Processing /opt/airflow/dags/dss150p_pipeline.py took 0.187 seconds
[2026-09-23T07:15:24.692+0000] {processor.py:186} INFO - Started process (PID=3463) to work on /opt/airflow/dags/dss150p_pipeline.py
[2026-09-23T07:15:24.693+0000] {processor.py:914} INFO - Processing file /opt/airflow/dags/dss150p_pipeline.py for tasks to queue
[2026-09-23T07:15:24.698+0000] {logging_mixin.py:190} INFO - [2026-09-23T07:15:24.698+0000] {dagbag.py:588} INFO - Filling up the DagBag from /opt/airflow/dags/dss150p_pipeline.py
[2026-09-23T07:15:24.736+0000] {processor.py:925} INFO - DAG(s) 'dss150p_sales_pipeline' retrieved from /opt/airflow/dags/dss150p_pipeline.py
[2026-09-23T07:15:24.801+0000] {logging_mixin.py:190} INFO - [2026-09-23T07:15:24.800+0000] {dag.py:3239} INFO - Sync 1 DAGs
[2026-09-23T07:15:24.846+0000] {logging_mixin.py:190} INFO - [2026-09-23T07:15:24.845+0000] {dag.py:4180} INFO - Setting next_dagrun for dss150p_sales_pipeline to 2026-09-23 02:00:00+00:00, run_after=2026-09-24 02:00:00+00:00
[2026-09-23T07:15:24.877+0000] {processor.py:208} INFO - Processing /opt/airflow/dags/dss150p_pipeline.py took 0.198 seconds
[2026-09-23T07:15:55.066+0000] {processor.py:186} INFO - Started process (PID=3468) to work on /opt/airflow/dags/dss150p_pipeline.py
[2026-09-23T07:15:55.070+0000] {processor.py:914} INFO - Processing file /opt/airflow/dags/dss150p_pipeline.py for tasks to queue
[2026-09-23T07:15:55.080+0000] {logging_mixin.py:190} INFO - [2026-09-23T07:15:55.079+0000] {dagbag.py:588} INFO - Filling up the DagBag from /opt/airflow/dags/dss150p_pipeline.py
[2026-09-23T07:15:55.144+0000] {processor.py:925} INFO - DAG(s) 'dss150p_sales_pipeline' retrieved from /opt/airflow/dags/dss150p_pipeline.py
[2026-09-23T07:15:55.223+0000] {logging_mixin.py:190} INFO - [2026-09-23T07:15:55.223+0000] {dag.py:3239} INFO - Sync 1 DAGs
[2026-09-23T07:15:55.266+0000] {logging_mixin.py:190} INFO - [2026-09-23T07:15:55.265+0000] {dag.py:4180} INFO - Setting next_dagrun for dss150p_sales_pipeline to 2026-09-23 02:00:00+00:00, run_after=2026-09-24 02:00:00+00:00
[2026-09-23T07:15:55.315+0000] {processor.py:208} INFO - Processing /opt/airflow/dags/dss150p_pipeline.py took 0.283 seconds
[2026-09-23T07:16:25.417+0000] {processor.py:186} INFO - Started process (PID=3473) to work on /opt/airflow/dags/dss150p_pipeline.py
[2026-09-23T07:16:25.424+0000] {processor.py:914} INFO - Processing file /opt/airflow/dags/dss150p_pipeline.py for tasks to queue
[2026-09-23T07:16:25.431+0000] {logging_mixin.py:190} INFO - [2026-09-23T07:16:25.430+0000] {dagbag.py:588} INFO - Filling up the DagBag from /opt/airflow/dags/dss150p_pipeline.py
[2026-09-23T07:16:25.466+0000] {processor.py:925} INFO - DAG(s) 'dss150p_sales_pipeline' retrieved from /opt/airflow/dags/dss150p_pipeline.py
[2026-09-23T07:16:25.540+0000] {logging_mixin.py:190} INFO - [2026-09-23T07:16:25.540+0000] {dag.py:3239} INFO - Sync 1 DAGs
[2026-09-23T07:16:25.583+0000] {logging_mixin.py:190} INFO - [2026-09-23T07:16:25.582+0000] {dag.py:4180} INFO - Setting next_dagrun for dss150p_sales_pipeline to 2026-09-23 02:00:00+00:00, run_after=2026-09-24 02:00:00+00:00
[2026-09-23T07:16:25.635+0000] {processor.py:208} INFO - Processing /opt/airflow/dags/dss150p_pipeline.py took 0.236 seconds
[2026-09-23T07:16:55.918+0000] {processor.py:186} INFO - Started process (PID=3478) to work on /opt/airflow/dags/dss150p_pipeline.py
[2026-09-23T07:16:55.921+0000] {processor.py:914} INFO - Processing file /opt/airflow/dags/dss150p_pipeline.py for tasks to queue
[2026-09-23T07:16:55.925+0000] {logging_mixin.py:190} INFO - [2026-09-23T07:16:55.925+0000] {dagbag.py:588} INFO - Filling up the DagBag from /opt/airflow/dags/dss150p_pipeline.py
[2026-09-23T07:16:55.954+0000] {processor.py:925} INFO - DAG(s) 'dss150p_sales_pipeline' retrieved from /opt/airflow/dags/dss150p_pipeline.py
[2026-09-23T07:16:55.995+0000] {logging_mixin.py:190} INFO - [2026-09-23T07:16:55.994+0000] {dag.py:3239} INFO - Sync 1 DAGs
[2026-09-23T07:16:56.025+0000] {logging_mixin.py:190} INFO - [2026-09-23T07:16:56.025+0000] {dag.py:4180} INFO - Setting next_dagrun for dss150p_sales_pipeline to 2026-09-23 02:00:00+00:00, run_after=2026-09-24 02:00:00+00:00
[2026-09-23T07:16:56.050+0000] {processor.py:208} INFO - Processing /opt/airflow/dags/dss150p_pipeline.py took 0.145 seconds
[2026-09-23T07:17:26.177+0000] {processor.py:186} INFO - Started process (PID=3483) to work on /opt/airflow/dags/dss150p_pipeline.py
[2026-09-23T07:17:26.180+0000] {processor.py:914} INFO - Processing file /opt/airflow/dags/dss150p_pipeline.py for tasks to queue
[2026-09-23T07:17:26.187+0000] {logging_mixin.py:190} INFO - [2026-09-23T07:17:26.187+0000] {dagbag.py:588} INFO - Filling up the DagBag from /opt/airflow/dags/dss150p_pipeline.py
[2026-09-23T07:17:26.223+0000] {processor.py:925} INFO - DAG(s) 'dss150p_sales_pipeline' retrieved from /opt/airflow/dags/dss150p_pipeline.py
[2026-09-23T07:17:26.283+0000] {logging_mixin.py:190} INFO - [2026-09-23T07:17:26.283+0000] {dag.py:3239} INFO - Sync 1 DAGs
[2026-09-23T07:17:26.324+0000] {logging_mixin.py:190} INFO - [2026-09-23T07:17:26.323+0000] {dag.py:4180} INFO - Setting next_dagrun for dss150p_sales_pipeline to 2026-09-23 02:00:00+00:00, run_after=2026-09-24 02:00:00+00:00
[2026-09-23T07:17:26.351+0000] {processor.py:208} INFO - Processing /opt/airflow/dags/dss150p_pipeline.py took 0.190 seconds
[2026-09-23T07:17:56.626+0000] {processor.py:186} INFO - Started process (PID=3488) to work on /opt/airflow/dags/dss150p_pipeline.py
[2026-09-23T07:17:56.630+0000] {processor.py:914} INFO - Processing file /opt/airflow/dags/dss150p_pipeline.py for tasks to queue
[2026-09-23T07:17:56.642+0000] {logging_mixin.py:190} INFO - [2026-09-23T07:17:56.641+0000] {dagbag.py:588} INFO - Filling up the DagBag from /opt/airflow/dags/dss150p_pipeline.py
[2026-09-23T07:17:56.678+0000] {processor.py:925} INFO - DAG(s) 'dss150p_sales_pipeline' retrieved from /opt/airflow/dags/dss150p_pipeline.py
[2026-09-23T07:17:56.780+0000] {logging_mixin.py:190} INFO - [2026-09-23T07:17:56.780+0000] {dag.py:3239} INFO - Sync 1 DAGs
[2026-09-23T07:17:56.844+0000] {logging_mixin.py:190} INFO - [2026-09-23T07:17:56.843+0000] {dag.py:4180} INFO - Setting next_dagrun for dss150p_sales_pipeline to 2026-09-23 02:00:00+00:00, run_after=2026-09-24 02:00:00+00:00
[2026-09-23T07:17:56.876+0000] {processor.py:208} INFO - Processing /opt/airflow/dags/dss150p_pipeline.py took 0.267 seconds
[2026-09-23T07:18:27.241+0000] {processor.py:186} INFO - Started process (PID=3493) to work on /opt/airflow/dags/dss150p_pipeline.py
[2026-09-23T07:18:27.243+0000] {processor.py:914} INFO - Processing file /opt/airflow/dags/dss150p_pipeline.py for tasks to queue
[2026-09-23T07:18:27.247+0000] {logging_mixin.py:190} INFO - [2026-09-23T07:18:27.246+0000] {dagbag.py:588} INFO - Filling up the DagBag from /opt/airflow/dags/dss150p_pipeline.py
[2026-09-23T07:18:27.266+0000] {processor.py:925} INFO - DAG(s) 'dss150p_sales_pipeline' retrieved from /opt/airflow/dags/dss150p_pipeline.py
[2026-09-23T07:18:27.309+0000] {logging_mixin.py:190} INFO - [2026-09-23T07:18:27.309+0000] {dag.py:3239} INFO - Sync 1 DAGs
[2026-09-23T07:18:27.352+0000] {logging_mixin.py:190} INFO - [2026-09-23T07:18:27.352+0000] {dag.py:4180} INFO - Setting next_dagrun for dss150p_sales_pipeline to 2026-09-23 02:00:00+00:00, run_after=2026-09-24 02:00:00+00:00
[2026-09-23T07:18:27.383+0000] {processor.py:208} INFO - Processing /opt/airflow/dags/dss150p_pipeline.py took 0.150 seconds
[2026-09-23T07:18:57.516+0000] {processor.py:186} INFO - Started process (PID=3498) to work on /opt/airflow/dags/dss150p_pipeline.py
[2026-09-23T07:18:57.517+0000] {processor.py:914} INFO - Processing file /opt/airflow/dags/dss150p_pipeline.py for tasks to queue
[2026-09-23T07:18:57.525+0000] {logging_mixin.py:190} INFO - [2026-09-23T07:18:57.525+0000] {dagbag.py:588} INFO - Filling up the DagBag from /opt/airflow/dags/dss150p_pipeline.py
[2026-09-23T07:18:57.557+0000] {processor.py:925} INFO - DAG(s) 'dss150p_sales_pipeline' retrieved from /opt/airflow/dags/dss150p_pipeline.py
[2026-09-23T07:18:57.629+0000] {logging_mixin.py:190} INFO - [2026-09-23T07:18:57.629+0000] {dag.py:3239} INFO - Sync 1 DAGs
[2026-09-23T07:18:57.674+0000] {logging_mixin.py:190} INFO - [2026-09-23T07:18:57.674+0000] {dag.py:4180} INFO - Setting next_dagrun for dss150p_sales_pipeline to 2026-09-23 02:00:00+00:00, run_after=2026-09-24 02:00:00+00:00
[2026-09-23T07:18:57.704+0000] {processor.py:208} INFO - Processing /opt/airflow/dags/dss150p_pipeline.py took 0.205 seconds
[2026-09-23T07:19:28.091+0000] {processor.py:186} INFO - Started process (PID=3503) to work on /opt/airflow/dags/dss150p_pipeline.py
[2026-09-23T07:19:28.100+0000] {processor.py:914} INFO - Processing file /opt/airflow/dags/dss150p_pipeline.py for tasks to queue
[2026-09-23T07:19:28.109+0000] {logging_mixin.py:190} INFO - [2026-09-23T07:19:28.108+0000] {dagbag.py:588} INFO - Filling up the DagBag from /opt/airflow/dags/dss150p_pipeline.py
[2026-09-23T07:19:28.155+0000] {processor.py:925} INFO - DAG(s) 'dss150p_sales_pipeline' retrieved from /opt/airflow/dags/dss150p_pipeline.py
[2026-09-23T07:19:28.249+0000] {logging_mixin.py:190} INFO - [2026-09-23T07:19:28.249+0000] {dag.py:3239} INFO - Sync 1 DAGs
[2026-09-23T07:19:28.297+0000] {logging_mixin.py:190} INFO - [2026-09-23T07:19:28.296+0000] {dag.py:4180} INFO - Setting next_dagrun for dss150p_sales_pipeline to 2026-09-23 02:00:00+00:00, run_after=2026-09-24 02:00:00+00:00
[2026-09-23T07:19:28.346+0000] {processor.py:208} INFO - Processing /opt/airflow/dags/dss150p_pipeline.py took 0.278 seconds
[2026-09-23T07:19:58.413+0000] {processor.py:186} INFO - Started process (PID=3508) to work on /opt/airflow/dags/dss150p_pipeline.py
[2026-09-23T07:19:58.416+0000] {processor.py:914} INFO - Processing file /opt/airflow/dags/dss150p_pipeline.py for tasks to queue
[2026-09-23T07:19:58.425+0000] {logging_mixin.py:190} INFO - [2026-09-23T07:19:58.425+0000] {dagbag.py:588} INFO - Filling up the DagBag from /opt/airflow/dags/dss150p_pipeline.py
[2026-09-23T07:19:58.461+0000] {processor.py:925} INFO - DAG(s) 'dss150p_sales_pipeline' retrieved from /opt/airflow/dags/dss150p_pipeline.py
[2026-09-23T07:19:58.601+0000] {logging_mixin.py:190} INFO - [2026-09-23T07:19:58.600+0000] {dag.py:3239} INFO - Sync 1 DAGs
[2026-09-23T07:19:58.640+0000] {logging_mixin.py:190} INFO - [2026-09-23T07:19:58.640+0000] {dag.py:4180} INFO - Setting next_dagrun for dss150p_sales_pipeline to 2026-09-23 02:00:00+00:00, run_after=2026-09-24 02:00:00+00:00
[2026-09-23T07:19:58.668+0000] {processor.py:208} INFO - Processing /opt/airflow/dags/dss150p_pipeline.py took 0.275 seconds
[2026-09-23T07:20:28.983+0000] {processor.py:186} INFO - Started process (PID=3513) to work on /opt/airflow/dags/dss150p_pipeline.py
[2026-09-23T07:20:28.986+0000] {processor.py:914} INFO - Processing file /opt/airflow/dags/dss150p_pipeline.py for tasks to queue
[2026-09-23T07:20:29.002+0000] {logging_mixin.py:190} INFO - [2026-09-23T07:20:29.000+0000] {dagbag.py:588} INFO - Filling up the DagBag from /opt/airflow/dags/dss150p_pipeline.py
[2026-09-23T07:20:29.056+0000] {processor.py:925} INFO - DAG(s) 'dss150p_sales_pipeline' retrieved from /opt/airflow/dags/dss150p_pipeline.py
[2026-09-23T07:20:29.134+0000] {logging_mixin.py:190} INFO - [2026-09-23T07:20:29.134+0000] {dag.py:3239} INFO - Sync 1 DAGs
[2026-09-23T07:20:29.190+0000] {logging_mixin.py:190} INFO - [2026-09-23T07:20:29.189+0000] {dag.py:4180} INFO - Setting next_dagrun for dss150p_sales_pipeline to 2026-09-23 02:00:00+00:00, run_after=2026-09-24 02:00:00+00:00
[2026-09-23T07:20:29.230+0000] {processor.py:208} INFO - Processing /opt/airflow/dags/dss150p_pipeline.py took 0.265 seconds
[2026-09-23T07:20:59.542+0000] {processor.py:186} INFO - Started process (PID=3518) to work on /opt/airflow/dags/dss150p_pipeline.py
[2026-09-23T07:20:59.545+0000] {processor.py:914} INFO - Processing file /opt/airflow/dags/dss150p_pipeline.py for tasks to queue
[2026-09-23T07:20:59.552+0000] {logging_mixin.py:190} INFO - [2026-09-23T07:20:59.551+0000] {dagbag.py:588} INFO - Filling up the DagBag from /opt/airflow/dags/dss150p_pipeline.py
[2026-09-23T07:20:59.580+0000] {processor.py:925} INFO - DAG(s) 'dss150p_sales_pipeline' retrieved from /opt/airflow/dags/dss150p_pipeline.py
[2026-09-23T07:20:59.641+0000] {logging_mixin.py:190} INFO - [2026-09-23T07:20:59.640+0000] {dag.py:3239} INFO - Sync 1 DAGs
[2026-09-23T07:20:59.674+0000] {logging_mixin.py:190} INFO - [2026-09-23T07:20:59.673+0000] {dag.py:4180} INFO - Setting next_dagrun for dss150p_sales_pipeline to 2026-09-23 02:00:00+00:00, run_after=2026-09-24 02:00:00+00:00
[2026-09-23T07:20:59.702+0000] {processor.py:208} INFO - Processing /opt/airflow/dags/dss150p_pipeline.py took 0.172 seconds
[2026-09-23T07:21:29.887+0000] {processor.py:186} INFO - Started process (PID=3523) to work on /opt/airflow/dags/dss150p_pipeline.py
[2026-09-23T07:21:29.892+0000] {processor.py:914} INFO - Processing file /opt/airflow/dags/dss150p_pipeline.py for tasks to queue
[2026-09-23T07:21:29.901+0000] {logging_mixin.py:190} INFO - [2026-09-23T07:21:29.900+0000] {dagbag.py:588} INFO - Filling up the DagBag from /opt/airflow/dags/dss150p_pipeline.py
[2026-09-23T07:21:29.940+0000] {processor.py:925} INFO - DAG(s) 'dss150p_sales_pipeline' retrieved from /opt/airflow/dags/dss150p_pipeline.py
[2026-09-23T07:21:30.062+0000] {logging_mixin.py:190} INFO - [2026-09-23T07:21:30.061+0000] {dag.py:3239} INFO - Sync 1 DAGs
[2026-09-23T07:21:30.142+0000] {logging_mixin.py:190} INFO - [2026-09-23T07:21:30.142+0000] {dag.py:4180} INFO - Setting next_dagrun for dss150p_sales_pipeline to 2026-09-23 02:00:00+00:00, run_after=2026-09-24 02:00:00+00:00
[2026-09-23T07:21:30.182+0000] {processor.py:208} INFO - Processing /opt/airflow/dags/dss150p_pipeline.py took 0.322 seconds
[2026-09-23T07:22:00.406+0000] {processor.py:186} INFO - Started process (PID=3528) to work on /opt/airflow/dags/dss150p_pipeline.py
[2026-09-23T07:22:00.409+0000] {processor.py:914} INFO - Processing file /opt/airflow/dags/dss150p_pipeline.py for tasks to queue
[2026-09-23T07:22:00.417+0000] {logging_mixin.py:190} INFO - [2026-09-23T07:22:00.417+0000] {dagbag.py:588} INFO - Filling up the DagBag from /opt/airflow/dags/dss150p_pipeline.py
[2026-09-23T07:22:00.466+0000] {processor.py:925} INFO - DAG(s) 'dss150p_sales_pipeline' retrieved from /opt/airflow/dags/dss150p_pipeline.py
[2026-09-23T07:22:00.546+0000] {logging_mixin.py:190} INFO - [2026-09-23T07:22:00.546+0000] {dag.py:3239} INFO - Sync 1 DAGs
[2026-09-23T07:22:00.613+0000] {logging_mixin.py:190} INFO - [2026-09-23T07:22:00.612+0000] {dag.py:4180} INFO - Setting next_dagrun for dss150p_sales_pipeline to 2026-09-23 02:00:00+00:00, run_after=2026-09-24 02:00:00+00:00
[2026-09-23T07:22:00.668+0000] {processor.py:208} INFO - Processing /opt/airflow/dags/dss150p_pipeline.py took 0.292 seconds
[2026-09-23T07:22:31.076+0000] {processor.py:186} INFO - Started process (PID=3533) to work on /opt/airflow/dags/dss150p_pipeline.py
[2026-09-23T07:22:31.079+0000] {processor.py:914} INFO - Processing file /opt/airflow/dags/dss150p_pipeline.py for tasks to queue
[2026-09-23T07:22:31.085+0000] {logging_mixin.py:190} INFO - [2026-09-23T07:22:31.085+0000] {dagbag.py:588} INFO - Filling up the DagBag from /opt/airflow/dags/dss150p_pipeline.py
[2026-09-23T07:22:31.127+0000] {processor.py:925} INFO - DAG(s) 'dss150p_sales_pipeline' retrieved from /opt/airflow/dags/dss150p_pipeline.py
[2026-09-23T07:22:31.204+0000] {logging_mixin.py:190} INFO - [2026-09-23T07:22:31.203+0000] {dag.py:3239} INFO - Sync 1 DAGs
[2026-09-23T07:22:31.250+0000] {logging_mixin.py:190} INFO - [2026-09-23T07:22:31.250+0000] {dag.py:4180} INFO - Setting next_dagrun for dss150p_sales_pipeline to 2026-09-23 02:00:00+00:00, run_after=2026-09-24 02:00:00+00:00
[2026-09-23T07:22:31.283+0000] {processor.py:208} INFO - Processing /opt/airflow/dags/dss150p_pipeline.py took 0.221 seconds
[2026-09-23T07:23:01.424+0000] {processor.py:186} INFO - Started process (PID=3538) to work on /opt/airflow/dags/dss150p_pipeline.py
[2026-09-23T07:23:01.426+0000] {processor.py:914} INFO - Processing file /opt/airflow/dags/dss150p_pipeline.py for tasks to queue
[2026-09-23T07:23:01.432+0000] {logging_mixin.py:190} INFO - [2026-09-23T07:23:01.431+0000] {dagbag.py:588} INFO - Filling up the DagBag from /opt/airflow/dags/dss150p_pipeline.py
[2026-09-23T07:23:01.453+0000] {processor.py:925} INFO - DAG(s) 'dss150p_sales_pipeline' retrieved from /opt/airflow/dags/dss150p_pipeline.py
[2026-09-23T07:23:01.507+0000] {logging_mixin.py:190} INFO - [2026-09-23T07:23:01.507+0000] {dag.py:3239} INFO - Sync 1 DAGs
[2026-09-23T07:23:01.544+0000] {logging_mixin.py:190} INFO - [2026-09-23T07:23:01.544+0000] {dag.py:4180} INFO - Setting next_dagrun for dss150p_sales_pipeline to 2026-09-23 02:00:00+00:00, run_after=2026-09-24 02:00:00+00:00
[2026-09-23T07:23:01.569+0000] {processor.py:208} INFO - Processing /opt/airflow/dags/dss150p_pipeline.py took 0.162 seconds
[2026-09-23T07:23:31.780+0000] {processor.py:186} INFO - Started process (PID=3543) to work on /opt/airflow/dags/dss150p_pipeline.py
[2026-09-23T07:23:31.782+0000] {processor.py:914} INFO - Processing file /opt/airflow/dags/dss150p_pipeline.py for tasks to queue
[2026-09-23T07:23:31.791+0000] {logging_mixin.py:190} INFO - [2026-09-23T07:23:31.790+0000] {dagbag.py:588} INFO - Filling up the DagBag from /opt/airflow/dags/dss150p_pipeline.py
[2026-09-23T07:23:31.834+0000] {processor.py:925} INFO - DAG(s) 'dss150p_sales_pipeline' retrieved from /opt/airflow/dags/dss150p_pipeline.py
[2026-09-23T07:23:31.935+0000] {logging_mixin.py:190} INFO - [2026-09-23T07:23:31.935+0000] {dag.py:3239} INFO - Sync 1 DAGs
[2026-09-23T07:23:31.987+0000] {logging_mixin.py:190} INFO - [2026-09-23T07:23:31.987+0000] {dag.py:4180} INFO - Setting next_dagrun for dss150p_sales_pipeline to 2026-09-23 02:00:00+00:00, run_after=2026-09-24 02:00:00+00:00
[2026-09-23T07:23:32.033+0000] {processor.py:208} INFO - Processing /opt/airflow/dags/dss150p_pipeline.py took 0.287 seconds
[2026-09-23T07:24:02.296+0000] {processor.py:186} INFO - Started process (PID=3548) to work on /opt/airflow/dags/dss150p_pipeline.py
[2026-09-23T07:24:02.299+0000] {processor.py:914} INFO - Processing file /opt/airflow/dags/dss150p_pipeline.py for tasks to queue
[2026-09-23T07:24:02.305+0000] {logging_mixin.py:190} INFO - [2026-09-23T07:24:02.304+0000] {dagbag.py:588} INFO - Filling up the DagBag from /opt/airflow/dags/dss150p_pipeline.py
[2026-09-23T07:24:02.347+0000] {processor.py:925} INFO - DAG(s) 'dss150p_sales_pipeline' retrieved from /opt/airflow/dags/dss150p_pipeline.py
[2026-09-23T07:24:02.425+0000] {logging_mixin.py:190} INFO - [2026-09-23T07:24:02.425+0000] {dag.py:3239} INFO - Sync 1 DAGs
[2026-09-23T07:24:02.467+0000] {logging_mixin.py:190} INFO - [2026-09-23T07:24:02.467+0000] {dag.py:4180} INFO - Setting next_dagrun for dss150p_sales_pipeline to 2026-09-23 02:00:00+00:00, run_after=2026-09-24 02:00:00+00:00
[2026-09-23T07:24:02.512+0000] {processor.py:208} INFO - Processing /opt/airflow/dags/dss150p_pipeline.py took 0.232 seconds
[2026-09-23T07:24:32.633+0000] {processor.py:186} INFO - Started process (PID=3553) to work on /opt/airflow/dags/dss150p_pipeline.py
[2026-09-23T07:24:32.635+0000] {processor.py:914} INFO - Processing file /opt/airflow/dags/dss150p_pipeline.py for tasks to queue
[2026-09-23T07:24:32.643+0000] {logging_mixin.py:190} INFO - [2026-09-23T07:24:32.642+0000] {dagbag.py:588} INFO - Filling up the DagBag from /opt/airflow/dags/dss150p_pipeline.py
[2026-09-23T07:24:32.681+0000] {processor.py:925} INFO - DAG(s) 'dss150p_sales_pipeline' retrieved from /opt/airflow/dags/dss150p_pipeline.py
[2026-09-23T07:24:32.744+0000] {logging_mixin.py:190} INFO - [2026-09-23T07:24:32.743+0000] {dag.py:3239} INFO - Sync 1 DAGs
[2026-09-23T07:24:32.786+0000] {logging_mixin.py:190} INFO - [2026-09-23T07:24:32.786+0000] {dag.py:4180} INFO - Setting next_dagrun for dss150p_sales_pipeline to 2026-09-23 02:00:00+00:00, run_after=2026-09-24 02:00:00+00:00
[2026-09-23T07:24:32.815+0000] {processor.py:208} INFO - Processing /opt/airflow/dags/dss150p_pipeline.py took 0.200 seconds
[2026-09-23T07:25:03.066+0000] {processor.py:186} INFO - Started process (PID=3558) to work on /opt/airflow/dags/dss150p_pipeline.py
[2026-09-23T07:25:03.072+0000] {processor.py:914} INFO - Processing file /opt/airflow/dags/dss150p_pipeline.py for tasks to queue
[2026-09-23T07:25:03.154+0000] {logging_mixin.py:190} INFO - [2026-09-23T07:25:03.154+0000] {dagbag.py:588} INFO - Filling up the DagBag from /opt/airflow/dags/dss150p_pipeline.py
[2026-09-23T07:25:03.231+0000] {processor.py:925} INFO - DAG(s) 'dss150p_sales_pipeline' retrieved from /opt/airflow/dags/dss150p_pipeline.py
[2026-09-23T07:25:03.316+0000] {logging_mixin.py:190} INFO - [2026-09-23T07:25:03.316+0000] {dag.py:3239} INFO - Sync 1 DAGs
[2026-09-23T07:25:03.382+0000] {logging_mixin.py:190} INFO - [2026-09-23T07:25:03.381+0000] {dag.py:4180} INFO - Setting next_dagrun for dss150p_sales_pipeline to 2026-09-23 02:00:00+00:00, run_after=2026-09-24 02:00:00+00:00
[2026-09-23T07:25:03.429+0000] {processor.py:208} INFO - Processing /opt/airflow/dags/dss150p_pipeline.py took 0.385 seconds
[2026-09-23T07:25:33.763+0000] {processor.py:186} INFO - Started process (PID=3563) to work on /opt/airflow/dags/dss150p_pipeline.py
[2026-09-23T07:25:33.768+0000] {processor.py:914} INFO - Processing file /opt/airflow/dags/dss150p_pipeline.py for tasks to queue
[2026-09-23T07:25:33.779+0000] {logging_mixin.py:190} INFO - [2026-09-23T07:25:33.778+0000] {dagbag.py:588} INFO - Filling up the DagBag from /opt/airflow/dags/dss150p_pipeline.py
[2026-09-23T07:25:33.829+0000] {processor.py:925} INFO - DAG(s) 'dss150p_sales_pipeline' retrieved from /opt/airflow/dags/dss150p_pipeline.py
[2026-09-23T07:25:33.919+0000] {logging_mixin.py:190} INFO - [2026-09-23T07:25:33.919+0000] {dag.py:3239} INFO - Sync 1 DAGs
[2026-09-23T07:25:33.972+0000] {logging_mixin.py:190} INFO - [2026-09-23T07:25:33.971+0000] {dag.py:4180} INFO - Setting next_dagrun for dss150p_sales_pipeline to 2026-09-23 02:00:00+00:00, run_after=2026-09-24 02:00:00+00:00
[2026-09-23T07:25:34.005+0000] {processor.py:208} INFO - Processing /opt/airflow/dags/dss150p_pipeline.py took 0.265 seconds
[2026-09-23T07:26:04.460+0000] {processor.py:186} INFO - Started process (PID=3568) to work on /opt/airflow/dags/dss150p_pipeline.py
[2026-09-23T07:26:04.463+0000] {processor.py:914} INFO - Processing file /opt/airflow/dags/dss150p_pipeline.py for tasks to queue
[2026-09-23T07:26:04.472+0000] {logging_mixin.py:190} INFO - [2026-09-23T07:26:04.471+0000] {dagbag.py:588} INFO - Filling up the DagBag from /opt/airflow/dags/dss150p_pipeline.py
[2026-09-23T07:26:04.522+0000] {processor.py:925} INFO - DAG(s) 'dss150p_sales_pipeline' retrieved from /opt/airflow/dags/dss150p_pipeline.py
[2026-09-23T07:26:04.628+0000] {logging_mixin.py:190} INFO - [2026-09-23T07:26:04.628+0000] {dag.py:3239} INFO - Sync 1 DAGs
[2026-09-23T07:26:04.676+0000] {logging_mixin.py:190} INFO - [2026-09-23T07:26:04.675+0000] {dag.py:4180} INFO - Setting next_dagrun for dss150p_sales_pipeline to 2026-09-23 02:00:00+00:00, run_after=2026-09-24 02:00:00+00:00
[2026-09-23T07:26:04.703+0000] {processor.py:208} INFO - Processing /opt/airflow/dags/dss150p_pipeline.py took 0.269 seconds
[2026-09-23T07:26:35.055+0000] {processor.py:186} INFO - Started process (PID=3573) to work on /opt/airflow/dags/dss150p_pipeline.py
[2026-09-23T07:26:35.059+0000] {processor.py:914} INFO - Processing file /opt/airflow/dags/dss150p_pipeline.py for tasks to queue
[2026-09-23T07:26:35.068+0000] {logging_mixin.py:190} INFO - [2026-09-23T07:26:35.067+0000] {dagbag.py:588} INFO - Filling up the DagBag from /opt/airflow/dags/dss150p_pipeline.py
[2026-09-23T07:26:35.125+0000] {processor.py:925} INFO - DAG(s) 'dss150p_sales_pipeline' retrieved from /opt/airflow/dags/dss150p_pipeline.py
[2026-09-23T07:26:35.214+0000] {logging_mixin.py:190} INFO - [2026-09-23T07:26:35.214+0000] {dag.py:3239} INFO - Sync 1 DAGs
[2026-09-23T07:26:35.258+0000] {logging_mixin.py:190} INFO - [2026-09-23T07:26:35.258+0000] {dag.py:4180} INFO - Setting next_dagrun for dss150p_sales_pipeline to 2026-09-23 02:00:00+00:00, run_after=2026-09-24 02:00:00+00:00
[2026-09-23T07:26:35.290+0000] {processor.py:208} INFO - Processing /opt/airflow/dags/dss150p_pipeline.py took 0.260 seconds
[2026-09-23T07:27:05.383+0000] {processor.py:186} INFO - Started process (PID=3578) to work on /opt/airflow/dags/dss150p_pipeline.py
[2026-09-23T07:27:05.386+0000] {processor.py:914} INFO - Processing file /opt/airflow/dags/dss150p_pipeline.py for tasks to queue
[2026-09-23T07:27:05.392+0000] {logging_mixin.py:190} INFO - [2026-09-23T07:27:05.392+0000] {dagbag.py:588} INFO - Filling up the DagBag from /opt/airflow/dags/dss150p_pipeline.py
[2026-09-23T07:27:05.428+0000] {processor.py:925} INFO - DAG(s) 'dss150p_sales_pipeline' retrieved from /opt/airflow/dags/dss150p_pipeline.py
[2026-09-23T07:27:05.495+0000] {logging_mixin.py:190} INFO - [2026-09-23T07:27:05.495+0000] {dag.py:3239} INFO - Sync 1 DAGs
[2026-09-23T07:27:05.557+0000] {logging_mixin.py:190} INFO - [2026-09-23T07:27:05.557+0000] {dag.py:4180} INFO - Setting next_dagrun for dss150p_sales_pipeline to 2026-09-23 02:00:00+00:00, run_after=2026-09-24 02:00:00+00:00
[2026-09-23T07:27:05.590+0000] {processor.py:208} INFO - Processing /opt/airflow/dags/dss150p_pipeline.py took 0.228 seconds
[2026-09-23T07:27:36.042+0000] {processor.py:186} INFO - Started process (PID=3583) to work on /opt/airflow/dags/dss150p_pipeline.py
[2026-09-23T07:27:36.046+0000] {processor.py:914} INFO - Processing file /opt/airflow/dags/dss150p_pipeline.py for tasks to queue
[2026-09-23T07:27:36.059+0000] {logging_mixin.py:190} INFO - [2026-09-23T07:27:36.058+0000] {dagbag.py:588} INFO - Filling up the DagBag from /opt/airflow/dags/dss150p_pipeline.py
[2026-09-23T07:27:36.105+0000] {processor.py:925} INFO - DAG(s) 'dss150p_sales_pipeline' retrieved from /opt/airflow/dags/dss150p_pipeline.py
[2026-09-23T07:27:36.202+0000] {logging_mixin.py:190} INFO - [2026-09-23T07:27:36.202+0000] {dag.py:3239} INFO - Sync 1 DAGs
[2026-09-23T07:27:36.249+0000] {logging_mixin.py:190} INFO - [2026-09-23T07:27:36.248+0000] {dag.py:4180} INFO - Setting next_dagrun for dss150p_sales_pipeline to 2026-09-23 02:00:00+00:00, run_after=2026-09-24 02:00:00+00:00
[2026-09-23T07:27:36.279+0000] {processor.py:208} INFO - Processing /opt/airflow/dags/dss150p_pipeline.py took 0.274 seconds
[2026-09-23T07:28:06.680+0000] {processor.py:186} INFO - Started process (PID=3588) to work on /opt/airflow/dags/dss150p_pipeline.py
[2026-09-23T07:28:06.684+0000] {processor.py:914} INFO - Processing file /opt/airflow/dags/dss150p_pipeline.py for tasks to queue
[2026-09-23T07:28:06.691+0000] {logging_mixin.py:190} INFO - [2026-09-23T07:28:06.691+0000] {dagbag.py:588} INFO - Filling up the DagBag from /opt/airflow/dags/dss150p_pipeline.py
[2026-09-23T07:28:06.740+0000] {processor.py:925} INFO - DAG(s) 'dss150p_sales_pipeline' retrieved from /opt/airflow/dags/dss150p_pipeline.py
[2026-09-23T07:28:06.844+0000] {logging_mixin.py:190} INFO - [2026-09-23T07:28:06.844+0000] {dag.py:3239} INFO - Sync 1 DAGs
[2026-09-23T07:28:06.904+0000] {logging_mixin.py:190} INFO - [2026-09-23T07:28:06.903+0000] {dag.py:4180} INFO - Setting next_dagrun for dss150p_sales_pipeline to 2026-09-23 02:00:00+00:00, run_after=2026-09-24 02:00:00+00:00
[2026-09-23T07:28:06.937+0000] {processor.py:208} INFO - Processing /opt/airflow/dags/dss150p_pipeline.py took 0.294 seconds
[2026-09-23T07:28:37.259+0000] {processor.py:186} INFO - Started process (PID=3593) to work on /opt/airflow/dags/dss150p_pipeline.py
[2026-09-23T07:28:37.265+0000] {processor.py:914} INFO - Processing file /opt/airflow/dags/dss150p_pipeline.py for tasks to queue
[2026-09-23T07:28:37.283+0000] {logging_mixin.py:190} INFO - [2026-09-23T07:28:37.282+0000] {dagbag.py:588} INFO - Filling up the DagBag from /opt/airflow/dags/dss150p_pipeline.py
[2026-09-23T07:28:37.320+0000] {processor.py:925} INFO - DAG(s) 'dss150p_sales_pipeline' retrieved from /opt/airflow/dags/dss150p_pipeline.py
[2026-09-23T07:28:37.397+0000] {logging_mixin.py:190} INFO - [2026-09-23T07:28:37.396+0000] {dag.py:3239} INFO - Sync 1 DAGs
[2026-09-23T07:28:37.448+0000] {logging_mixin.py:190} INFO - [2026-09-23T07:28:37.448+0000] {dag.py:4180} INFO - Setting next_dagrun for dss150p_sales_pipeline to 2026-09-23 02:00:00+00:00, run_after=2026-09-24 02:00:00+00:00
[2026-09-23T07:28:37.482+0000] {processor.py:208} INFO - Processing /opt/airflow/dags/dss150p_pipeline.py took 0.244 seconds
[2026-09-23T07:29:07.925+0000] {processor.py:186} INFO - Started process (PID=3598) to work on /opt/airflow/dags/dss150p_pipeline.py
[2026-09-23T07:29:07.928+0000] {processor.py:914} INFO - Processing file /opt/airflow/dags/dss150p_pipeline.py for tasks to queue
[2026-09-23T07:29:07.935+0000] {logging_mixin.py:190} INFO - [2026-09-23T07:29:07.934+0000] {dagbag.py:588} INFO - Filling up the DagBag from /opt/airflow/dags/dss150p_pipeline.py
[2026-09-23T07:29:07.972+0000] {processor.py:925} INFO - DAG(s) 'dss150p_sales_pipeline' retrieved from /opt/airflow/dags/dss150p_pipeline.py
[2026-09-23T07:29:08.044+0000] {logging_mixin.py:190} INFO - [2026-09-23T07:29:08.044+0000] {dag.py:3239} INFO - Sync 1 DAGs
[2026-09-23T07:29:08.092+0000] {logging_mixin.py:190} INFO - [2026-09-23T07:29:08.092+0000] {dag.py:4180} INFO - Setting next_dagrun for dss150p_sales_pipeline to 2026-09-23 02:00:00+00:00, run_after=2026-09-24 02:00:00+00:00
[2026-09-23T07:29:08.117+0000] {processor.py:208} INFO - Processing /opt/airflow/dags/dss150p_pipeline.py took 0.210 seconds
[2026-09-23T07:29:38.284+0000] {processor.py:186} INFO - Started process (PID=3603) to work on /opt/airflow/dags/dss150p_pipeline.py
[2026-09-23T07:29:38.286+0000] {processor.py:914} INFO - Processing file /opt/airflow/dags/dss150p_pipeline.py for tasks to queue
[2026-09-23T07:29:38.296+0000] {logging_mixin.py:190} INFO - [2026-09-23T07:29:38.295+0000] {dagbag.py:588} INFO - Filling up the DagBag from /opt/airflow/dags/dss150p_pipeline.py
[2026-09-23T07:29:38.344+0000] {processor.py:925} INFO - DAG(s) 'dss150p_sales_pipeline' retrieved from /opt/airflow/dags/dss150p_pipeline.py
[2026-09-23T07:29:38.427+0000] {logging_mixin.py:190} INFO - [2026-09-23T07:29:38.427+0000] {dag.py:3239} INFO - Sync 1 DAGs
[2026-09-23T07:29:38.485+0000] {logging_mixin.py:190} INFO - [2026-09-23T07:29:38.485+0000] {dag.py:4180} INFO - Setting next_dagrun for dss150p_sales_pipeline to 2026-09-23 02:00:00+00:00, run_after=2026-09-24 02:00:00+00:00
[2026-09-23T07:29:38.514+0000] {processor.py:208} INFO - Processing /opt/airflow/dags/dss150p_pipeline.py took 0.254 seconds
[2026-09-23T07:30:08.862+0000] {processor.py:186} INFO - Started process (PID=3608) to work on /opt/airflow/dags/dss150p_pipeline.py
[2026-09-23T07:30:08.865+0000] {processor.py:914} INFO - Processing file /opt/airflow/dags/dss150p_pipeline.py for tasks to queue
[2026-09-23T07:30:08.877+0000] {logging_mixin.py:190} INFO - [2026-09-23T07:30:08.876+0000] {dagbag.py:588} INFO - Filling up the DagBag from /opt/airflow/dags/dss150p_pipeline.py
[2026-09-23T07:30:08.929+0000] {processor.py:925} INFO - DAG(s) 'dss150p_sales_pipeline' retrieved from /opt/airflow/dags/dss150p_pipeline.py
[2026-09-23T07:30:09.049+0000] {logging_mixin.py:190} INFO - [2026-09-23T07:30:09.048+0000] {dag.py:3239} INFO - Sync 1 DAGs
[2026-09-23T07:30:09.161+0000] {logging_mixin.py:190} INFO - [2026-09-23T07:30:09.161+0000] {dag.py:4180} INFO - Setting next_dagrun for dss150p_sales_pipeline to 2026-09-23 02:00:00+00:00, run_after=2026-09-24 02:00:00+00:00
[2026-09-23T07:30:09.212+0000] {processor.py:208} INFO - Processing /opt/airflow/dags/dss150p_pipeline.py took 0.369 seconds
[2026-09-23T07:30:39.443+0000] {processor.py:186} INFO - Started process (PID=3613) to work on /opt/airflow/dags/dss150p_pipeline.py
[2026-09-23T07:30:39.476+0000] {processor.py:914} INFO - Processing file /opt/airflow/dags/dss150p_pipeline.py for tasks to queue
[2026-09-23T07:30:39.525+0000] {logging_mixin.py:190} INFO - [2026-09-23T07:30:39.523+0000] {dagbag.py:588} INFO - Filling up the DagBag from /opt/airflow/dags/dss150p_pipeline.py
[2026-09-23T07:30:39.592+0000] {processor.py:925} INFO - DAG(s) 'dss150p_sales_pipeline' retrieved from /opt/airflow/dags/dss150p_pipeline.py
[2026-09-23T07:30:39.669+0000] {logging_mixin.py:190} INFO - [2026-09-23T07:30:39.668+0000] {dag.py:3239} INFO - Sync 1 DAGs
[2026-09-23T07:30:39.704+0000] {logging_mixin.py:190} INFO - [2026-09-23T07:30:39.704+0000] {dag.py:4180} INFO - Setting next_dagrun for dss150p_sales_pipeline to 2026-09-23 02:00:00+00:00, run_after=2026-09-24 02:00:00+00:00
[2026-09-23T07:30:39.732+0000] {processor.py:208} INFO - Processing /opt/airflow/dags/dss150p_pipeline.py took 0.330 seconds
[2026-09-23T07:31:10.195+0000] {processor.py:186} INFO - Started process (PID=3618) to work on /opt/airflow/dags/dss150p_pipeline.py
[2026-09-23T07:31:10.198+0000] {processor.py:914} INFO - Processing file /opt/airflow/dags/dss150p_pipeline.py for tasks to queue
[2026-09-23T07:31:10.208+0000] {logging_mixin.py:190} INFO - [2026-09-23T07:31:10.207+0000] {dagbag.py:588} INFO - Filling up the DagBag from /opt/airflow/dags/dss150p_pipeline.py
[2026-09-23T07:31:10.386+0000] {processor.py:925} INFO - DAG(s) 'dss150p_sales_pipeline' retrieved from /opt/airflow/dags/dss150p_pipeline.py
[2026-09-23T07:31:10.487+0000] {logging_mixin.py:190} INFO - [2026-09-23T07:31:10.487+0000] {dag.py:3239} INFO - Sync 1 DAGs
[2026-09-23T07:31:10.530+0000] {logging_mixin.py:190} INFO - [2026-09-23T07:31:10.530+0000] {dag.py:4180} INFO - Setting next_dagrun for dss150p_sales_pipeline to 2026-09-23 02:00:00+00:00, run_after=2026-09-24 02:00:00+00:00
[2026-09-23T07:31:10.562+0000] {processor.py:208} INFO - Processing /opt/airflow/dags/dss150p_pipeline.py took 0.380 seconds
[2026-09-23T07:31:40.836+0000] {processor.py:186} INFO - Started process (PID=3623) to work on /opt/airflow/dags/dss150p_pipeline.py
[2026-09-23T07:31:40.839+0000] {processor.py:914} INFO - Processing file /opt/airflow/dags/dss150p_pipeline.py for tasks to queue
[2026-09-23T07:31:40.853+0000] {logging_mixin.py:190} INFO - [2026-09-23T07:31:40.851+0000] {dagbag.py:588} INFO - Filling up the DagBag from /opt/airflow/dags/dss150p_pipeline.py
[2026-09-23T07:31:40.933+0000] {processor.py:925} INFO - DAG(s) 'dss150p_sales_pipeline' retrieved from /opt/airflow/dags/dss150p_pipeline.py
[2026-09-23T07:31:41.057+0000] {logging_mixin.py:190} INFO - [2026-09-23T07:31:41.057+0000] {dag.py:3239} INFO - Sync 1 DAGs
[2026-09-23T07:31:41.113+0000] {logging_mixin.py:190} INFO - [2026-09-23T07:31:41.113+0000] {dag.py:4180} INFO - Setting next_dagrun for dss150p_sales_pipeline to 2026-09-23 02:00:00+00:00, run_after=2026-09-24 02:00:00+00:00
[2026-09-23T07:31:41.243+0000] {processor.py:208} INFO - Processing /opt/airflow/dags/dss150p_pipeline.py took 0.422 seconds
[2026-09-23T07:32:11.795+0000] {processor.py:186} INFO - Started process (PID=3628) to work on /opt/airflow/dags/dss150p_pipeline.py
[2026-09-23T07:32:11.809+0000] {processor.py:914} INFO - Processing file /opt/airflow/dags/dss150p_pipeline.py for tasks to queue
[2026-09-23T07:32:11.834+0000] {logging_mixin.py:190} INFO - [2026-09-23T07:32:11.833+0000] {dagbag.py:588} INFO - Filling up the DagBag from /opt/airflow/dags/dss150p_pipeline.py
[2026-09-23T07:32:11.942+0000] {processor.py:925} INFO - DAG(s) 'dss150p_sales_pipeline' retrieved from /opt/airflow/dags/dss150p_pipeline.py
[2026-09-23T07:32:12.102+0000] {logging_mixin.py:190} INFO - [2026-09-23T07:32:12.101+0000] {dag.py:3239} INFO - Sync 1 DAGs
[2026-09-23T07:32:12.178+0000] {logging_mixin.py:190} INFO - [2026-09-23T07:32:12.178+0000] {dag.py:4180} INFO - Setting next_dagrun for dss150p_sales_pipeline to 2026-09-23 02:00:00+00:00, run_after=2026-09-24 02:00:00+00:00
[2026-09-23T07:32:12.209+0000] {processor.py:208} INFO - Processing /opt/airflow/dags/dss150p_pipeline.py took 0.489 seconds
[2026-09-23T07:32:42.735+0000] {processor.py:186} INFO - Started process (PID=3633) to work on /opt/airflow/dags/dss150p_pipeline.py
[2026-09-23T07:32:42.739+0000] {processor.py:914} INFO - Processing file /opt/airflow/dags/dss150p_pipeline.py for tasks to queue
[2026-09-23T07:32:42.746+0000] {logging_mixin.py:190} INFO - [2026-09-23T07:32:42.745+0000] {dagbag.py:588} INFO - Filling up the DagBag from /opt/airflow/dags/dss150p_pipeline.py
[2026-09-23T07:32:42.804+0000] {processor.py:925} INFO - DAG(s) 'dss150p_sales_pipeline' retrieved from /opt/airflow/dags/dss150p_pipeline.py
[2026-09-23T07:32:42.896+0000] {logging_mixin.py:190} INFO - [2026-09-23T07:32:42.895+0000] {dag.py:3239} INFO - Sync 1 DAGs
[2026-09-23T07:32:42.965+0000] {logging_mixin.py:190} INFO - [2026-09-23T07:32:42.965+0000] {dag.py:4180} INFO - Setting next_dagrun for dss150p_sales_pipeline to 2026-09-23 02:00:00+00:00, run_after=2026-09-24 02:00:00+00:00
[2026-09-23T07:32:43.041+0000] {processor.py:208} INFO - Processing /opt/airflow/dags/dss150p_pipeline.py took 0.330 seconds
[2026-09-23T07:33:13.264+0000] {processor.py:186} INFO - Started process (PID=3638) to work on /opt/airflow/dags/dss150p_pipeline.py
[2026-09-23T07:33:13.267+0000] {processor.py:914} INFO - Processing file /opt/airflow/dags/dss150p_pipeline.py for tasks to queue
[2026-09-23T07:33:13.337+0000] {logging_mixin.py:190} INFO - [2026-09-23T07:33:13.336+0000] {dagbag.py:588} INFO - Filling up the DagBag from /opt/airflow/dags/dss150p_pipeline.py
[2026-09-23T07:33:13.441+0000] {processor.py:925} INFO - DAG(s) 'dss150p_sales_pipeline' retrieved from /opt/airflow/dags/dss150p_pipeline.py
[2026-09-23T07:33:13.543+0000] {logging_mixin.py:190} INFO - [2026-09-23T07:33:13.543+0000] {dag.py:3239} INFO - Sync 1 DAGs
[2026-09-23T07:33:13.618+0000] {logging_mixin.py:190} INFO - [2026-09-23T07:33:13.617+0000] {dag.py:4180} INFO - Setting next_dagrun for dss150p_sales_pipeline to 2026-09-23 02:00:00+00:00, run_after=2026-09-24 02:00:00+00:00
[2026-09-23T07:33:13.703+0000] {processor.py:208} INFO - Processing /opt/airflow/dags/dss150p_pipeline.py took 0.470 seconds
[2026-09-23T07:33:44.119+0000] {processor.py:186} INFO - Started process (PID=3643) to work on /opt/airflow/dags/dss150p_pipeline.py
[2026-09-23T07:33:44.125+0000] {processor.py:914} INFO - Processing file /opt/airflow/dags/dss150p_pipeline.py for tasks to queue
[2026-09-23T07:33:44.143+0000] {logging_mixin.py:190} INFO - [2026-09-23T07:33:44.142+0000] {dagbag.py:588} INFO - Filling up the DagBag from /opt/airflow/dags/dss150p_pipeline.py
[2026-09-23T07:33:44.199+0000] {processor.py:925} INFO - DAG(s) 'dss150p_sales_pipeline' retrieved from /opt/airflow/dags/dss150p_pipeline.py
[2026-09-23T07:33:44.284+0000] {logging_mixin.py:190} INFO - [2026-09-23T07:33:44.283+0000] {dag.py:3239} INFO - Sync 1 DAGs
[2026-09-23T07:33:44.346+0000] {logging_mixin.py:190} INFO - [2026-09-23T07:33:44.346+0000] {dag.py:4180} INFO - Setting next_dagrun for dss150p_sales_pipeline to 2026-09-23 02:00:00+00:00, run_after=2026-09-24 02:00:00+00:00
[2026-09-23T07:33:44.378+0000] {processor.py:208} INFO - Processing /opt/airflow/dags/dss150p_pipeline.py took 0.296 seconds
[2026-09-23T07:34:14.683+0000] {processor.py:186} INFO - Started process (PID=3648) to work on /opt/airflow/dags/dss150p_pipeline.py
[2026-09-23T07:34:14.686+0000] {processor.py:914} INFO - Processing file /opt/airflow/dags/dss150p_pipeline.py for tasks to queue
[2026-09-23T07:34:14.693+0000] {logging_mixin.py:190} INFO - [2026-09-23T07:34:14.692+0000] {dagbag.py:588} INFO - Filling up the DagBag from /opt/airflow/dags/dss150p_pipeline.py
[2026-09-23T07:34:14.745+0000] {processor.py:925} INFO - DAG(s) 'dss150p_sales_pipeline' retrieved from /opt/airflow/dags/dss150p_pipeline.py
[2026-09-23T07:34:14.814+0000] {logging_mixin.py:190} INFO - [2026-09-23T07:34:14.814+0000] {dag.py:3239} INFO - Sync 1 DAGs
[2026-09-23T07:34:14.877+0000] {logging_mixin.py:190} INFO - [2026-09-23T07:34:14.876+0000] {dag.py:4180} INFO - Setting next_dagrun for dss150p_sales_pipeline to 2026-09-23 02:00:00+00:00, run_after=2026-09-24 02:00:00+00:00
[2026-09-23T07:34:14.908+0000] {processor.py:208} INFO - Processing /opt/airflow/dags/dss150p_pipeline.py took 0.245 seconds
[2026-09-23T07:34:45.343+0000] {processor.py:186} INFO - Started process (PID=3653) to work on /opt/airflow/dags/dss150p_pipeline.py
[2026-09-23T07:34:45.348+0000] {processor.py:914} INFO - Processing file /opt/airflow/dags/dss150p_pipeline.py for tasks to queue
[2026-09-23T07:34:45.368+0000] {logging_mixin.py:190} INFO - [2026-09-23T07:34:45.360+0000] {dagbag.py:588} INFO - Filling up the DagBag from /opt/airflow/dags/dss150p_pipeline.py
[2026-09-23T07:34:45.583+0000] {processor.py:925} INFO - DAG(s) 'dss150p_sales_pipeline' retrieved from /opt/airflow/dags/dss150p_pipeline.py
[2026-09-23T07:34:45.761+0000] {logging_mixin.py:190} INFO - [2026-09-23T07:34:45.760+0000] {dag.py:3239} INFO - Sync 1 DAGs
[2026-09-23T07:34:45.913+0000] {logging_mixin.py:190} INFO - [2026-09-23T07:34:45.912+0000] {dag.py:4180} INFO - Setting next_dagrun for dss150p_sales_pipeline to 2026-09-23 02:00:00+00:00, run_after=2026-09-24 02:00:00+00:00
[2026-09-23T07:34:45.972+0000] {processor.py:208} INFO - Processing /opt/airflow/dags/dss150p_pipeline.py took 0.663 seconds
[2026-09-23T07:35:16.848+0000] {processor.py:186} INFO - Started process (PID=3658) to work on /opt/airflow/dags/dss150p_pipeline.py
[2026-09-23T07:35:16.858+0000] {processor.py:914} INFO - Processing file /opt/airflow/dags/dss150p_pipeline.py for tasks to queue
[2026-09-23T07:35:16.886+0000] {logging_mixin.py:190} INFO - [2026-09-23T07:35:16.884+0000] {dagbag.py:588} INFO - Filling up the DagBag from /opt/airflow/dags/dss150p_pipeline.py
[2026-09-23T07:35:16.957+0000] {processor.py:925} INFO - DAG(s) 'dss150p_sales_pipeline' retrieved from /opt/airflow/dags/dss150p_pipeline.py
[2026-09-23T07:35:17.087+0000] {logging_mixin.py:190} INFO - [2026-09-23T07:35:17.086+0000] {dag.py:3239} INFO - Sync 1 DAGs
[2026-09-23T07:35:17.158+0000] {logging_mixin.py:190} INFO - [2026-09-23T07:35:17.158+0000] {dag.py:4180} INFO - Setting next_dagrun for dss150p_sales_pipeline to 2026-09-23 02:00:00+00:00, run_after=2026-09-24 02:00:00+00:00
[2026-09-23T07:35:17.202+0000] {processor.py:208} INFO - Processing /opt/airflow/dags/dss150p_pipeline.py took 0.536 seconds
[2026-09-23T07:35:47.955+0000] {processor.py:186} INFO - Started process (PID=3663) to work on /opt/airflow/dags/dss150p_pipeline.py
[2026-09-23T07:35:47.959+0000] {processor.py:914} INFO - Processing file /opt/airflow/dags/dss150p_pipeline.py for tasks to queue
[2026-09-23T07:35:47.981+0000] {logging_mixin.py:190} INFO - [2026-09-23T07:35:47.977+0000] {dagbag.py:588} INFO - Filling up the DagBag from /opt/airflow/dags/dss150p_pipeline.py
[2026-09-23T07:35:48.276+0000] {processor.py:925} INFO - DAG(s) 'dss150p_sales_pipeline' retrieved from /opt/airflow/dags/dss150p_pipeline.py
[2026-09-23T07:35:48.431+0000] {logging_mixin.py:190} INFO - [2026-09-23T07:35:48.430+0000] {dag.py:3239} INFO - Sync 1 DAGs
[2026-09-23T07:35:48.525+0000] {logging_mixin.py:190} INFO - [2026-09-23T07:35:48.524+0000] {dag.py:4180} INFO - Setting next_dagrun for dss150p_sales_pipeline to 2026-09-23 02:00:00+00:00, run_after=2026-09-24 02:00:00+00:00
[2026-09-23T07:35:48.559+0000] {processor.py:208} INFO - Processing /opt/airflow/dags/dss150p_pipeline.py took 0.667 seconds
[2026-09-23T07:36:19.048+0000] {processor.py:186} INFO - Started process (PID=3668) to work on /opt/airflow/dags/dss150p_pipeline.py
[2026-09-23T07:36:19.051+0000] {processor.py:914} INFO - Processing file /opt/airflow/dags/dss150p_pipeline.py for tasks to queue
[2026-09-23T07:36:19.062+0000] {logging_mixin.py:190} INFO - [2026-09-23T07:36:19.061+0000] {dagbag.py:588} INFO - Filling up the DagBag from /opt/airflow/dags/dss150p_pipeline.py
[2026-09-23T07:36:19.158+0000] {processor.py:925} INFO - DAG(s) 'dss150p_sales_pipeline' retrieved from /opt/airflow/dags/dss150p_pipeline.py
[2026-09-23T07:36:19.240+0000] {logging_mixin.py:190} INFO - [2026-09-23T07:36:19.239+0000] {dag.py:3239} INFO - Sync 1 DAGs
[2026-09-23T07:36:19.286+0000] {logging_mixin.py:190} INFO - [2026-09-23T07:36:19.285+0000] {dag.py:4180} INFO - Setting next_dagrun for dss150p_sales_pipeline to 2026-09-23 02:00:00+00:00, run_after=2026-09-24 02:00:00+00:00
[2026-09-23T07:36:19.318+0000] {processor.py:208} INFO - Processing /opt/airflow/dags/dss150p_pipeline.py took 0.306 seconds
[2026-09-23T07:36:49.444+0000] {processor.py:186} INFO - Started process (PID=3673) to work on /opt/airflow/dags/dss150p_pipeline.py
[2026-09-23T07:36:49.448+0000] {processor.py:914} INFO - Processing file /opt/airflow/dags/dss150p_pipeline.py for tasks to queue
[2026-09-23T07:36:49.455+0000] {logging_mixin.py:190} INFO - [2026-09-23T07:36:49.454+0000] {dagbag.py:588} INFO - Filling up the DagBag from /opt/airflow/dags/dss150p_pipeline.py
[2026-09-23T07:36:49.511+0000] {processor.py:925} INFO - DAG(s) 'dss150p_sales_pipeline' retrieved from /opt/airflow/dags/dss150p_pipeline.py
[2026-09-23T07:36:49.593+0000] {logging_mixin.py:190} INFO - [2026-09-23T07:36:49.593+0000] {dag.py:3239} INFO - Sync 1 DAGs
[2026-09-23T07:36:49.636+0000] {logging_mixin.py:190} INFO - [2026-09-23T07:36:49.636+0000] {dag.py:4180} INFO - Setting next_dagrun for dss150p_sales_pipeline to 2026-09-23 02:00:00+00:00, run_after=2026-09-24 02:00:00+00:00
[2026-09-23T07:36:49.661+0000] {processor.py:208} INFO - Processing /opt/airflow/dags/dss150p_pipeline.py took 0.236 seconds
[2026-09-23T07:37:19.902+0000] {processor.py:186} INFO - Started process (PID=3678) to work on /opt/airflow/dags/dss150p_pipeline.py
[2026-09-23T07:37:19.905+0000] {processor.py:914} INFO - Processing file /opt/airflow/dags/dss150p_pipeline.py for tasks to queue
[2026-09-23T07:37:19.912+0000] {logging_mixin.py:190} INFO - [2026-09-23T07:37:19.911+0000] {dagbag.py:588} INFO - Filling up the DagBag from /opt/airflow/dags/dss150p_pipeline.py
[2026-09-23T07:37:19.965+0000] {processor.py:925} INFO - DAG(s) 'dss150p_sales_pipeline' retrieved from /opt/airflow/dags/dss150p_pipeline.py
[2026-09-23T07:37:20.040+0000] {logging_mixin.py:190} INFO - [2026-09-23T07:37:20.039+0000] {dag.py:3239} INFO - Sync 1 DAGs
[2026-09-23T07:37:20.079+0000] {logging_mixin.py:190} INFO - [2026-09-23T07:37:20.079+0000] {dag.py:4180} INFO - Setting next_dagrun for dss150p_sales_pipeline to 2026-09-23 02:00:00+00:00, run_after=2026-09-24 02:00:00+00:00
[2026-09-23T07:37:20.112+0000] {processor.py:208} INFO - Processing /opt/airflow/dags/dss150p_pipeline.py took 0.228 seconds
[2026-09-23T07:37:50.275+0000] {processor.py:186} INFO - Started process (PID=3683) to work on /opt/airflow/dags/dss150p_pipeline.py
[2026-09-23T07:37:50.278+0000] {processor.py:914} INFO - Processing file /opt/airflow/dags/dss150p_pipeline.py for tasks to queue
[2026-09-23T07:37:50.285+0000] {logging_mixin.py:190} INFO - [2026-09-23T07:37:50.284+0000] {dagbag.py:588} INFO - Filling up the DagBag from /opt/airflow/dags/dss150p_pipeline.py
[2026-09-23T07:37:50.321+0000] {processor.py:925} INFO - DAG(s) 'dss150p_sales_pipeline' retrieved from /opt/airflow/dags/dss150p_pipeline.py
[2026-09-23T07:37:50.389+0000] {logging_mixin.py:190} INFO - [2026-09-23T07:37:50.389+0000] {dag.py:3239} INFO - Sync 1 DAGs
[2026-09-23T07:37:50.428+0000] {logging_mixin.py:190} INFO - [2026-09-23T07:37:50.428+0000] {dag.py:4180} INFO - Setting next_dagrun for dss150p_sales_pipeline to 2026-09-23 02:00:00+00:00, run_after=2026-09-24 02:00:00+00:00
[2026-09-23T07:37:50.467+0000] {processor.py:208} INFO - Processing /opt/airflow/dags/dss150p_pipeline.py took 0.204 seconds
[2026-09-23T07:38:20.599+0000] {processor.py:186} INFO - Started process (PID=3688) to work on /opt/airflow/dags/dss150p_pipeline.py
[2026-09-23T07:38:20.603+0000] {processor.py:914} INFO - Processing file /opt/airflow/dags/dss150p_pipeline.py for tasks to queue
[2026-09-23T07:38:20.611+0000] {logging_mixin.py:190} INFO - [2026-09-23T07:38:20.610+0000] {dagbag.py:588} INFO - Filling up the DagBag from /opt/airflow/dags/dss150p_pipeline.py
[2026-09-23T07:38:20.654+0000] {processor.py:925} INFO - DAG(s) 'dss150p_sales_pipeline' retrieved from /opt/airflow/dags/dss150p_pipeline.py
[2026-09-23T07:38:20.724+0000] {logging_mixin.py:190} INFO - [2026-09-23T07:38:20.723+0000] {dag.py:3239} INFO - Sync 1 DAGs
[2026-09-23T07:38:20.780+0000] {logging_mixin.py:190} INFO - [2026-09-23T07:38:20.779+0000] {dag.py:4180} INFO - Setting next_dagrun for dss150p_sales_pipeline to 2026-09-23 02:00:00+00:00, run_after=2026-09-24 02:00:00+00:00
[2026-09-23T07:38:20.815+0000] {processor.py:208} INFO - Processing /opt/airflow/dags/dss150p_pipeline.py took 0.236 seconds
[2026-09-23T07:38:50.965+0000] {processor.py:186} INFO - Started process (PID=3693) to work on /opt/airflow/dags/dss150p_pipeline.py
[2026-09-23T07:38:50.976+0000] {processor.py:914} INFO - Processing file /opt/airflow/dags/dss150p_pipeline.py for tasks to queue
[2026-09-23T07:38:50.984+0000] {logging_mixin.py:190} INFO - [2026-09-23T07:38:50.983+0000] {dagbag.py:588} INFO - Filling up the DagBag from /opt/airflow/dags/dss150p_pipeline.py
[2026-09-23T07:38:51.036+0000] {processor.py:925} INFO - DAG(s) 'dss150p_sales_pipeline' retrieved from /opt/airflow/dags/dss150p_pipeline.py
[2026-09-23T07:38:51.104+0000] {logging_mixin.py:190} INFO - [2026-09-23T07:38:51.103+0000] {dag.py:3239} INFO - Sync 1 DAGs
[2026-09-23T07:38:51.153+0000] {logging_mixin.py:190} INFO - [2026-09-23T07:38:51.153+0000] {dag.py:4180} INFO - Setting next_dagrun for dss150p_sales_pipeline to 2026-09-23 02:00:00+00:00, run_after=2026-09-24 02:00:00+00:00
[2026-09-23T07:38:51.182+0000] {processor.py:208} INFO - Processing /opt/airflow/dags/dss150p_pipeline.py took 0.246 seconds
[2026-09-23T07:39:21.404+0000] {processor.py:186} INFO - Started process (PID=3698) to work on /opt/airflow/dags/dss150p_pipeline.py
[2026-09-23T07:39:21.408+0000] {processor.py:914} INFO - Processing file /opt/airflow/dags/dss150p_pipeline.py for tasks to queue
[2026-09-23T07:39:21.418+0000] {logging_mixin.py:190} INFO - [2026-09-23T07:39:21.417+0000] {dagbag.py:588} INFO - Filling up the DagBag from /opt/airflow/dags/dss150p_pipeline.py
[2026-09-23T07:39:21.471+0000] {processor.py:925} INFO - DAG(s) 'dss150p_sales_pipeline' retrieved from /opt/airflow/dags/dss150p_pipeline.py
[2026-09-23T07:39:21.554+0000] {logging_mixin.py:190} INFO - [2026-09-23T07:39:21.553+0000] {dag.py:3239} INFO - Sync 1 DAGs
[2026-09-23T07:39:21.590+0000] {logging_mixin.py:190} INFO - [2026-09-23T07:39:21.590+0000] {dag.py:4180} INFO - Setting next_dagrun for dss150p_sales_pipeline to 2026-09-23 02:00:00+00:00, run_after=2026-09-24 02:00:00+00:00
[2026-09-23T07:39:21.613+0000] {processor.py:208} INFO - Processing /opt/airflow/dags/dss150p_pipeline.py took 0.245 seconds
[2026-09-23T07:39:51.906+0000] {processor.py:186} INFO - Started process (PID=3703) to work on /opt/airflow/dags/dss150p_pipeline.py
[2026-09-23T07:39:51.912+0000] {processor.py:914} INFO - Processing file /opt/airflow/dags/dss150p_pipeline.py for tasks to queue
[2026-09-23T07:39:51.921+0000] {logging_mixin.py:190} INFO - [2026-09-23T07:39:51.920+0000] {dagbag.py:588} INFO - Filling up the DagBag from /opt/airflow/dags/dss150p_pipeline.py
[2026-09-23T07:39:51.973+0000] {processor.py:925} INFO - DAG(s) 'dss150p_sales_pipeline' retrieved from /opt/airflow/dags/dss150p_pipeline.py
[2026-09-23T07:39:52.051+0000] {logging_mixin.py:190} INFO - [2026-09-23T07:39:52.051+0000] {dag.py:3239} INFO - Sync 1 DAGs
[2026-09-23T07:39:52.106+0000] {logging_mixin.py:190} INFO - [2026-09-23T07:39:52.106+0000] {dag.py:4180} INFO - Setting next_dagrun for dss150p_sales_pipeline to 2026-09-23 02:00:00+00:00, run_after=2026-09-24 02:00:00+00:00
[2026-09-23T07:39:52.125+0000] {processor.py:208} INFO - Processing /opt/airflow/dags/dss150p_pipeline.py took 0.246 seconds
[2026-09-23T07:40:22.571+0000] {processor.py:186} INFO - Started process (PID=3708) to work on /opt/airflow/dags/dss150p_pipeline.py
[2026-09-23T07:40:22.575+0000] {processor.py:914} INFO - Processing file /opt/airflow/dags/dss150p_pipeline.py for tasks to queue
[2026-09-23T07:40:22.583+0000] {logging_mixin.py:190} INFO - [2026-09-23T07:40:22.582+0000] {dagbag.py:588} INFO - Filling up the DagBag from /opt/airflow/dags/dss150p_pipeline.py
[2026-09-23T07:40:22.627+0000] {processor.py:925} INFO - DAG(s) 'dss150p_sales_pipeline' retrieved from /opt/airflow/dags/dss150p_pipeline.py
[2026-09-23T07:40:22.735+0000] {logging_mixin.py:190} INFO - [2026-09-23T07:40:22.735+0000] {dag.py:3239} INFO - Sync 1 DAGs
[2026-09-23T07:40:22.814+0000] {logging_mixin.py:190} INFO - [2026-09-23T07:40:22.813+0000] {dag.py:4180} INFO - Setting next_dagrun for dss150p_sales_pipeline to 2026-09-23 02:00:00+00:00, run_after=2026-09-24 02:00:00+00:00
[2026-09-23T07:40:22.843+0000] {processor.py:208} INFO - Processing /opt/airflow/dags/dss150p_pipeline.py took 0.312 seconds
[2026-09-23T07:40:53.282+0000] {processor.py:186} INFO - Started process (PID=3713) to work on /opt/airflow/dags/dss150p_pipeline.py
[2026-09-23T07:40:53.284+0000] {processor.py:914} INFO - Processing file /opt/airflow/dags/dss150p_pipeline.py for tasks to queue
[2026-09-23T07:40:53.297+0000] {logging_mixin.py:190} INFO - [2026-09-23T07:40:53.296+0000] {dagbag.py:588} INFO - Filling up the DagBag from /opt/airflow/dags/dss150p_pipeline.py
[2026-09-23T07:40:53.360+0000] {processor.py:925} INFO - DAG(s) 'dss150p_sales_pipeline' retrieved from /opt/airflow/dags/dss150p_pipeline.py
[2026-09-23T07:40:53.437+0000] {logging_mixin.py:190} INFO - [2026-09-23T07:40:53.436+0000] {dag.py:3239} INFO - Sync 1 DAGs
[2026-09-23T07:40:53.506+0000] {logging_mixin.py:190} INFO - [2026-09-23T07:40:53.506+0000] {dag.py:4180} INFO - Setting next_dagrun for dss150p_sales_pipeline to 2026-09-23 02:00:00+00:00, run_after=2026-09-24 02:00:00+00:00
[2026-09-23T07:40:53.534+0000] {processor.py:208} INFO - Processing /opt/airflow/dags/dss150p_pipeline.py took 0.288 seconds
[2026-09-23T07:41:23.795+0000] {processor.py:186} INFO - Started process (PID=3718) to work on /opt/airflow/dags/dss150p_pipeline.py
[2026-09-23T07:41:23.798+0000] {processor.py:914} INFO - Processing file /opt/airflow/dags/dss150p_pipeline.py for tasks to queue
[2026-09-23T07:41:23.806+0000] {logging_mixin.py:190} INFO - [2026-09-23T07:41:23.805+0000] {dagbag.py:588} INFO - Filling up the DagBag from /opt/airflow/dags/dss150p_pipeline.py
[2026-09-23T07:41:23.848+0000] {processor.py:925} INFO - DAG(s) 'dss150p_sales_pipeline' retrieved from /opt/airflow/dags/dss150p_pipeline.py
[2026-09-23T07:41:23.926+0000] {logging_mixin.py:190} INFO - [2026-09-23T07:41:23.926+0000] {dag.py:3239} INFO - Sync 1 DAGs
[2026-09-23T07:41:23.979+0000] {logging_mixin.py:190} INFO - [2026-09-23T07:41:23.979+0000] {dag.py:4180} INFO - Setting next_dagrun for dss150p_sales_pipeline to 2026-09-23 02:00:00+00:00, run_after=2026-09-24 02:00:00+00:00
[2026-09-23T07:41:24.001+0000] {processor.py:208} INFO - Processing /opt/airflow/dags/dss150p_pipeline.py took 0.226 seconds
[2026-09-23T07:41:54.265+0000] {processor.py:186} INFO - Started process (PID=3723) to work on /opt/airflow/dags/dss150p_pipeline.py
[2026-09-23T07:41:54.268+0000] {processor.py:914} INFO - Processing file /opt/airflow/dags/dss150p_pipeline.py for tasks to queue
[2026-09-23T07:41:54.275+0000] {logging_mixin.py:190} INFO - [2026-09-23T07:41:54.274+0000] {dagbag.py:588} INFO - Filling up the DagBag from /opt/airflow/dags/dss150p_pipeline.py
[2026-09-23T07:41:54.321+0000] {processor.py:925} INFO - DAG(s) 'dss150p_sales_pipeline' retrieved from /opt/airflow/dags/dss150p_pipeline.py
[2026-09-23T07:41:54.393+0000] {logging_mixin.py:190} INFO - [2026-09-23T07:41:54.392+0000] {dag.py:3239} INFO - Sync 1 DAGs
[2026-09-23T07:41:54.450+0000] {logging_mixin.py:190} INFO - [2026-09-23T07:41:54.450+0000] {dag.py:4180} INFO - Setting next_dagrun for dss150p_sales_pipeline to 2026-09-23 02:00:00+00:00, run_after=2026-09-24 02:00:00+00:00
[2026-09-23T07:41:54.476+0000] {processor.py:208} INFO - Processing /opt/airflow/dags/dss150p_pipeline.py took 0.252 seconds
[2026-09-23T07:42:24.741+0000] {processor.py:186} INFO - Started process (PID=3728) to work on /opt/airflow/dags/dss150p_pipeline.py
[2026-09-23T07:42:24.744+0000] {processor.py:914} INFO - Processing file /opt/airflow/dags/dss150p_pipeline.py for tasks to queue
[2026-09-23T07:42:24.753+0000] {logging_mixin.py:190} INFO - [2026-09-23T07:42:24.752+0000] {dagbag.py:588} INFO - Filling up the DagBag from /opt/airflow/dags/dss150p_pipeline.py
[2026-09-23T07:42:24.804+0000] {processor.py:925} INFO - DAG(s) 'dss150p_sales_pipeline' retrieved from /opt/airflow/dags/dss150p_pipeline.py
[2026-09-23T07:42:24.858+0000] {logging_mixin.py:190} INFO - [2026-09-23T07:42:24.857+0000] {dag.py:3239} INFO - Sync 1 DAGs
[2026-09-23T07:42:24.895+0000] {logging_mixin.py:190} INFO - [2026-09-23T07:42:24.895+0000] {dag.py:4180} INFO - Setting next_dagrun for dss150p_sales_pipeline to 2026-09-23 02:00:00+00:00, run_after=2026-09-24 02:00:00+00:00
[2026-09-23T07:42:24.917+0000] {processor.py:208} INFO - Processing /opt/airflow/dags/dss150p_pipeline.py took 0.204 seconds
[2026-09-23T07:42:55.181+0000] {processor.py:186} INFO - Started process (PID=3733) to work on /opt/airflow/dags/dss150p_pipeline.py
[2026-09-23T07:42:55.185+0000] {processor.py:914} INFO - Processing file /opt/airflow/dags/dss150p_pipeline.py for tasks to queue
[2026-09-23T07:42:55.198+0000] {logging_mixin.py:190} INFO - [2026-09-23T07:42:55.197+0000] {dagbag.py:588} INFO - Filling up the DagBag from /opt/airflow/dags/dss150p_pipeline.py
[2026-09-23T07:42:55.257+0000] {processor.py:925} INFO - DAG(s) 'dss150p_sales_pipeline' retrieved from /opt/airflow/dags/dss150p_pipeline.py
[2026-09-23T07:42:55.360+0000] {logging_mixin.py:190} INFO - [2026-09-23T07:42:55.360+0000] {dag.py:3239} INFO - Sync 1 DAGs
[2026-09-23T07:42:55.418+0000] {logging_mixin.py:190} INFO - [2026-09-23T07:42:55.417+0000] {dag.py:4180} INFO - Setting next_dagrun for dss150p_sales_pipeline to 2026-09-23 02:00:00+00:00, run_after=2026-09-24 02:00:00+00:00
[2026-09-23T07:42:55.452+0000] {processor.py:208} INFO - Processing /opt/airflow/dags/dss150p_pipeline.py took 0.289 seconds
[2026-09-23T07:43:25.773+0000] {processor.py:186} INFO - Started process (PID=3738) to work on /opt/airflow/dags/dss150p_pipeline.py
[2026-09-23T07:43:25.778+0000] {processor.py:914} INFO - Processing file /opt/airflow/dags/dss150p_pipeline.py for tasks to queue
[2026-09-23T07:43:25.784+0000] {logging_mixin.py:190} INFO - [2026-09-23T07:43:25.784+0000] {dagbag.py:588} INFO - Filling up the DagBag from /opt/airflow/dags/dss150p_pipeline.py
[2026-09-23T07:43:25.822+0000] {processor.py:925} INFO - DAG(s) 'dss150p_sales_pipeline' retrieved from /opt/airflow/dags/dss150p_pipeline.py
[2026-09-23T07:43:25.883+0000] {logging_mixin.py:190} INFO - [2026-09-23T07:43:25.883+0000] {dag.py:3239} INFO - Sync 1 DAGs
[2026-09-23T07:43:25.920+0000] {logging_mixin.py:190} INFO - [2026-09-23T07:43:25.920+0000] {dag.py:4180} INFO - Setting next_dagrun for dss150p_sales_pipeline to 2026-09-23 02:00:00+00:00, run_after=2026-09-24 02:00:00+00:00
[2026-09-23T07:43:25.940+0000] {processor.py:208} INFO - Processing /opt/airflow/dags/dss150p_pipeline.py took 0.180 seconds
[2026-09-23T07:43:56.038+0000] {processor.py:186} INFO - Started process (PID=3743) to work on /opt/airflow/dags/dss150p_pipeline.py
[2026-09-23T07:43:56.041+0000] {processor.py:914} INFO - Processing file /opt/airflow/dags/dss150p_pipeline.py for tasks to queue
[2026-09-23T07:43:56.047+0000] {logging_mixin.py:190} INFO - [2026-09-23T07:43:56.046+0000] {dagbag.py:588} INFO - Filling up the DagBag from /opt/airflow/dags/dss150p_pipeline.py
[2026-09-23T07:43:56.076+0000] {processor.py:925} INFO - DAG(s) 'dss150p_sales_pipeline' retrieved from /opt/airflow/dags/dss150p_pipeline.py
[2026-09-23T07:43:56.122+0000] {logging_mixin.py:190} INFO - [2026-09-23T07:43:56.122+0000] {dag.py:3239} INFO - Sync 1 DAGs
[2026-09-23T07:43:56.155+0000] {logging_mixin.py:190} INFO - [2026-09-23T07:43:56.155+0000] {dag.py:4180} INFO - Setting next_dagrun for dss150p_sales_pipeline to 2026-09-23 02:00:00+00:00, run_after=2026-09-24 02:00:00+00:00
[2026-09-23T07:43:56.177+0000] {processor.py:208} INFO - Processing /opt/airflow/dags/dss150p_pipeline.py took 0.156 seconds
[2026-09-23T07:44:26.430+0000] {processor.py:186} INFO - Started process (PID=3748) to work on /opt/airflow/dags/dss150p_pipeline.py
[2026-09-23T07:44:26.432+0000] {processor.py:914} INFO - Processing file /opt/airflow/dags/dss150p_pipeline.py for tasks to queue
[2026-09-23T07:44:26.436+0000] {logging_mixin.py:190} INFO - [2026-09-23T07:44:26.436+0000] {dagbag.py:588} INFO - Filling up the DagBag from /opt/airflow/dags/dss150p_pipeline.py
[2026-09-23T07:44:26.470+0000] {processor.py:925} INFO - DAG(s) 'dss150p_sales_pipeline' retrieved from /opt/airflow/dags/dss150p_pipeline.py
[2026-09-23T07:44:26.547+0000] {logging_mixin.py:190} INFO - [2026-09-23T07:44:26.547+0000] {dag.py:3239} INFO - Sync 1 DAGs
[2026-09-23T07:44:26.602+0000] {logging_mixin.py:190} INFO - [2026-09-23T07:44:26.602+0000] {dag.py:4180} INFO - Setting next_dagrun for dss150p_sales_pipeline to 2026-09-23 02:00:00+00:00, run_after=2026-09-24 02:00:00+00:00
[2026-09-23T07:44:26.622+0000] {processor.py:208} INFO - Processing /opt/airflow/dags/dss150p_pipeline.py took 0.205 seconds
[2026-09-23T07:44:56.681+0000] {processor.py:186} INFO - Started process (PID=3753) to work on /opt/airflow/dags/dss150p_pipeline.py
[2026-09-23T07:44:56.684+0000] {processor.py:914} INFO - Processing file /opt/airflow/dags/dss150p_pipeline.py for tasks to queue
[2026-09-23T07:44:56.689+0000] {logging_mixin.py:190} INFO - [2026-09-23T07:44:56.689+0000] {dagbag.py:588} INFO - Filling up the DagBag from /opt/airflow/dags/dss150p_pipeline.py
[2026-09-23T07:44:56.717+0000] {processor.py:925} INFO - DAG(s) 'dss150p_sales_pipeline' retrieved from /opt/airflow/dags/dss150p_pipeline.py
[2026-09-23T07:44:56.764+0000] {logging_mixin.py:190} INFO - [2026-09-23T07:44:56.764+0000] {dag.py:3239} INFO - Sync 1 DAGs
[2026-09-23T07:44:56.794+0000] {logging_mixin.py:190} INFO - [2026-09-23T07:44:56.793+0000] {dag.py:4180} INFO - Setting next_dagrun for dss150p_sales_pipeline to 2026-09-23 02:00:00+00:00, run_after=2026-09-24 02:00:00+00:00
[2026-09-23T07:44:56.809+0000] {processor.py:208} INFO - Processing /opt/airflow/dags/dss150p_pipeline.py took 0.143 seconds
[2026-09-23T07:45:26.986+0000] {processor.py:186} INFO - Started process (PID=3758) to work on /opt/airflow/dags/dss150p_pipeline.py
[2026-09-23T07:45:26.987+0000] {processor.py:914} INFO - Processing file /opt/airflow/dags/dss150p_pipeline.py for tasks to queue
[2026-09-23T07:45:26.991+0000] {logging_mixin.py:190} INFO - [2026-09-23T07:45:26.991+0000] {dagbag.py:588} INFO - Filling up the DagBag from /opt/airflow/dags/dss150p_pipeline.py
[2026-09-23T07:45:27.043+0000] {processor.py:925} INFO - DAG(s) 'dss150p_sales_pipeline' retrieved from /opt/airflow/dags/dss150p_pipeline.py
[2026-09-23T07:45:27.106+0000] {logging_mixin.py:190} INFO - [2026-09-23T07:45:27.106+0000] {dag.py:3239} INFO - Sync 1 DAGs
[2026-09-23T07:45:27.164+0000] {logging_mixin.py:190} INFO - [2026-09-23T07:45:27.164+0000] {dag.py:4180} INFO - Setting next_dagrun for dss150p_sales_pipeline to 2026-09-23 02:00:00+00:00, run_after=2026-09-24 02:00:00+00:00
[2026-09-23T07:45:27.184+0000] {processor.py:208} INFO - Processing /opt/airflow/dags/dss150p_pipeline.py took 0.214 seconds
[2026-09-23T07:45:57.393+0000] {processor.py:186} INFO - Started process (PID=3763) to work on /opt/airflow/dags/dss150p_pipeline.py
[2026-09-23T07:45:57.396+0000] {processor.py:914} INFO - Processing file /opt/airflow/dags/dss150p_pipeline.py for tasks to queue
[2026-09-23T07:45:57.401+0000] {logging_mixin.py:190} INFO - [2026-09-23T07:45:57.400+0000] {dagbag.py:588} INFO - Filling up the DagBag from /opt/airflow/dags/dss150p_pipeline.py
[2026-09-23T07:45:57.429+0000] {processor.py:925} INFO - DAG(s) 'dss150p_sales_pipeline' retrieved from /opt/airflow/dags/dss150p_pipeline.py
[2026-09-23T07:45:57.473+0000] {logging_mixin.py:190} INFO - [2026-09-23T07:45:57.473+0000] {dag.py:3239} INFO - Sync 1 DAGs
[2026-09-23T07:45:57.500+0000] {logging_mixin.py:190} INFO - [2026-09-23T07:45:57.500+0000] {dag.py:4180} INFO - Setting next_dagrun for dss150p_sales_pipeline to 2026-09-23 02:00:00+00:00, run_after=2026-09-24 02:00:00+00:00
[2026-09-23T07:45:57.517+0000] {processor.py:208} INFO - Processing /opt/airflow/dags/dss150p_pipeline.py took 0.136 seconds
[2026-09-23T07:46:27.620+0000] {processor.py:186} INFO - Started process (PID=3768) to work on /opt/airflow/dags/dss150p_pipeline.py
[2026-09-23T07:46:27.623+0000] {processor.py:914} INFO - Processing file /opt/airflow/dags/dss150p_pipeline.py for tasks to queue
[2026-09-23T07:46:27.626+0000] {logging_mixin.py:190} INFO - [2026-09-23T07:46:27.626+0000] {dagbag.py:588} INFO - Filling up the DagBag from /opt/airflow/dags/dss150p_pipeline.py
[2026-09-23T07:46:27.638+0000] {processor.py:925} INFO - DAG(s) 'dss150p_sales_pipeline' retrieved from /opt/airflow/dags/dss150p_pipeline.py
[2026-09-23T07:46:27.666+0000] {logging_mixin.py:190} INFO - [2026-09-23T07:46:27.666+0000] {dag.py:3239} INFO - Sync 1 DAGs
[2026-09-23T07:46:27.682+0000] {logging_mixin.py:190} INFO - [2026-09-23T07:46:27.682+0000] {dag.py:4180} INFO - Setting next_dagrun for dss150p_sales_pipeline to 2026-09-23 02:00:00+00:00, run_after=2026-09-24 02:00:00+00:00
[2026-09-23T07:46:27.694+0000] {processor.py:208} INFO - Processing /opt/airflow/dags/dss150p_pipeline.py took 0.081 seconds
[2026-09-23T07:46:57.867+0000] {processor.py:186} INFO - Started process (PID=3773) to work on /opt/airflow/dags/dss150p_pipeline.py
[2026-09-23T07:46:57.869+0000] {processor.py:914} INFO - Processing file /opt/airflow/dags/dss150p_pipeline.py for tasks to queue
[2026-09-23T07:46:57.873+0000] {logging_mixin.py:190} INFO - [2026-09-23T07:46:57.873+0000] {dagbag.py:588} INFO - Filling up the DagBag from /opt/airflow/dags/dss150p_pipeline.py
[2026-09-23T07:46:57.904+0000] {processor.py:925} INFO - DAG(s) 'dss150p_sales_pipeline' retrieved from /opt/airflow/dags/dss150p_pipeline.py
[2026-09-23T07:46:57.958+0000] {logging_mixin.py:190} INFO - [2026-09-23T07:46:57.957+0000] {dag.py:3239} INFO - Sync 1 DAGs
[2026-09-23T07:46:57.992+0000] {logging_mixin.py:190} INFO - [2026-09-23T07:46:57.992+0000] {dag.py:4180} INFO - Setting next_dagrun for dss150p_sales_pipeline to 2026-09-23 02:00:00+00:00, run_after=2026-09-24 02:00:00+00:00
[2026-09-23T07:46:58.012+0000] {processor.py:208} INFO - Processing /opt/airflow/dags/dss150p_pipeline.py took 0.161 seconds
[2026-09-23T07:47:28.242+0000] {processor.py:186} INFO - Started process (PID=3778) to work on /opt/airflow/dags/dss150p_pipeline.py
[2026-09-23T07:47:28.245+0000] {processor.py:914} INFO - Processing file /opt/airflow/dags/dss150p_pipeline.py for tasks to queue
[2026-09-23T07:47:28.252+0000] {logging_mixin.py:190} INFO - [2026-09-23T07:47:28.251+0000] {dagbag.py:588} INFO - Filling up the DagBag from /opt/airflow/dags/dss150p_pipeline.py
[2026-09-23T07:47:28.292+0000] {processor.py:925} INFO - DAG(s) 'dss150p_sales_pipeline' retrieved from /opt/airflow/dags/dss150p_pipeline.py
[2026-09-23T07:47:28.357+0000] {logging_mixin.py:190} INFO - [2026-09-23T07:47:28.356+0000] {dag.py:3239} INFO - Sync 1 DAGs
[2026-09-23T07:47:28.391+0000] {logging_mixin.py:190} INFO - [2026-09-23T07:47:28.391+0000] {dag.py:4180} INFO - Setting next_dagrun for dss150p_sales_pipeline to 2026-09-23 02:00:00+00:00, run_after=2026-09-24 02:00:00+00:00
[2026-09-23T07:47:28.417+0000] {processor.py:208} INFO - Processing /opt/airflow/dags/dss150p_pipeline.py took 0.186 seconds
[2026-09-23T07:47:58.470+0000] {processor.py:186} INFO - Started process (PID=3783) to work on /opt/airflow/dags/dss150p_pipeline.py
[2026-09-23T07:47:58.471+0000] {processor.py:914} INFO - Processing file /opt/airflow/dags/dss150p_pipeline.py for tasks to queue
[2026-09-23T07:47:58.473+0000] {logging_mixin.py:190} INFO - [2026-09-23T07:47:58.473+0000] {dagbag.py:588} INFO - Filling up the DagBag from /opt/airflow/dags/dss150p_pipeline.py
[2026-09-23T07:47:58.491+0000] {processor.py:925} INFO - DAG(s) 'dss150p_sales_pipeline' retrieved from /opt/airflow/dags/dss150p_pipeline.py
[2026-09-23T07:47:58.522+0000] {logging_mixin.py:190} INFO - [2026-09-23T07:47:58.521+0000] {dag.py:3239} INFO - Sync 1 DAGs
[2026-09-23T07:47:58.543+0000] {logging_mixin.py:190} INFO - [2026-09-23T07:47:58.543+0000] {dag.py:4180} INFO - Setting next_dagrun for dss150p_sales_pipeline to 2026-09-23 02:00:00+00:00, run_after=2026-09-24 02:00:00+00:00
[2026-09-23T07:47:58.558+0000] {processor.py:208} INFO - Processing /opt/airflow/dags/dss150p_pipeline.py took 0.100 seconds
[2026-09-23T07:48:28.707+0000] {processor.py:186} INFO - Started process (PID=3788) to work on /opt/airflow/dags/dss150p_pipeline.py
[2026-09-23T07:48:28.711+0000] {processor.py:914} INFO - Processing file /opt/airflow/dags/dss150p_pipeline.py for tasks to queue
[2026-09-23T07:48:28.728+0000] {logging_mixin.py:190} INFO - [2026-09-23T07:48:28.726+0000] {dagbag.py:588} INFO - Filling up the DagBag from /opt/airflow/dags/dss150p_pipeline.py
[2026-09-23T07:48:28.808+0000] {processor.py:925} INFO - DAG(s) 'dss150p_sales_pipeline' retrieved from /opt/airflow/dags/dss150p_pipeline.py
[2026-09-23T07:48:28.889+0000] {logging_mixin.py:190} INFO - [2026-09-23T07:48:28.889+0000] {dag.py:3239} INFO - Sync 1 DAGs
[2026-09-23T07:48:28.929+0000] {logging_mixin.py:190} INFO - [2026-09-23T07:48:28.929+0000] {dag.py:4180} INFO - Setting next_dagrun for dss150p_sales_pipeline to 2026-09-23 02:00:00+00:00, run_after=2026-09-24 02:00:00+00:00
[2026-09-23T07:48:28.960+0000] {processor.py:208} INFO - Processing /opt/airflow/dags/dss150p_pipeline.py took 0.284 seconds
[2026-09-23T07:48:59.262+0000] {processor.py:186} INFO - Started process (PID=3793) to work on /opt/airflow/dags/dss150p_pipeline.py
[2026-09-23T07:48:59.267+0000] {processor.py:914} INFO - Processing file /opt/airflow/dags/dss150p_pipeline.py for tasks to queue
[2026-09-23T07:48:59.275+0000] {logging_mixin.py:190} INFO - [2026-09-23T07:48:59.274+0000] {dagbag.py:588} INFO - Filling up the DagBag from /opt/airflow/dags/dss150p_pipeline.py
[2026-09-23T07:48:59.316+0000] {processor.py:925} INFO - DAG(s) 'dss150p_sales_pipeline' retrieved from /opt/airflow/dags/dss150p_pipeline.py
[2026-09-23T07:48:59.395+0000] {logging_mixin.py:190} INFO - [2026-09-23T07:48:59.395+0000] {dag.py:3239} INFO - Sync 1 DAGs
[2026-09-23T07:48:59.447+0000] {logging_mixin.py:190} INFO - [2026-09-23T07:48:59.446+0000] {dag.py:4180} INFO - Setting next_dagrun for dss150p_sales_pipeline to 2026-09-23 02:00:00+00:00, run_after=2026-09-24 02:00:00+00:00
[2026-09-23T07:48:59.476+0000] {processor.py:208} INFO - Processing /opt/airflow/dags/dss150p_pipeline.py took 0.246 seconds
[2026-09-23T07:49:29.695+0000] {processor.py:186} INFO - Started process (PID=3798) to work on /opt/airflow/dags/dss150p_pipeline.py
[2026-09-23T07:49:29.697+0000] {processor.py:914} INFO - Processing file /opt/airflow/dags/dss150p_pipeline.py for tasks to queue
[2026-09-23T07:49:29.701+0000] {logging_mixin.py:190} INFO - [2026-09-23T07:49:29.701+0000] {dagbag.py:588} INFO - Filling up the DagBag from /opt/airflow/dags/dss150p_pipeline.py
[2026-09-23T07:49:29.728+0000] {processor.py:925} INFO - DAG(s) 'dss150p_sales_pipeline' retrieved from /opt/airflow/dags/dss150p_pipeline.py
[2026-09-23T07:49:29.769+0000] {logging_mixin.py:190} INFO - [2026-09-23T07:49:29.768+0000] {dag.py:3239} INFO - Sync 1 DAGs
[2026-09-23T07:49:29.800+0000] {logging_mixin.py:190} INFO - [2026-09-23T07:49:29.800+0000] {dag.py:4180} INFO - Setting next_dagrun for dss150p_sales_pipeline to 2026-09-23 02:00:00+00:00, run_after=2026-09-24 02:00:00+00:00
[2026-09-23T07:49:29.818+0000] {processor.py:208} INFO - Processing /opt/airflow/dags/dss150p_pipeline.py took 0.138 seconds
[2026-09-23T07:49:59.916+0000] {processor.py:186} INFO - Started process (PID=3803) to work on /opt/airflow/dags/dss150p_pipeline.py
[2026-09-23T07:49:59.917+0000] {processor.py:914} INFO - Processing file /opt/airflow/dags/dss150p_pipeline.py for tasks to queue
[2026-09-23T07:49:59.926+0000] {logging_mixin.py:190} INFO - [2026-09-23T07:49:59.925+0000] {dagbag.py:588} INFO - Filling up the DagBag from /opt/airflow/dags/dss150p_pipeline.py
[2026-09-23T07:49:59.966+0000] {processor.py:925} INFO - DAG(s) 'dss150p_sales_pipeline' retrieved from /opt/airflow/dags/dss150p_pipeline.py
[2026-09-23T07:50:00.029+0000] {logging_mixin.py:190} INFO - [2026-09-23T07:50:00.029+0000] {dag.py:3239} INFO - Sync 1 DAGs
[2026-09-23T07:50:00.076+0000] {logging_mixin.py:190} INFO - [2026-09-23T07:50:00.076+0000] {dag.py:4180} INFO - Setting next_dagrun for dss150p_sales_pipeline to 2026-09-23 02:00:00+00:00, run_after=2026-09-24 02:00:00+00:00
[2026-09-23T07:50:00.105+0000] {processor.py:208} INFO - Processing /opt/airflow/dags/dss150p_pipeline.py took 0.203 seconds
[2026-09-23T07:50:30.342+0000] {processor.py:186} INFO - Started process (PID=3808) to work on /opt/airflow/dags/dss150p_pipeline.py
[2026-09-23T07:50:30.346+0000] {processor.py:914} INFO - Processing file /opt/airflow/dags/dss150p_pipeline.py for tasks to queue
[2026-09-23T07:50:30.355+0000] {logging_mixin.py:190} INFO - [2026-09-23T07:50:30.355+0000] {dagbag.py:588} INFO - Filling up the DagBag from /opt/airflow/dags/dss150p_pipeline.py
[2026-09-23T07:50:30.410+0000] {processor.py:925} INFO - DAG(s) 'dss150p_sales_pipeline' retrieved from /opt/airflow/dags/dss150p_pipeline.py
[2026-09-23T07:50:30.532+0000] {logging_mixin.py:190} INFO - [2026-09-23T07:50:30.532+0000] {dag.py:3239} INFO - Sync 1 DAGs
[2026-09-23T07:50:30.595+0000] {logging_mixin.py:190} INFO - [2026-09-23T07:50:30.595+0000] {dag.py:4180} INFO - Setting next_dagrun for dss150p_sales_pipeline to 2026-09-23 02:00:00+00:00, run_after=2026-09-24 02:00:00+00:00
[2026-09-23T07:50:30.622+0000] {processor.py:208} INFO - Processing /opt/airflow/dags/dss150p_pipeline.py took 0.306 seconds
[2026-09-23T07:51:00.832+0000] {processor.py:186} INFO - Started process (PID=3813) to work on /opt/airflow/dags/dss150p_pipeline.py
[2026-09-23T07:51:00.833+0000] {processor.py:914} INFO - Processing file /opt/airflow/dags/dss150p_pipeline.py for tasks to queue
[2026-09-23T07:51:00.837+0000] {logging_mixin.py:190} INFO - [2026-09-23T07:51:00.836+0000] {dagbag.py:588} INFO - Filling up the DagBag from /opt/airflow/dags/dss150p_pipeline.py
[2026-09-23T07:51:00.856+0000] {processor.py:925} INFO - DAG(s) 'dss150p_sales_pipeline' retrieved from /opt/airflow/dags/dss150p_pipeline.py
[2026-09-23T07:51:00.900+0000] {logging_mixin.py:190} INFO - [2026-09-23T07:51:00.899+0000] {dag.py:3239} INFO - Sync 1 DAGs
[2026-09-23T07:51:00.928+0000] {logging_mixin.py:190} INFO - [2026-09-23T07:51:00.928+0000] {dag.py:4180} INFO - Setting next_dagrun for dss150p_sales_pipeline to 2026-09-23 02:00:00+00:00, run_after=2026-09-24 02:00:00+00:00
[2026-09-23T07:51:00.947+0000] {processor.py:208} INFO - Processing /opt/airflow/dags/dss150p_pipeline.py took 0.122 seconds
[2026-09-23T07:51:31.078+0000] {processor.py:186} INFO - Started process (PID=3818) to work on /opt/airflow/dags/dss150p_pipeline.py
[2026-09-23T07:51:31.081+0000] {processor.py:914} INFO - Processing file /opt/airflow/dags/dss150p_pipeline.py for tasks to queue
[2026-09-23T07:51:31.087+0000] {logging_mixin.py:190} INFO - [2026-09-23T07:51:31.086+0000] {dagbag.py:588} INFO - Filling up the DagBag from /opt/airflow/dags/dss150p_pipeline.py
[2026-09-23T07:51:31.114+0000] {processor.py:925} INFO - DAG(s) 'dss150p_sales_pipeline' retrieved from /opt/airflow/dags/dss150p_pipeline.py
[2026-09-23T07:51:31.178+0000] {logging_mixin.py:190} INFO - [2026-09-23T07:51:31.178+0000] {dag.py:3239} INFO - Sync 1 DAGs
[2026-09-23T07:51:31.210+0000] {logging_mixin.py:190} INFO - [2026-09-23T07:51:31.209+0000] {dag.py:4180} INFO - Setting next_dagrun for dss150p_sales_pipeline to 2026-09-23 02:00:00+00:00, run_after=2026-09-24 02:00:00+00:00
[2026-09-23T07:51:31.233+0000] {processor.py:208} INFO - Processing /opt/airflow/dags/dss150p_pipeline.py took 0.171 seconds
[2026-09-23T07:52:01.602+0000] {processor.py:186} INFO - Started process (PID=3823) to work on /opt/airflow/dags/dss150p_pipeline.py
[2026-09-23T07:52:01.605+0000] {processor.py:914} INFO - Processing file /opt/airflow/dags/dss150p_pipeline.py for tasks to queue
[2026-09-23T07:52:01.613+0000] {logging_mixin.py:190} INFO - [2026-09-23T07:52:01.612+0000] {dagbag.py:588} INFO - Filling up the DagBag from /opt/airflow/dags/dss150p_pipeline.py
[2026-09-23T07:52:01.657+0000] {processor.py:925} INFO - DAG(s) 'dss150p_sales_pipeline' retrieved from /opt/airflow/dags/dss150p_pipeline.py
[2026-09-23T07:52:01.729+0000] {logging_mixin.py:190} INFO - [2026-09-23T07:52:01.729+0000] {dag.py:3239} INFO - Sync 1 DAGs
[2026-09-23T07:52:01.766+0000] {logging_mixin.py:190} INFO - [2026-09-23T07:52:01.765+0000] {dag.py:4180} INFO - Setting next_dagrun for dss150p_sales_pipeline to 2026-09-23 02:00:00+00:00, run_after=2026-09-24 02:00:00+00:00
[2026-09-23T07:52:01.802+0000] {processor.py:208} INFO - Processing /opt/airflow/dags/dss150p_pipeline.py took 0.218 seconds
[2026-09-23T07:52:32.221+0000] {processor.py:186} INFO - Started process (PID=3828) to work on /opt/airflow/dags/dss150p_pipeline.py
[2026-09-23T07:52:32.223+0000] {processor.py:914} INFO - Processing file /opt/airflow/dags/dss150p_pipeline.py for tasks to queue
[2026-09-23T07:52:32.230+0000] {logging_mixin.py:190} INFO - [2026-09-23T07:52:32.229+0000] {dagbag.py:588} INFO - Filling up the DagBag from /opt/airflow/dags/dss150p_pipeline.py
[2026-09-23T07:52:32.266+0000] {processor.py:925} INFO - DAG(s) 'dss150p_sales_pipeline' retrieved from /opt/airflow/dags/dss150p_pipeline.py
[2026-09-23T07:52:32.330+0000] {logging_mixin.py:190} INFO - [2026-09-23T07:52:32.329+0000] {dag.py:3239} INFO - Sync 1 DAGs
[2026-09-23T07:52:32.372+0000] {logging_mixin.py:190} INFO - [2026-09-23T07:52:32.371+0000] {dag.py:4180} INFO - Setting next_dagrun for dss150p_sales_pipeline to 2026-09-23 02:00:00+00:00, run_after=2026-09-24 02:00:00+00:00
[2026-09-23T07:52:32.409+0000] {processor.py:208} INFO - Processing /opt/airflow/dags/dss150p_pipeline.py took 0.202 seconds
[2026-09-23T07:53:02.479+0000] {processor.py:186} INFO - Started process (PID=3833) to work on /opt/airflow/dags/dss150p_pipeline.py
[2026-09-23T07:53:02.480+0000] {processor.py:914} INFO - Processing file /opt/airflow/dags/dss150p_pipeline.py for tasks to queue
[2026-09-23T07:53:02.485+0000] {logging_mixin.py:190} INFO - [2026-09-23T07:53:02.485+0000] {dagbag.py:588} INFO - Filling up the DagBag from /opt/airflow/dags/dss150p_pipeline.py
[2026-09-23T07:53:02.515+0000] {processor.py:925} INFO - DAG(s) 'dss150p_sales_pipeline' retrieved from /opt/airflow/dags/dss150p_pipeline.py
[2026-09-23T07:53:02.573+0000] {logging_mixin.py:190} INFO - [2026-09-23T07:53:02.572+0000] {dag.py:3239} INFO - Sync 1 DAGs
[2026-09-23T07:53:02.618+0000] {logging_mixin.py:190} INFO - [2026-09-23T07:53:02.618+0000] {dag.py:4180} INFO - Setting next_dagrun for dss150p_sales_pipeline to 2026-09-23 02:00:00+00:00, run_after=2026-09-24 02:00:00+00:00
[2026-09-23T07:53:02.644+0000] {processor.py:208} INFO - Processing /opt/airflow/dags/dss150p_pipeline.py took 0.179 seconds
[2026-09-23T07:53:32.785+0000] {processor.py:186} INFO - Started process (PID=3838) to work on /opt/airflow/dags/dss150p_pipeline.py
[2026-09-23T07:53:32.787+0000] {processor.py:914} INFO - Processing file /opt/airflow/dags/dss150p_pipeline.py for tasks to queue
[2026-09-23T07:53:32.794+0000] {logging_mixin.py:190} INFO - [2026-09-23T07:53:32.792+0000] {dagbag.py:588} INFO - Filling up the DagBag from /opt/airflow/dags/dss150p_pipeline.py
[2026-09-23T07:53:32.829+0000] {processor.py:925} INFO - DAG(s) 'dss150p_sales_pipeline' retrieved from /opt/airflow/dags/dss150p_pipeline.py
[2026-09-23T07:53:32.886+0000] {logging_mixin.py:190} INFO - [2026-09-23T07:53:32.886+0000] {dag.py:3239} INFO - Sync 1 DAGs
[2026-09-23T07:53:32.919+0000] {logging_mixin.py:190} INFO - [2026-09-23T07:53:32.919+0000] {dag.py:4180} INFO - Setting next_dagrun for dss150p_sales_pipeline to 2026-09-23 02:00:00+00:00, run_after=2026-09-24 02:00:00+00:00
[2026-09-23T07:53:32.940+0000] {processor.py:208} INFO - Processing /opt/airflow/dags/dss150p_pipeline.py took 0.173 seconds
[2026-09-23T07:54:03.296+0000] {processor.py:186} INFO - Started process (PID=3843) to work on /opt/airflow/dags/dss150p_pipeline.py
[2026-09-23T07:54:03.300+0000] {processor.py:914} INFO - Processing file /opt/airflow/dags/dss150p_pipeline.py for tasks to queue
[2026-09-23T07:54:03.306+0000] {logging_mixin.py:190} INFO - [2026-09-23T07:54:03.306+0000] {dagbag.py:588} INFO - Filling up the DagBag from /opt/airflow/dags/dss150p_pipeline.py
[2026-09-23T07:54:03.344+0000] {processor.py:925} INFO - DAG(s) 'dss150p_sales_pipeline' retrieved from /opt/airflow/dags/dss150p_pipeline.py
[2026-09-23T07:54:03.400+0000] {logging_mixin.py:190} INFO - [2026-09-23T07:54:03.400+0000] {dag.py:3239} INFO - Sync 1 DAGs
[2026-09-23T07:54:03.434+0000] {logging_mixin.py:190} INFO - [2026-09-23T07:54:03.434+0000] {dag.py:4180} INFO - Setting next_dagrun for dss150p_sales_pipeline to 2026-09-23 02:00:00+00:00, run_after=2026-09-24 02:00:00+00:00
[2026-09-23T07:54:03.456+0000] {processor.py:208} INFO - Processing /opt/airflow/dags/dss150p_pipeline.py took 0.184 seconds
[2026-09-23T07:54:33.534+0000] {processor.py:186} INFO - Started process (PID=3848) to work on /opt/airflow/dags/dss150p_pipeline.py
[2026-09-23T07:54:33.536+0000] {processor.py:914} INFO - Processing file /opt/airflow/dags/dss150p_pipeline.py for tasks to queue
[2026-09-23T07:54:33.540+0000] {logging_mixin.py:190} INFO - [2026-09-23T07:54:33.540+0000] {dagbag.py:588} INFO - Filling up the DagBag from /opt/airflow/dags/dss150p_pipeline.py
[2026-09-23T07:54:33.561+0000] {processor.py:925} INFO - DAG(s) 'dss150p_sales_pipeline' retrieved from /opt/airflow/dags/dss150p_pipeline.py
[2026-09-23T07:54:33.602+0000] {logging_mixin.py:190} INFO - [2026-09-23T07:54:33.602+0000] {dag.py:3239} INFO - Sync 1 DAGs
[2026-09-23T07:54:33.626+0000] {logging_mixin.py:190} INFO - [2026-09-23T07:54:33.626+0000] {dag.py:4180} INFO - Setting next_dagrun for dss150p_sales_pipeline to 2026-09-23 02:00:00+00:00, run_after=2026-09-24 02:00:00+00:00
[2026-09-23T07:54:33.642+0000] {processor.py:208} INFO - Processing /opt/airflow/dags/dss150p_pipeline.py took 0.120 seconds
[2026-09-23T07:55:03.773+0000] {processor.py:186} INFO - Started process (PID=3853) to work on /opt/airflow/dags/dss150p_pipeline.py
[2026-09-23T07:55:03.774+0000] {processor.py:914} INFO - Processing file /opt/airflow/dags/dss150p_pipeline.py for tasks to queue
[2026-09-23T07:55:03.777+0000] {logging_mixin.py:190} INFO - [2026-09-23T07:55:03.777+0000] {dagbag.py:588} INFO - Filling up the DagBag from /opt/airflow/dags/dss150p_pipeline.py
[2026-09-23T07:55:03.792+0000] {processor.py:925} INFO - DAG(s) 'dss150p_sales_pipeline' retrieved from /opt/airflow/dags/dss150p_pipeline.py
[2026-09-23T07:55:03.821+0000] {logging_mixin.py:190} INFO - [2026-09-23T07:55:03.821+0000] {dag.py:3239} INFO - Sync 1 DAGs
[2026-09-23T07:55:03.838+0000] {logging_mixin.py:190} INFO - [2026-09-23T07:55:03.838+0000] {dag.py:4180} INFO - Setting next_dagrun for dss150p_sales_pipeline to 2026-09-23 02:00:00+00:00, run_after=2026-09-24 02:00:00+00:00
[2026-09-23T07:55:03.850+0000] {processor.py:208} INFO - Processing /opt/airflow/dags/dss150p_pipeline.py took 0.086 seconds
[2026-09-23T07:55:34.194+0000] {processor.py:186} INFO - Started process (PID=3858) to work on /opt/airflow/dags/dss150p_pipeline.py
[2026-09-23T07:55:34.195+0000] {processor.py:914} INFO - Processing file /opt/airflow/dags/dss150p_pipeline.py for tasks to queue
[2026-09-23T07:55:34.202+0000] {logging_mixin.py:190} INFO - [2026-09-23T07:55:34.202+0000] {dagbag.py:588} INFO - Filling up the DagBag from /opt/airflow/dags/dss150p_pipeline.py
[2026-09-23T07:55:34.306+0000] {processor.py:925} INFO - DAG(s) 'dss150p_sales_pipeline' retrieved from /opt/airflow/dags/dss150p_pipeline.py
[2026-09-23T07:55:34.378+0000] {logging_mixin.py:190} INFO - [2026-09-23T07:55:34.378+0000] {dag.py:3239} INFO - Sync 1 DAGs
[2026-09-23T07:55:34.432+0000] {logging_mixin.py:190} INFO - [2026-09-23T07:55:34.432+0000] {dag.py:4180} INFO - Setting next_dagrun for dss150p_sales_pipeline to 2026-09-23 02:00:00+00:00, run_after=2026-09-24 02:00:00+00:00
[2026-09-23T07:55:34.457+0000] {processor.py:208} INFO - Processing /opt/airflow/dags/dss150p_pipeline.py took 0.279 seconds
[2026-09-23T07:56:04.693+0000] {processor.py:186} INFO - Started process (PID=3863) to work on /opt/airflow/dags/dss150p_pipeline.py
[2026-09-23T07:56:04.695+0000] {processor.py:914} INFO - Processing file /opt/airflow/dags/dss150p_pipeline.py for tasks to queue
[2026-09-23T07:56:04.701+0000] {logging_mixin.py:190} INFO - [2026-09-23T07:56:04.700+0000] {dagbag.py:588} INFO - Filling up the DagBag from /opt/airflow/dags/dss150p_pipeline.py
[2026-09-23T07:56:04.729+0000] {processor.py:925} INFO - DAG(s) 'dss150p_sales_pipeline' retrieved from /opt/airflow/dags/dss150p_pipeline.py
[2026-09-23T07:56:04.779+0000] {logging_mixin.py:190} INFO - [2026-09-23T07:56:04.778+0000] {dag.py:3239} INFO - Sync 1 DAGs
[2026-09-23T07:56:04.810+0000] {logging_mixin.py:190} INFO - [2026-09-23T07:56:04.810+0000] {dag.py:4180} INFO - Setting next_dagrun for dss150p_sales_pipeline to 2026-09-23 02:00:00+00:00, run_after=2026-09-24 02:00:00+00:00
[2026-09-23T07:56:04.832+0000] {processor.py:208} INFO - Processing /opt/airflow/dags/dss150p_pipeline.py took 0.153 seconds
[2026-09-23T07:56:34.936+0000] {processor.py:186} INFO - Started process (PID=3868) to work on /opt/airflow/dags/dss150p_pipeline.py
[2026-09-23T07:56:34.939+0000] {processor.py:914} INFO - Processing file /opt/airflow/dags/dss150p_pipeline.py for tasks to queue
[2026-09-23T07:56:34.943+0000] {logging_mixin.py:190} INFO - [2026-09-23T07:56:34.943+0000] {dagbag.py:588} INFO - Filling up the DagBag from /opt/airflow/dags/dss150p_pipeline.py
[2026-09-23T07:56:34.965+0000] {processor.py:925} INFO - DAG(s) 'dss150p_sales_pipeline' retrieved from /opt/airflow/dags/dss150p_pipeline.py
[2026-09-23T07:56:35.004+0000] {logging_mixin.py:190} INFO - [2026-09-23T07:56:35.004+0000] {dag.py:3239} INFO - Sync 1 DAGs
[2026-09-23T07:56:35.027+0000] {logging_mixin.py:190} INFO - [2026-09-23T07:56:35.027+0000] {dag.py:4180} INFO - Setting next_dagrun for dss150p_sales_pipeline to 2026-09-23 02:00:00+00:00, run_after=2026-09-24 02:00:00+00:00
[2026-09-23T07:56:35.041+0000] {processor.py:208} INFO - Processing /opt/airflow/dags/dss150p_pipeline.py took 0.130 seconds
[2026-09-23T07:57:05.370+0000] {processor.py:186} INFO - Started process (PID=3873) to work on /opt/airflow/dags/dss150p_pipeline.py
[2026-09-23T07:57:05.373+0000] {processor.py:914} INFO - Processing file /opt/airflow/dags/dss150p_pipeline.py for tasks to queue
[2026-09-23T07:57:05.379+0000] {logging_mixin.py:190} INFO - [2026-09-23T07:57:05.378+0000] {dagbag.py:588} INFO - Filling up the DagBag from /opt/airflow/dags/dss150p_pipeline.py
[2026-09-23T07:57:05.420+0000] {processor.py:925} INFO - DAG(s) 'dss150p_sales_pipeline' retrieved from /opt/airflow/dags/dss150p_pipeline.py
[2026-09-23T07:57:05.493+0000] {logging_mixin.py:190} INFO - [2026-09-23T07:57:05.493+0000] {dag.py:3239} INFO - Sync 1 DAGs
[2026-09-23T07:57:05.540+0000] {logging_mixin.py:190} INFO - [2026-09-23T07:57:05.539+0000] {dag.py:4180} INFO - Setting next_dagrun for dss150p_sales_pipeline to 2026-09-23 02:00:00+00:00, run_after=2026-09-24 02:00:00+00:00
[2026-09-23T07:57:05.560+0000] {processor.py:208} INFO - Processing /opt/airflow/dags/dss150p_pipeline.py took 0.211 seconds
[2026-09-23T07:57:35.754+0000] {processor.py:186} INFO - Started process (PID=3878) to work on /opt/airflow/dags/dss150p_pipeline.py
[2026-09-23T07:57:35.757+0000] {processor.py:914} INFO - Processing file /opt/airflow/dags/dss150p_pipeline.py for tasks to queue
[2026-09-23T07:57:35.763+0000] {logging_mixin.py:190} INFO - [2026-09-23T07:57:35.762+0000] {dagbag.py:588} INFO - Filling up the DagBag from /opt/airflow/dags/dss150p_pipeline.py
[2026-09-23T07:57:35.803+0000] {processor.py:925} INFO - DAG(s) 'dss150p_sales_pipeline' retrieved from /opt/airflow/dags/dss150p_pipeline.py
[2026-09-23T07:57:35.863+0000] {logging_mixin.py:190} INFO - [2026-09-23T07:57:35.863+0000] {dag.py:3239} INFO - Sync 1 DAGs
[2026-09-23T07:57:35.895+0000] {logging_mixin.py:190} INFO - [2026-09-23T07:57:35.895+0000] {dag.py:4180} INFO - Setting next_dagrun for dss150p_sales_pipeline to 2026-09-23 02:00:00+00:00, run_after=2026-09-24 02:00:00+00:00
[2026-09-23T07:57:35.915+0000] {processor.py:208} INFO - Processing /opt/airflow/dags/dss150p_pipeline.py took 0.181 seconds
[2026-09-23T07:58:06.240+0000] {processor.py:186} INFO - Started process (PID=3883) to work on /opt/airflow/dags/dss150p_pipeline.py
[2026-09-23T07:58:06.244+0000] {processor.py:914} INFO - Processing file /opt/airflow/dags/dss150p_pipeline.py for tasks to queue
[2026-09-23T07:58:06.249+0000] {logging_mixin.py:190} INFO - [2026-09-23T07:58:06.248+0000] {dagbag.py:588} INFO - Filling up the DagBag from /opt/airflow/dags/dss150p_pipeline.py
[2026-09-23T07:58:06.278+0000] {processor.py:925} INFO - DAG(s) 'dss150p_sales_pipeline' retrieved from /opt/airflow/dags/dss150p_pipeline.py
[2026-09-23T07:58:06.325+0000] {logging_mixin.py:190} INFO - [2026-09-23T07:58:06.324+0000] {dag.py:3239} INFO - Sync 1 DAGs
[2026-09-23T07:58:06.354+0000] {logging_mixin.py:190} INFO - [2026-09-23T07:58:06.353+0000] {dag.py:4180} INFO - Setting next_dagrun for dss150p_sales_pipeline to 2026-09-23 02:00:00+00:00, run_after=2026-09-24 02:00:00+00:00
[2026-09-23T07:58:06.371+0000] {processor.py:208} INFO - Processing /opt/airflow/dags/dss150p_pipeline.py took 0.145 seconds
[2026-09-23T07:58:36.465+0000] {processor.py:186} INFO - Started process (PID=3888) to work on /opt/airflow/dags/dss150p_pipeline.py
[2026-09-23T07:58:36.468+0000] {processor.py:914} INFO - Processing file /opt/airflow/dags/dss150p_pipeline.py for tasks to queue
[2026-09-23T07:58:36.473+0000] {logging_mixin.py:190} INFO - [2026-09-23T07:58:36.473+0000] {dagbag.py:588} INFO - Filling up the DagBag from /opt/airflow/dags/dss150p_pipeline.py
[2026-09-23T07:58:36.507+0000] {processor.py:925} INFO - DAG(s) 'dss150p_sales_pipeline' retrieved from /opt/airflow/dags/dss150p_pipeline.py
[2026-09-23T07:58:36.582+0000] {logging_mixin.py:190} INFO - [2026-09-23T07:58:36.581+0000] {dag.py:3239} INFO - Sync 1 DAGs
[2026-09-23T07:58:36.621+0000] {logging_mixin.py:190} INFO - [2026-09-23T07:58:36.621+0000] {dag.py:4180} INFO - Setting next_dagrun for dss150p_sales_pipeline to 2026-09-23 02:00:00+00:00, run_after=2026-09-24 02:00:00+00:00
[2026-09-23T07:58:36.641+0000] {processor.py:208} INFO - Processing /opt/airflow/dags/dss150p_pipeline.py took 0.189 seconds
[2026-09-23T07:59:06.794+0000] {processor.py:186} INFO - Started process (PID=3893) to work on /opt/airflow/dags/dss150p_pipeline.py
[2026-09-23T07:59:06.798+0000] {processor.py:914} INFO - Processing file /opt/airflow/dags/dss150p_pipeline.py for tasks to queue
[2026-09-23T07:59:06.803+0000] {logging_mixin.py:190} INFO - [2026-09-23T07:59:06.803+0000] {dagbag.py:588} INFO - Filling up the DagBag from /opt/airflow/dags/dss150p_pipeline.py
[2026-09-23T07:59:06.834+0000] {processor.py:925} INFO - DAG(s) 'dss150p_sales_pipeline' retrieved from /opt/airflow/dags/dss150p_pipeline.py
[2026-09-23T07:59:06.880+0000] {logging_mixin.py:190} INFO - [2026-09-23T07:59:06.880+0000] {dag.py:3239} INFO - Sync 1 DAGs
[2026-09-23T07:59:06.906+0000] {logging_mixin.py:190} INFO - [2026-09-23T07:59:06.906+0000] {dag.py:4180} INFO - Setting next_dagrun for dss150p_sales_pipeline to 2026-09-23 02:00:00+00:00, run_after=2026-09-24 02:00:00+00:00
[2026-09-23T07:59:06.920+0000] {processor.py:208} INFO - Processing /opt/airflow/dags/dss150p_pipeline.py took 0.145 seconds
[2026-09-23T07:59:37.003+0000] {processor.py:186} INFO - Started process (PID=3898) to work on /opt/airflow/dags/dss150p_pipeline.py
[2026-09-23T07:59:37.005+0000] {processor.py:914} INFO - Processing file /opt/airflow/dags/dss150p_pipeline.py for tasks to queue
[2026-09-23T07:59:37.008+0000] {logging_mixin.py:190} INFO - [2026-09-23T07:59:37.007+0000] {dagbag.py:588} INFO - Filling up the DagBag from /opt/airflow/dags/dss150p_pipeline.py
[2026-09-23T07:59:37.021+0000] {processor.py:925} INFO - DAG(s) 'dss150p_sales_pipeline' retrieved from /opt/airflow/dags/dss150p_pipeline.py
[2026-09-23T07:59:37.049+0000] {logging_mixin.py:190} INFO - [2026-09-23T07:59:37.048+0000] {dag.py:3239} INFO - Sync 1 DAGs
[2026-09-23T07:59:37.066+0000] {logging_mixin.py:190} INFO - [2026-09-23T07:59:37.066+0000] {dag.py:4180} INFO - Setting next_dagrun for dss150p_sales_pipeline to 2026-09-23 02:00:00+00:00, run_after=2026-09-24 02:00:00+00:00
[2026-09-23T07:59:37.078+0000] {processor.py:208} INFO - Processing /opt/airflow/dags/dss150p_pipeline.py took 0.083 seconds
[2026-09-23T08:00:07.274+0000] {processor.py:186} INFO - Started process (PID=3903) to work on /opt/airflow/dags/dss150p_pipeline.py
[2026-09-23T08:00:07.276+0000] {processor.py:914} INFO - Processing file /opt/airflow/dags/dss150p_pipeline.py for tasks to queue
[2026-09-23T08:00:07.281+0000] {logging_mixin.py:190} INFO - [2026-09-23T08:00:07.281+0000] {dagbag.py:588} INFO - Filling up the DagBag from /opt/airflow/dags/dss150p_pipeline.py
[2026-09-23T08:00:07.309+0000] {processor.py:925} INFO - DAG(s) 'dss150p_sales_pipeline' retrieved from /opt/airflow/dags/dss150p_pipeline.py
[2026-09-23T08:00:07.351+0000] {logging_mixin.py:190} INFO - [2026-09-23T08:00:07.351+0000] {dag.py:3239} INFO - Sync 1 DAGs
[2026-09-23T08:00:07.376+0000] {logging_mixin.py:190} INFO - [2026-09-23T08:00:07.376+0000] {dag.py:4180} INFO - Setting next_dagrun for dss150p_sales_pipeline to 2026-09-23 02:00:00+00:00, run_after=2026-09-24 02:00:00+00:00
[2026-09-23T08:00:07.391+0000] {processor.py:208} INFO - Processing /opt/airflow/dags/dss150p_pipeline.py took 0.132 seconds
[2026-09-23T08:00:37.637+0000] {processor.py:186} INFO - Started process (PID=3908) to work on /opt/airflow/dags/dss150p_pipeline.py
[2026-09-23T08:00:37.638+0000] {processor.py:914} INFO - Processing file /opt/airflow/dags/dss150p_pipeline.py for tasks to queue
[2026-09-23T08:00:37.642+0000] {logging_mixin.py:190} INFO - [2026-09-23T08:00:37.642+0000] {dagbag.py:588} INFO - Filling up the DagBag from /opt/airflow/dags/dss150p_pipeline.py
[2026-09-23T08:00:37.666+0000] {processor.py:925} INFO - DAG(s) 'dss150p_sales_pipeline' retrieved from /opt/airflow/dags/dss150p_pipeline.py
[2026-09-23T08:00:37.706+0000] {logging_mixin.py:190} INFO - [2026-09-23T08:00:37.705+0000] {dag.py:3239} INFO - Sync 1 DAGs
[2026-09-23T08:00:37.730+0000] {logging_mixin.py:190} INFO - [2026-09-23T08:00:37.730+0000] {dag.py:4180} INFO - Setting next_dagrun for dss150p_sales_pipeline to 2026-09-23 02:00:00+00:00, run_after=2026-09-24 02:00:00+00:00
[2026-09-23T08:00:37.745+0000] {processor.py:208} INFO - Processing /opt/airflow/dags/dss150p_pipeline.py took 0.122 seconds
[2026-09-23T08:01:07.860+0000] {processor.py:186} INFO - Started process (PID=3913) to work on /opt/airflow/dags/dss150p_pipeline.py
[2026-09-23T08:01:07.861+0000] {processor.py:914} INFO - Processing file /opt/airflow/dags/dss150p_pipeline.py for tasks to queue
[2026-09-23T08:01:07.862+0000] {logging_mixin.py:190} INFO - [2026-09-23T08:01:07.862+0000] {dagbag.py:588} INFO - Filling up the DagBag from /opt/airflow/dags/dss150p_pipeline.py
[2026-09-23T08:01:07.874+0000] {processor.py:925} INFO - DAG(s) 'dss150p_sales_pipeline' retrieved from /opt/airflow/dags/dss150p_pipeline.py
[2026-09-23T08:01:07.901+0000] {logging_mixin.py:190} INFO - [2026-09-23T08:01:07.901+0000] {dag.py:3239} INFO - Sync 1 DAGs
[2026-09-23T08:01:07.917+0000] {logging_mixin.py:190} INFO - [2026-09-23T08:01:07.917+0000] {dag.py:4180} INFO - Setting next_dagrun for dss150p_sales_pipeline to 2026-09-23 02:00:00+00:00, run_after=2026-09-24 02:00:00+00:00
[2026-09-23T08:01:07.930+0000] {processor.py:208} INFO - Processing /opt/airflow/dags/dss150p_pipeline.py took 0.076 seconds
[2026-09-23T08:01:38.207+0000] {processor.py:186} INFO - Started process (PID=3918) to work on /opt/airflow/dags/dss150p_pipeline.py
[2026-09-23T08:01:38.208+0000] {processor.py:914} INFO - Processing file /opt/airflow/dags/dss150p_pipeline.py for tasks to queue
[2026-09-23T08:01:38.217+0000] {logging_mixin.py:190} INFO - [2026-09-23T08:01:38.216+0000] {dagbag.py:588} INFO - Filling up the DagBag from /opt/airflow/dags/dss150p_pipeline.py
[2026-09-23T08:01:38.246+0000] {processor.py:925} INFO - DAG(s) 'dss150p_sales_pipeline' retrieved from /opt/airflow/dags/dss150p_pipeline.py
[2026-09-23T08:01:38.553+0000] {logging_mixin.py:190} INFO - [2026-09-23T08:01:38.553+0000] {dag.py:3239} INFO - Sync 1 DAGs
[2026-09-23T08:01:38.582+0000] {logging_mixin.py:190} INFO - [2026-09-23T08:01:38.581+0000] {dag.py:4180} INFO - Setting next_dagrun for dss150p_sales_pipeline to 2026-09-23 02:00:00+00:00, run_after=2026-09-24 02:00:00+00:00
[2026-09-23T08:01:38.603+0000] {processor.py:208} INFO - Processing /opt/airflow/dags/dss150p_pipeline.py took 0.412 seconds
[2026-09-23T08:02:08.792+0000] {processor.py:186} INFO - Started process (PID=3923) to work on /opt/airflow/dags/dss150p_pipeline.py
[2026-09-23T08:02:08.793+0000] {processor.py:914} INFO - Processing file /opt/airflow/dags/dss150p_pipeline.py for tasks to queue
[2026-09-23T08:02:08.797+0000] {logging_mixin.py:190} INFO - [2026-09-23T08:02:08.797+0000] {dagbag.py:588} INFO - Filling up the DagBag from /opt/airflow/dags/dss150p_pipeline.py
[2026-09-23T08:02:08.813+0000] {processor.py:925} INFO - DAG(s) 'dss150p_sales_pipeline' retrieved from /opt/airflow/dags/dss150p_pipeline.py
[2026-09-23T08:02:08.846+0000] {logging_mixin.py:190} INFO - [2026-09-23T08:02:08.846+0000] {dag.py:3239} INFO - Sync 1 DAGs
[2026-09-23T08:02:08.861+0000] {logging_mixin.py:190} INFO - [2026-09-23T08:02:08.861+0000] {dag.py:4180} INFO - Setting next_dagrun for dss150p_sales_pipeline to 2026-09-23 02:00:00+00:00, run_after=2026-09-24 02:00:00+00:00
[2026-09-23T08:02:08.871+0000] {processor.py:208} INFO - Processing /opt/airflow/dags/dss150p_pipeline.py took 0.088 seconds
[2026-09-23T08:02:39.050+0000] {processor.py:186} INFO - Started process (PID=3928) to work on /opt/airflow/dags/dss150p_pipeline.py
[2026-09-23T08:02:39.051+0000] {processor.py:914} INFO - Processing file /opt/airflow/dags/dss150p_pipeline.py for tasks to queue
[2026-09-23T08:02:39.057+0000] {logging_mixin.py:190} INFO - [2026-09-23T08:02:39.056+0000] {dagbag.py:588} INFO - Filling up the DagBag from /opt/airflow/dags/dss150p_pipeline.py
[2026-09-23T08:02:39.087+0000] {processor.py:925} INFO - DAG(s) 'dss150p_sales_pipeline' retrieved from /opt/airflow/dags/dss150p_pipeline.py
[2026-09-23T08:02:39.184+0000] {logging_mixin.py:190} INFO - [2026-09-23T08:02:39.184+0000] {dag.py:3239} INFO - Sync 1 DAGs
[2026-09-23T08:02:39.220+0000] {logging_mixin.py:190} INFO - [2026-09-23T08:02:39.220+0000] {dag.py:4180} INFO - Setting next_dagrun for dss150p_sales_pipeline to 2026-09-23 02:00:00+00:00, run_after=2026-09-24 02:00:00+00:00
[2026-09-23T08:02:39.238+0000] {processor.py:208} INFO - Processing /opt/airflow/dags/dss150p_pipeline.py took 0.202 seconds
[2026-09-23T08:03:09.602+0000] {processor.py:186} INFO - Started process (PID=3933) to work on /opt/airflow/dags/dss150p_pipeline.py
[2026-09-23T08:03:09.605+0000] {processor.py:914} INFO - Processing file /opt/airflow/dags/dss150p_pipeline.py for tasks to queue
[2026-09-23T08:03:09.611+0000] {logging_mixin.py:190} INFO - [2026-09-23T08:03:09.611+0000] {dagbag.py:588} INFO - Filling up the DagBag from /opt/airflow/dags/dss150p_pipeline.py
[2026-09-23T08:03:09.649+0000] {processor.py:925} INFO - DAG(s) 'dss150p_sales_pipeline' retrieved from /opt/airflow/dags/dss150p_pipeline.py
[2026-09-23T08:03:09.760+0000] {logging_mixin.py:190} INFO - [2026-09-23T08:03:09.759+0000] {dag.py:3239} INFO - Sync 1 DAGs
[2026-09-23T08:03:09.808+0000] {logging_mixin.py:190} INFO - [2026-09-23T08:03:09.808+0000] {dag.py:4180} INFO - Setting next_dagrun for dss150p_sales_pipeline to 2026-09-23 02:00:00+00:00, run_after=2026-09-24 02:00:00+00:00
[2026-09-23T08:03:09.831+0000] {processor.py:208} INFO - Processing /opt/airflow/dags/dss150p_pipeline.py took 0.256 seconds
[2026-09-23T08:03:40.177+0000] {processor.py:186} INFO - Started process (PID=3938) to work on /opt/airflow/dags/dss150p_pipeline.py
[2026-09-23T08:03:40.181+0000] {processor.py:914} INFO - Processing file /opt/airflow/dags/dss150p_pipeline.py for tasks to queue
[2026-09-23T08:03:40.187+0000] {logging_mixin.py:190} INFO - [2026-09-23T08:03:40.186+0000] {dagbag.py:588} INFO - Filling up the DagBag from /opt/airflow/dags/dss150p_pipeline.py
[2026-09-23T08:03:40.241+0000] {processor.py:925} INFO - DAG(s) 'dss150p_sales_pipeline' retrieved from /opt/airflow/dags/dss150p_pipeline.py
[2026-09-23T08:03:40.361+0000] {logging_mixin.py:190} INFO - [2026-09-23T08:03:40.361+0000] {dag.py:3239} INFO - Sync 1 DAGs
[2026-09-23T08:03:40.403+0000] {logging_mixin.py:190} INFO - [2026-09-23T08:03:40.403+0000] {dag.py:4180} INFO - Setting next_dagrun for dss150p_sales_pipeline to 2026-09-23 02:00:00+00:00, run_after=2026-09-24 02:00:00+00:00
[2026-09-23T08:03:40.429+0000] {processor.py:208} INFO - Processing /opt/airflow/dags/dss150p_pipeline.py took 0.277 seconds
[2026-09-23T08:04:10.602+0000] {processor.py:186} INFO - Started process (PID=3943) to work on /opt/airflow/dags/dss150p_pipeline.py
[2026-09-23T08:04:10.607+0000] {processor.py:914} INFO - Processing file /opt/airflow/dags/dss150p_pipeline.py for tasks to queue
[2026-09-23T08:04:10.616+0000] {logging_mixin.py:190} INFO - [2026-09-23T08:04:10.615+0000] {dagbag.py:588} INFO - Filling up the DagBag from /opt/airflow/dags/dss150p_pipeline.py
[2026-09-23T08:04:10.659+0000] {processor.py:925} INFO - DAG(s) 'dss150p_sales_pipeline' retrieved from /opt/airflow/dags/dss150p_pipeline.py
[2026-09-23T08:04:10.820+0000] {logging_mixin.py:190} INFO - [2026-09-23T08:04:10.820+0000] {dag.py:3239} INFO - Sync 1 DAGs
[2026-09-23T08:04:10.867+0000] {logging_mixin.py:190} INFO - [2026-09-23T08:04:10.867+0000] {dag.py:4180} INFO - Setting next_dagrun for dss150p_sales_pipeline to 2026-09-23 02:00:00+00:00, run_after=2026-09-24 02:00:00+00:00
[2026-09-23T08:04:10.909+0000] {processor.py:208} INFO - Processing /opt/airflow/dags/dss150p_pipeline.py took 0.335 seconds
[2026-09-23T08:04:41.347+0000] {processor.py:186} INFO - Started process (PID=3948) to work on /opt/airflow/dags/dss150p_pipeline.py
[2026-09-23T08:04:41.351+0000] {processor.py:914} INFO - Processing file /opt/airflow/dags/dss150p_pipeline.py for tasks to queue
[2026-09-23T08:04:41.361+0000] {logging_mixin.py:190} INFO - [2026-09-23T08:04:41.360+0000] {dagbag.py:588} INFO - Filling up the DagBag from /opt/airflow/dags/dss150p_pipeline.py
[2026-09-23T08:04:41.411+0000] {processor.py:925} INFO - DAG(s) 'dss150p_sales_pipeline' retrieved from /opt/airflow/dags/dss150p_pipeline.py
[2026-09-23T08:04:41.547+0000] {logging_mixin.py:190} INFO - [2026-09-23T08:04:41.547+0000] {dag.py:3239} INFO - Sync 1 DAGs
[2026-09-23T08:04:41.600+0000] {logging_mixin.py:190} INFO - [2026-09-23T08:04:41.600+0000] {dag.py:4180} INFO - Setting next_dagrun for dss150p_sales_pipeline to 2026-09-23 02:00:00+00:00, run_after=2026-09-24 02:00:00+00:00
[2026-09-23T08:04:41.635+0000] {processor.py:208} INFO - Processing /opt/airflow/dags/dss150p_pipeline.py took 0.323 seconds
[2026-09-23T08:05:11.944+0000] {processor.py:186} INFO - Started process (PID=3953) to work on /opt/airflow/dags/dss150p_pipeline.py
[2026-09-23T08:05:11.949+0000] {processor.py:914} INFO - Processing file /opt/airflow/dags/dss150p_pipeline.py for tasks to queue
[2026-09-23T08:05:11.955+0000] {logging_mixin.py:190} INFO - [2026-09-23T08:05:11.955+0000] {dagbag.py:588} INFO - Filling up the DagBag from /opt/airflow/dags/dss150p_pipeline.py
[2026-09-23T08:05:11.987+0000] {processor.py:925} INFO - DAG(s) 'dss150p_sales_pipeline' retrieved from /opt/airflow/dags/dss150p_pipeline.py
[2026-09-23T08:05:12.060+0000] {logging_mixin.py:190} INFO - [2026-09-23T08:05:12.060+0000] {dag.py:3239} INFO - Sync 1 DAGs
[2026-09-23T08:05:12.090+0000] {logging_mixin.py:190} INFO - [2026-09-23T08:05:12.089+0000] {dag.py:4180} INFO - Setting next_dagrun for dss150p_sales_pipeline to 2026-09-23 02:00:00+00:00, run_after=2026-09-24 02:00:00+00:00
[2026-09-23T08:05:12.116+0000] {processor.py:208} INFO - Processing /opt/airflow/dags/dss150p_pipeline.py took 0.186 seconds
[2026-09-23T08:05:42.200+0000] {processor.py:186} INFO - Started process (PID=3958) to work on /opt/airflow/dags/dss150p_pipeline.py
[2026-09-23T08:05:42.205+0000] {processor.py:914} INFO - Processing file /opt/airflow/dags/dss150p_pipeline.py for tasks to queue
[2026-09-23T08:05:42.212+0000] {logging_mixin.py:190} INFO - [2026-09-23T08:05:42.211+0000] {dagbag.py:588} INFO - Filling up the DagBag from /opt/airflow/dags/dss150p_pipeline.py
[2026-09-23T08:05:42.238+0000] {processor.py:925} INFO - DAG(s) 'dss150p_sales_pipeline' retrieved from /opt/airflow/dags/dss150p_pipeline.py
[2026-09-23T08:05:42.322+0000] {logging_mixin.py:190} INFO - [2026-09-23T08:05:42.322+0000] {dag.py:3239} INFO - Sync 1 DAGs
[2026-09-23T08:05:42.360+0000] {logging_mixin.py:190} INFO - [2026-09-23T08:05:42.360+0000] {dag.py:4180} INFO - Setting next_dagrun for dss150p_sales_pipeline to 2026-09-23 02:00:00+00:00, run_after=2026-09-24 02:00:00+00:00
[2026-09-23T08:05:42.380+0000] {processor.py:208} INFO - Processing /opt/airflow/dags/dss150p_pipeline.py took 0.193 seconds
[2026-09-23T08:06:12.682+0000] {processor.py:186} INFO - Started process (PID=3963) to work on /opt/airflow/dags/dss150p_pipeline.py
[2026-09-23T08:06:12.685+0000] {processor.py:914} INFO - Processing file /opt/airflow/dags/dss150p_pipeline.py for tasks to queue
[2026-09-23T08:06:12.698+0000] {logging_mixin.py:190} INFO - [2026-09-23T08:06:12.692+0000] {dagbag.py:588} INFO - Filling up the DagBag from /opt/airflow/dags/dss150p_pipeline.py
[2026-09-23T08:06:12.741+0000] {processor.py:925} INFO - DAG(s) 'dss150p_sales_pipeline' retrieved from /opt/airflow/dags/dss150p_pipeline.py
[2026-09-23T08:06:12.866+0000] {logging_mixin.py:190} INFO - [2026-09-23T08:06:12.866+0000] {dag.py:3239} INFO - Sync 1 DAGs
[2026-09-23T08:06:12.915+0000] {logging_mixin.py:190} INFO - [2026-09-23T08:06:12.914+0000] {dag.py:4180} INFO - Setting next_dagrun for dss150p_sales_pipeline to 2026-09-23 02:00:00+00:00, run_after=2026-09-24 02:00:00+00:00
[2026-09-23T08:06:12.949+0000] {processor.py:208} INFO - Processing /opt/airflow/dags/dss150p_pipeline.py took 0.296 seconds
[2026-09-23T08:06:43.123+0000] {processor.py:186} INFO - Started process (PID=3968) to work on /opt/airflow/dags/dss150p_pipeline.py
[2026-09-23T08:06:43.125+0000] {processor.py:914} INFO - Processing file /opt/airflow/dags/dss150p_pipeline.py for tasks to queue
[2026-09-23T08:06:43.131+0000] {logging_mixin.py:190} INFO - [2026-09-23T08:06:43.131+0000] {dagbag.py:588} INFO - Filling up the DagBag from /opt/airflow/dags/dss150p_pipeline.py
[2026-09-23T08:06:43.195+0000] {processor.py:925} INFO - DAG(s) 'dss150p_sales_pipeline' retrieved from /opt/airflow/dags/dss150p_pipeline.py
[2026-09-23T08:06:43.359+0000] {logging_mixin.py:190} INFO - [2026-09-23T08:06:43.359+0000] {dag.py:3239} INFO - Sync 1 DAGs
[2026-09-23T08:06:43.396+0000] {logging_mixin.py:190} INFO - [2026-09-23T08:06:43.396+0000] {dag.py:4180} INFO - Setting next_dagrun for dss150p_sales_pipeline to 2026-09-23 02:00:00+00:00, run_after=2026-09-24 02:00:00+00:00
[2026-09-23T08:06:43.496+0000] {processor.py:208} INFO - Processing /opt/airflow/dags/dss150p_pipeline.py took 0.390 seconds
[2026-09-23T08:07:13.668+0000] {processor.py:186} INFO - Started process (PID=3973) to work on /opt/airflow/dags/dss150p_pipeline.py
[2026-09-23T08:07:13.672+0000] {processor.py:914} INFO - Processing file /opt/airflow/dags/dss150p_pipeline.py for tasks to queue
[2026-09-23T08:07:13.697+0000] {logging_mixin.py:190} INFO - [2026-09-23T08:07:13.695+0000] {dagbag.py:588} INFO - Filling up the DagBag from /opt/airflow/dags/dss150p_pipeline.py
[2026-09-23T08:07:13.887+0000] {processor.py:925} INFO - DAG(s) 'dss150p_sales_pipeline' retrieved from /opt/airflow/dags/dss150p_pipeline.py
[2026-09-23T08:07:14.111+0000] {logging_mixin.py:190} INFO - [2026-09-23T08:07:14.111+0000] {dag.py:3239} INFO - Sync 1 DAGs
[2026-09-23T08:07:14.198+0000] {logging_mixin.py:190} INFO - [2026-09-23T08:07:14.197+0000] {dag.py:4180} INFO - Setting next_dagrun for dss150p_sales_pipeline to 2026-09-23 02:00:00+00:00, run_after=2026-09-24 02:00:00+00:00
[2026-09-23T08:07:14.244+0000] {processor.py:208} INFO - Processing /opt/airflow/dags/dss150p_pipeline.py took 0.656 seconds
[2026-09-23T08:07:44.599+0000] {processor.py:186} INFO - Started process (PID=3978) to work on /opt/airflow/dags/dss150p_pipeline.py
[2026-09-23T08:07:44.603+0000] {processor.py:914} INFO - Processing file /opt/airflow/dags/dss150p_pipeline.py for tasks to queue
[2026-09-23T08:07:44.614+0000] {logging_mixin.py:190} INFO - [2026-09-23T08:07:44.613+0000] {dagbag.py:588} INFO - Filling up the DagBag from /opt/airflow/dags/dss150p_pipeline.py
[2026-09-23T08:07:44.686+0000] {processor.py:925} INFO - DAG(s) 'dss150p_sales_pipeline' retrieved from /opt/airflow/dags/dss150p_pipeline.py
[2026-09-23T08:07:44.836+0000] {logging_mixin.py:190} INFO - [2026-09-23T08:07:44.836+0000] {dag.py:3239} INFO - Sync 1 DAGs
[2026-09-23T08:07:44.905+0000] {logging_mixin.py:190} INFO - [2026-09-23T08:07:44.905+0000] {dag.py:4180} INFO - Setting next_dagrun for dss150p_sales_pipeline to 2026-09-23 02:00:00+00:00, run_after=2026-09-24 02:00:00+00:00
[2026-09-23T08:07:44.941+0000] {processor.py:208} INFO - Processing /opt/airflow/dags/dss150p_pipeline.py took 0.365 seconds
[2026-09-23T08:08:15.126+0000] {processor.py:186} INFO - Started process (PID=3983) to work on /opt/airflow/dags/dss150p_pipeline.py
[2026-09-23T08:08:15.130+0000] {processor.py:914} INFO - Processing file /opt/airflow/dags/dss150p_pipeline.py for tasks to queue
[2026-09-23T08:08:15.141+0000] {logging_mixin.py:190} INFO - [2026-09-23T08:08:15.140+0000] {dagbag.py:588} INFO - Filling up the DagBag from /opt/airflow/dags/dss150p_pipeline.py
[2026-09-23T08:08:15.204+0000] {processor.py:925} INFO - DAG(s) 'dss150p_sales_pipeline' retrieved from /opt/airflow/dags/dss150p_pipeline.py
[2026-09-23T08:08:15.347+0000] {logging_mixin.py:190} INFO - [2026-09-23T08:08:15.346+0000] {dag.py:3239} INFO - Sync 1 DAGs
[2026-09-23T08:08:15.398+0000] {logging_mixin.py:190} INFO - [2026-09-23T08:08:15.398+0000] {dag.py:4180} INFO - Setting next_dagrun for dss150p_sales_pipeline to 2026-09-23 02:00:00+00:00, run_after=2026-09-24 02:00:00+00:00
[2026-09-23T08:08:15.435+0000] {processor.py:208} INFO - Processing /opt/airflow/dags/dss150p_pipeline.py took 0.328 seconds
[2026-09-23T08:08:45.881+0000] {processor.py:186} INFO - Started process (PID=3988) to work on /opt/airflow/dags/dss150p_pipeline.py
[2026-09-23T08:08:45.888+0000] {processor.py:914} INFO - Processing file /opt/airflow/dags/dss150p_pipeline.py for tasks to queue
[2026-09-23T08:08:45.899+0000] {logging_mixin.py:190} INFO - [2026-09-23T08:08:45.898+0000] {dagbag.py:588} INFO - Filling up the DagBag from /opt/airflow/dags/dss150p_pipeline.py
[2026-09-23T08:08:45.969+0000] {processor.py:925} INFO - DAG(s) 'dss150p_sales_pipeline' retrieved from /opt/airflow/dags/dss150p_pipeline.py
[2026-09-23T08:08:46.091+0000] {logging_mixin.py:190} INFO - [2026-09-23T08:08:46.091+0000] {dag.py:3239} INFO - Sync 1 DAGs
[2026-09-23T08:08:46.144+0000] {logging_mixin.py:190} INFO - [2026-09-23T08:08:46.144+0000] {dag.py:4180} INFO - Setting next_dagrun for dss150p_sales_pipeline to 2026-09-23 02:00:00+00:00, run_after=2026-09-24 02:00:00+00:00
[2026-09-23T08:08:46.189+0000] {processor.py:208} INFO - Processing /opt/airflow/dags/dss150p_pipeline.py took 0.344 seconds
[2026-09-23T08:09:16.770+0000] {processor.py:186} INFO - Started process (PID=3993) to work on /opt/airflow/dags/dss150p_pipeline.py
[2026-09-23T08:09:16.774+0000] {processor.py:914} INFO - Processing file /opt/airflow/dags/dss150p_pipeline.py for tasks to queue
[2026-09-23T08:09:16.780+0000] {logging_mixin.py:190} INFO - [2026-09-23T08:09:16.779+0000] {dagbag.py:588} INFO - Filling up the DagBag from /opt/airflow/dags/dss150p_pipeline.py
[2026-09-23T08:09:16.819+0000] {processor.py:925} INFO - DAG(s) 'dss150p_sales_pipeline' retrieved from /opt/airflow/dags/dss150p_pipeline.py
[2026-09-23T08:09:16.915+0000] {logging_mixin.py:190} INFO - [2026-09-23T08:09:16.915+0000] {dag.py:3239} INFO - Sync 1 DAGs
[2026-09-23T08:09:16.945+0000] {logging_mixin.py:190} INFO - [2026-09-23T08:09:16.945+0000] {dag.py:4180} INFO - Setting next_dagrun for dss150p_sales_pipeline to 2026-09-23 02:00:00+00:00, run_after=2026-09-24 02:00:00+00:00
[2026-09-23T08:09:16.977+0000] {processor.py:208} INFO - Processing /opt/airflow/dags/dss150p_pipeline.py took 0.225 seconds
[2026-09-23T08:09:47.196+0000] {processor.py:186} INFO - Started process (PID=3998) to work on /opt/airflow/dags/dss150p_pipeline.py
[2026-09-23T08:09:47.197+0000] {processor.py:914} INFO - Processing file /opt/airflow/dags/dss150p_pipeline.py for tasks to queue
[2026-09-23T08:09:47.201+0000] {logging_mixin.py:190} INFO - [2026-09-23T08:09:47.201+0000] {dagbag.py:588} INFO - Filling up the DagBag from /opt/airflow/dags/dss150p_pipeline.py
[2026-09-23T08:09:47.224+0000] {processor.py:925} INFO - DAG(s) 'dss150p_sales_pipeline' retrieved from /opt/airflow/dags/dss150p_pipeline.py
[2026-09-23T08:09:47.304+0000] {logging_mixin.py:190} INFO - [2026-09-23T08:09:47.304+0000] {dag.py:3239} INFO - Sync 1 DAGs
[2026-09-23T08:09:47.344+0000] {logging_mixin.py:190} INFO - [2026-09-23T08:09:47.344+0000] {dag.py:4180} INFO - Setting next_dagrun for dss150p_sales_pipeline to 2026-09-23 02:00:00+00:00, run_after=2026-09-24 02:00:00+00:00
[2026-09-23T08:09:47.367+0000] {processor.py:208} INFO - Processing /opt/airflow/dags/dss150p_pipeline.py took 0.183 seconds
[2026-09-23T08:10:17.558+0000] {processor.py:186} INFO - Started process (PID=4003) to work on /opt/airflow/dags/dss150p_pipeline.py
[2026-09-23T08:10:17.560+0000] {processor.py:914} INFO - Processing file /opt/airflow/dags/dss150p_pipeline.py for tasks to queue
[2026-09-23T08:10:17.564+0000] {logging_mixin.py:190} INFO - [2026-09-23T08:10:17.564+0000] {dagbag.py:588} INFO - Filling up the DagBag from /opt/airflow/dags/dss150p_pipeline.py
[2026-09-23T08:10:17.593+0000] {processor.py:925} INFO - DAG(s) 'dss150p_sales_pipeline' retrieved from /opt/airflow/dags/dss150p_pipeline.py
[2026-09-23T08:10:17.687+0000] {logging_mixin.py:190} INFO - [2026-09-23T08:10:17.687+0000] {dag.py:3239} INFO - Sync 1 DAGs
[2026-09-23T08:10:17.719+0000] {logging_mixin.py:190} INFO - [2026-09-23T08:10:17.719+0000] {dag.py:4180} INFO - Setting next_dagrun for dss150p_sales_pipeline to 2026-09-23 02:00:00+00:00, run_after=2026-09-24 02:00:00+00:00
[2026-09-23T08:10:17.748+0000] {processor.py:208} INFO - Processing /opt/airflow/dags/dss150p_pipeline.py took 0.202 seconds
[2026-09-23T08:10:47.791+0000] {processor.py:186} INFO - Started process (PID=4008) to work on /opt/airflow/dags/dss150p_pipeline.py
[2026-09-23T08:10:47.792+0000] {processor.py:914} INFO - Processing file /opt/airflow/dags/dss150p_pipeline.py for tasks to queue
[2026-09-23T08:10:47.795+0000] {logging_mixin.py:190} INFO - [2026-09-23T08:10:47.795+0000] {dagbag.py:588} INFO - Filling up the DagBag from /opt/airflow/dags/dss150p_pipeline.py
[2026-09-23T08:10:47.814+0000] {processor.py:925} INFO - DAG(s) 'dss150p_sales_pipeline' retrieved from /opt/airflow/dags/dss150p_pipeline.py
[2026-09-23T08:10:47.854+0000] {logging_mixin.py:190} INFO - [2026-09-23T08:10:47.854+0000] {dag.py:3239} INFO - Sync 1 DAGs
[2026-09-23T08:10:47.879+0000] {logging_mixin.py:190} INFO - [2026-09-23T08:10:47.879+0000] {dag.py:4180} INFO - Setting next_dagrun for dss150p_sales_pipeline to 2026-09-23 02:00:00+00:00, run_after=2026-09-24 02:00:00+00:00
[2026-09-23T08:10:47.940+0000] {processor.py:208} INFO - Processing /opt/airflow/dags/dss150p_pipeline.py took 0.156 seconds
[2026-09-23T08:11:18.270+0000] {processor.py:186} INFO - Started process (PID=4013) to work on /opt/airflow/dags/dss150p_pipeline.py
[2026-09-23T08:11:18.274+0000] {processor.py:914} INFO - Processing file /opt/airflow/dags/dss150p_pipeline.py for tasks to queue
[2026-09-23T08:11:18.286+0000] {logging_mixin.py:190} INFO - [2026-09-23T08:11:18.285+0000] {dagbag.py:588} INFO - Filling up the DagBag from /opt/airflow/dags/dss150p_pipeline.py
[2026-09-23T08:11:18.374+0000] {processor.py:925} INFO - DAG(s) 'dss150p_sales_pipeline' retrieved from /opt/airflow/dags/dss150p_pipeline.py
[2026-09-23T08:11:18.447+0000] {logging_mixin.py:190} INFO - [2026-09-23T08:11:18.447+0000] {dag.py:3239} INFO - Sync 1 DAGs
[2026-09-23T08:11:18.513+0000] {logging_mixin.py:190} INFO - [2026-09-23T08:11:18.512+0000] {dag.py:4180} INFO - Setting next_dagrun for dss150p_sales_pipeline to 2026-09-23 02:00:00+00:00, run_after=2026-09-24 02:00:00+00:00
[2026-09-23T08:11:18.599+0000] {processor.py:208} INFO - Processing /opt/airflow/dags/dss150p_pipeline.py took 0.354 seconds
[2026-09-23T08:11:48.915+0000] {processor.py:186} INFO - Started process (PID=4018) to work on /opt/airflow/dags/dss150p_pipeline.py
[2026-09-23T08:11:48.917+0000] {processor.py:914} INFO - Processing file /opt/airflow/dags/dss150p_pipeline.py for tasks to queue
[2026-09-23T08:11:48.923+0000] {logging_mixin.py:190} INFO - [2026-09-23T08:11:48.923+0000] {dagbag.py:588} INFO - Filling up the DagBag from /opt/airflow/dags/dss150p_pipeline.py
[2026-09-23T08:11:49.000+0000] {processor.py:925} INFO - DAG(s) 'dss150p_sales_pipeline' retrieved from /opt/airflow/dags/dss150p_pipeline.py
[2026-09-23T08:11:49.080+0000] {logging_mixin.py:190} INFO - [2026-09-23T08:11:49.080+0000] {dag.py:3239} INFO - Sync 1 DAGs
[2026-09-23T08:11:49.112+0000] {logging_mixin.py:190} INFO - [2026-09-23T08:11:49.112+0000] {dag.py:4180} INFO - Setting next_dagrun for dss150p_sales_pipeline to 2026-09-23 02:00:00+00:00, run_after=2026-09-24 02:00:00+00:00
[2026-09-23T08:11:49.134+0000] {processor.py:208} INFO - Processing /opt/airflow/dags/dss150p_pipeline.py took 0.235 seconds
[2026-09-23T08:12:19.424+0000] {processor.py:186} INFO - Started process (PID=4023) to work on /opt/airflow/dags/dss150p_pipeline.py
[2026-09-23T08:12:19.428+0000] {processor.py:914} INFO - Processing file /opt/airflow/dags/dss150p_pipeline.py for tasks to queue
[2026-09-23T08:12:19.435+0000] {logging_mixin.py:190} INFO - [2026-09-23T08:12:19.434+0000] {dagbag.py:588} INFO - Filling up the DagBag from /opt/airflow/dags/dss150p_pipeline.py
[2026-09-23T08:12:19.489+0000] {processor.py:925} INFO - DAG(s) 'dss150p_sales_pipeline' retrieved from /opt/airflow/dags/dss150p_pipeline.py
[2026-09-23T08:12:19.545+0000] {logging_mixin.py:190} INFO - [2026-09-23T08:12:19.545+0000] {dag.py:3239} INFO - Sync 1 DAGs
[2026-09-23T08:12:19.571+0000] {logging_mixin.py:190} INFO - [2026-09-23T08:12:19.570+0000] {dag.py:4180} INFO - Setting next_dagrun for dss150p_sales_pipeline to 2026-09-23 02:00:00+00:00, run_after=2026-09-24 02:00:00+00:00
[2026-09-23T08:12:19.591+0000] {processor.py:208} INFO - Processing /opt/airflow/dags/dss150p_pipeline.py took 0.182 seconds
[2026-09-23T08:12:49.655+0000] {processor.py:186} INFO - Started process (PID=4028) to work on /opt/airflow/dags/dss150p_pipeline.py
[2026-09-23T08:12:49.656+0000] {processor.py:914} INFO - Processing file /opt/airflow/dags/dss150p_pipeline.py for tasks to queue
[2026-09-23T08:12:49.658+0000] {logging_mixin.py:190} INFO - [2026-09-23T08:12:49.658+0000] {dagbag.py:588} INFO - Filling up the DagBag from /opt/airflow/dags/dss150p_pipeline.py
[2026-09-23T08:12:49.681+0000] {processor.py:925} INFO - DAG(s) 'dss150p_sales_pipeline' retrieved from /opt/airflow/dags/dss150p_pipeline.py
[2026-09-23T08:12:49.722+0000] {logging_mixin.py:190} INFO - [2026-09-23T08:12:49.722+0000] {dag.py:3239} INFO - Sync 1 DAGs
[2026-09-23T08:12:49.745+0000] {logging_mixin.py:190} INFO - [2026-09-23T08:12:49.745+0000] {dag.py:4180} INFO - Setting next_dagrun for dss150p_sales_pipeline to 2026-09-23 02:00:00+00:00, run_after=2026-09-24 02:00:00+00:00
[2026-09-23T08:12:49.763+0000] {processor.py:208} INFO - Processing /opt/airflow/dags/dss150p_pipeline.py took 0.118 seconds
[2026-09-23T08:13:19.980+0000] {processor.py:186} INFO - Started process (PID=4033) to work on /opt/airflow/dags/dss150p_pipeline.py
[2026-09-23T08:13:19.983+0000] {processor.py:914} INFO - Processing file /opt/airflow/dags/dss150p_pipeline.py for tasks to queue
[2026-09-23T08:13:19.991+0000] {logging_mixin.py:190} INFO - [2026-09-23T08:13:19.990+0000] {dagbag.py:588} INFO - Filling up the DagBag from /opt/airflow/dags/dss150p_pipeline.py
[2026-09-23T08:13:20.018+0000] {processor.py:925} INFO - DAG(s) 'dss150p_sales_pipeline' retrieved from /opt/airflow/dags/dss150p_pipeline.py
[2026-09-23T08:13:20.093+0000] {logging_mixin.py:190} INFO - [2026-09-23T08:13:20.093+0000] {dag.py:3239} INFO - Sync 1 DAGs
[2026-09-23T08:13:20.128+0000] {logging_mixin.py:190} INFO - [2026-09-23T08:13:20.127+0000] {dag.py:4180} INFO - Setting next_dagrun for dss150p_sales_pipeline to 2026-09-23 02:00:00+00:00, run_after=2026-09-24 02:00:00+00:00
[2026-09-23T08:13:20.145+0000] {processor.py:208} INFO - Processing /opt/airflow/dags/dss150p_pipeline.py took 0.180 seconds
[2026-09-23T08:13:50.518+0000] {processor.py:186} INFO - Started process (PID=4038) to work on /opt/airflow/dags/dss150p_pipeline.py
[2026-09-23T08:13:50.520+0000] {processor.py:914} INFO - Processing file /opt/airflow/dags/dss150p_pipeline.py for tasks to queue
[2026-09-23T08:13:50.527+0000] {logging_mixin.py:190} INFO - [2026-09-23T08:13:50.526+0000] {dagbag.py:588} INFO - Filling up the DagBag from /opt/airflow/dags/dss150p_pipeline.py
[2026-09-23T08:13:50.579+0000] {processor.py:925} INFO - DAG(s) 'dss150p_sales_pipeline' retrieved from /opt/airflow/dags/dss150p_pipeline.py
[2026-09-23T08:13:50.710+0000] {logging_mixin.py:190} INFO - [2026-09-23T08:13:50.710+0000] {dag.py:3239} INFO - Sync 1 DAGs
[2026-09-23T08:13:50.776+0000] {logging_mixin.py:190} INFO - [2026-09-23T08:13:50.775+0000] {dag.py:4180} INFO - Setting next_dagrun for dss150p_sales_pipeline to 2026-09-23 02:00:00+00:00, run_after=2026-09-24 02:00:00+00:00
[2026-09-23T08:13:50.821+0000] {processor.py:208} INFO - Processing /opt/airflow/dags/dss150p_pipeline.py took 0.325 seconds
[2026-09-23T08:14:21.207+0000] {processor.py:186} INFO - Started process (PID=4043) to work on /opt/airflow/dags/dss150p_pipeline.py
[2026-09-23T08:14:21.210+0000] {processor.py:914} INFO - Processing file /opt/airflow/dags/dss150p_pipeline.py for tasks to queue
[2026-09-23T08:14:21.216+0000] {logging_mixin.py:190} INFO - [2026-09-23T08:14:21.215+0000] {dagbag.py:588} INFO - Filling up the DagBag from /opt/airflow/dags/dss150p_pipeline.py
[2026-09-23T08:14:21.252+0000] {processor.py:925} INFO - DAG(s) 'dss150p_sales_pipeline' retrieved from /opt/airflow/dags/dss150p_pipeline.py
[2026-09-23T08:14:21.333+0000] {logging_mixin.py:190} INFO - [2026-09-23T08:14:21.333+0000] {dag.py:3239} INFO - Sync 1 DAGs
[2026-09-23T08:14:21.372+0000] {logging_mixin.py:190} INFO - [2026-09-23T08:14:21.371+0000] {dag.py:4180} INFO - Setting next_dagrun for dss150p_sales_pipeline to 2026-09-23 02:00:00+00:00, run_after=2026-09-24 02:00:00+00:00
[2026-09-23T08:14:21.399+0000] {processor.py:208} INFO - Processing /opt/airflow/dags/dss150p_pipeline.py took 0.213 seconds
[2026-09-23T08:14:51.772+0000] {processor.py:186} INFO - Started process (PID=4048) to work on /opt/airflow/dags/dss150p_pipeline.py
[2026-09-23T08:14:51.773+0000] {processor.py:914} INFO - Processing file /opt/airflow/dags/dss150p_pipeline.py for tasks to queue
[2026-09-23T08:14:51.777+0000] {logging_mixin.py:190} INFO - [2026-09-23T08:14:51.777+0000] {dagbag.py:588} INFO - Filling up the DagBag from /opt/airflow/dags/dss150p_pipeline.py
[2026-09-23T08:14:51.798+0000] {processor.py:925} INFO - DAG(s) 'dss150p_sales_pipeline' retrieved from /opt/airflow/dags/dss150p_pipeline.py
[2026-09-23T08:14:51.837+0000] {logging_mixin.py:190} INFO - [2026-09-23T08:14:51.836+0000] {dag.py:3239} INFO - Sync 1 DAGs
[2026-09-23T08:14:51.861+0000] {logging_mixin.py:190} INFO - [2026-09-23T08:14:51.861+0000] {dag.py:4180} INFO - Setting next_dagrun for dss150p_sales_pipeline to 2026-09-23 02:00:00+00:00, run_after=2026-09-24 02:00:00+00:00
[2026-09-23T08:14:51.876+0000] {processor.py:208} INFO - Processing /opt/airflow/dags/dss150p_pipeline.py took 0.115 seconds
[2026-09-23T08:15:21.993+0000] {processor.py:186} INFO - Started process (PID=4053) to work on /opt/airflow/dags/dss150p_pipeline.py
[2026-09-23T08:15:21.995+0000] {processor.py:914} INFO - Processing file /opt/airflow/dags/dss150p_pipeline.py for tasks to queue
[2026-09-23T08:15:21.999+0000] {logging_mixin.py:190} INFO - [2026-09-23T08:15:21.999+0000] {dagbag.py:588} INFO - Filling up the DagBag from /opt/airflow/dags/dss150p_pipeline.py
[2026-09-23T08:15:22.019+0000] {processor.py:925} INFO - DAG(s) 'dss150p_sales_pipeline' retrieved from /opt/airflow/dags/dss150p_pipeline.py
[2026-09-23T08:15:22.049+0000] {logging_mixin.py:190} INFO - [2026-09-23T08:15:22.049+0000] {dag.py:3239} INFO - Sync 1 DAGs
[2026-09-23T08:15:22.067+0000] {logging_mixin.py:190} INFO - [2026-09-23T08:15:22.067+0000] {dag.py:4180} INFO - Setting next_dagrun for dss150p_sales_pipeline to 2026-09-23 02:00:00+00:00, run_after=2026-09-24 02:00:00+00:00
[2026-09-23T08:15:22.082+0000] {processor.py:208} INFO - Processing /opt/airflow/dags/dss150p_pipeline.py took 0.101 seconds
[2026-09-23T08:15:52.340+0000] {processor.py:186} INFO - Started process (PID=4058) to work on /opt/airflow/dags/dss150p_pipeline.py
[2026-09-23T08:15:52.342+0000] {processor.py:914} INFO - Processing file /opt/airflow/dags/dss150p_pipeline.py for tasks to queue
[2026-09-23T08:15:52.349+0000] {logging_mixin.py:190} INFO - [2026-09-23T08:15:52.348+0000] {dagbag.py:588} INFO - Filling up the DagBag from /opt/airflow/dags/dss150p_pipeline.py
[2026-09-23T08:15:52.372+0000] {processor.py:925} INFO - DAG(s) 'dss150p_sales_pipeline' retrieved from /opt/airflow/dags/dss150p_pipeline.py
[2026-09-23T08:15:52.424+0000] {logging_mixin.py:190} INFO - [2026-09-23T08:15:52.424+0000] {dag.py:3239} INFO - Sync 1 DAGs
[2026-09-23T08:15:52.459+0000] {logging_mixin.py:190} INFO - [2026-09-23T08:15:52.459+0000] {dag.py:4180} INFO - Setting next_dagrun for dss150p_sales_pipeline to 2026-09-23 02:00:00+00:00, run_after=2026-09-24 02:00:00+00:00
[2026-09-23T08:15:52.538+0000] {processor.py:208} INFO - Processing /opt/airflow/dags/dss150p_pipeline.py took 0.205 seconds
[2026-09-23T08:16:22.795+0000] {processor.py:186} INFO - Started process (PID=4063) to work on /opt/airflow/dags/dss150p_pipeline.py
[2026-09-23T08:16:22.797+0000] {processor.py:914} INFO - Processing file /opt/airflow/dags/dss150p_pipeline.py for tasks to queue
[2026-09-23T08:16:22.802+0000] {logging_mixin.py:190} INFO - [2026-09-23T08:16:22.802+0000] {dagbag.py:588} INFO - Filling up the DagBag from /opt/airflow/dags/dss150p_pipeline.py
[2026-09-23T08:16:22.853+0000] {processor.py:925} INFO - DAG(s) 'dss150p_sales_pipeline' retrieved from /opt/airflow/dags/dss150p_pipeline.py
[2026-09-23T08:16:22.910+0000] {logging_mixin.py:190} INFO - [2026-09-23T08:16:22.909+0000] {dag.py:3239} INFO - Sync 1 DAGs
[2026-09-23T08:16:22.947+0000] {logging_mixin.py:190} INFO - [2026-09-23T08:16:22.946+0000] {dag.py:4180} INFO - Setting next_dagrun for dss150p_sales_pipeline to 2026-09-23 02:00:00+00:00, run_after=2026-09-24 02:00:00+00:00
[2026-09-23T08:16:22.968+0000] {processor.py:208} INFO - Processing /opt/airflow/dags/dss150p_pipeline.py took 0.189 seconds
[2026-09-23T08:16:53.052+0000] {processor.py:186} INFO - Started process (PID=4068) to work on /opt/airflow/dags/dss150p_pipeline.py
[2026-09-23T08:16:53.053+0000] {processor.py:914} INFO - Processing file /opt/airflow/dags/dss150p_pipeline.py for tasks to queue
[2026-09-23T08:16:53.057+0000] {logging_mixin.py:190} INFO - [2026-09-23T08:16:53.057+0000] {dagbag.py:588} INFO - Filling up the DagBag from /opt/airflow/dags/dss150p_pipeline.py
[2026-09-23T08:16:53.085+0000] {processor.py:925} INFO - DAG(s) 'dss150p_sales_pipeline' retrieved from /opt/airflow/dags/dss150p_pipeline.py
[2026-09-23T08:16:53.126+0000] {logging_mixin.py:190} INFO - [2026-09-23T08:16:53.126+0000] {dag.py:3239} INFO - Sync 1 DAGs
[2026-09-23T08:16:53.150+0000] {logging_mixin.py:190} INFO - [2026-09-23T08:16:53.150+0000] {dag.py:4180} INFO - Setting next_dagrun for dss150p_sales_pipeline to 2026-09-23 02:00:00+00:00, run_after=2026-09-24 02:00:00+00:00
[2026-09-23T08:16:53.166+0000] {processor.py:208} INFO - Processing /opt/airflow/dags/dss150p_pipeline.py took 0.126 seconds
[2026-09-23T08:17:23.236+0000] {processor.py:186} INFO - Started process (PID=4073) to work on /opt/airflow/dags/dss150p_pipeline.py
[2026-09-23T08:17:23.239+0000] {processor.py:914} INFO - Processing file /opt/airflow/dags/dss150p_pipeline.py for tasks to queue
[2026-09-23T08:17:23.331+0000] {logging_mixin.py:190} INFO - [2026-09-23T08:17:23.330+0000] {dagbag.py:588} INFO - Filling up the DagBag from /opt/airflow/dags/dss150p_pipeline.py
[2026-09-23T08:17:23.355+0000] {processor.py:925} INFO - DAG(s) 'dss150p_sales_pipeline' retrieved from /opt/airflow/dags/dss150p_pipeline.py
[2026-09-23T08:17:23.388+0000] {logging_mixin.py:190} INFO - [2026-09-23T08:17:23.388+0000] {dag.py:3239} INFO - Sync 1 DAGs
[2026-09-23T08:17:23.533+0000] {logging_mixin.py:190} INFO - [2026-09-23T08:17:23.533+0000] {dag.py:4180} INFO - Setting next_dagrun for dss150p_sales_pipeline to 2026-09-23 02:00:00+00:00, run_after=2026-09-24 02:00:00+00:00
[2026-09-23T08:17:23.551+0000] {processor.py:208} INFO - Processing /opt/airflow/dags/dss150p_pipeline.py took 0.323 seconds
[2026-09-23T08:17:53.772+0000] {processor.py:186} INFO - Started process (PID=4078) to work on /opt/airflow/dags/dss150p_pipeline.py
[2026-09-23T08:17:53.773+0000] {processor.py:914} INFO - Processing file /opt/airflow/dags/dss150p_pipeline.py for tasks to queue
[2026-09-23T08:17:53.777+0000] {logging_mixin.py:190} INFO - [2026-09-23T08:17:53.776+0000] {dagbag.py:588} INFO - Filling up the DagBag from /opt/airflow/dags/dss150p_pipeline.py
[2026-09-23T08:17:53.798+0000] {processor.py:925} INFO - DAG(s) 'dss150p_sales_pipeline' retrieved from /opt/airflow/dags/dss150p_pipeline.py
[2026-09-23T08:17:53.837+0000] {logging_mixin.py:190} INFO - [2026-09-23T08:17:53.837+0000] {dag.py:3239} INFO - Sync 1 DAGs
[2026-09-23T08:17:53.933+0000] {logging_mixin.py:190} INFO - [2026-09-23T08:17:53.933+0000] {dag.py:4180} INFO - Setting next_dagrun for dss150p_sales_pipeline to 2026-09-23 02:00:00+00:00, run_after=2026-09-24 02:00:00+00:00
[2026-09-23T08:17:53.970+0000] {processor.py:208} INFO - Processing /opt/airflow/dags/dss150p_pipeline.py took 0.211 seconds
[2026-09-23T08:18:24.039+0000] {processor.py:186} INFO - Started process (PID=4083) to work on /opt/airflow/dags/dss150p_pipeline.py
[2026-09-23T08:18:24.042+0000] {processor.py:914} INFO - Processing file /opt/airflow/dags/dss150p_pipeline.py for tasks to queue
[2026-09-23T08:18:24.047+0000] {logging_mixin.py:190} INFO - [2026-09-23T08:18:24.046+0000] {dagbag.py:588} INFO - Filling up the DagBag from /opt/airflow/dags/dss150p_pipeline.py
[2026-09-23T08:18:24.072+0000] {processor.py:925} INFO - DAG(s) 'dss150p_sales_pipeline' retrieved from /opt/airflow/dags/dss150p_pipeline.py
[2026-09-23T08:18:24.133+0000] {logging_mixin.py:190} INFO - [2026-09-23T08:18:24.133+0000] {dag.py:3239} INFO - Sync 1 DAGs
[2026-09-23T08:18:24.281+0000] {logging_mixin.py:190} INFO - [2026-09-23T08:18:24.274+0000] {dag.py:4180} INFO - Setting next_dagrun for dss150p_sales_pipeline to 2026-09-23 02:00:00+00:00, run_after=2026-09-24 02:00:00+00:00
[2026-09-23T08:18:24.352+0000] {processor.py:208} INFO - Processing /opt/airflow/dags/dss150p_pipeline.py took 0.326 seconds
[2026-09-23T08:18:54.497+0000] {processor.py:186} INFO - Started process (PID=4088) to work on /opt/airflow/dags/dss150p_pipeline.py
[2026-09-23T08:18:54.500+0000] {processor.py:914} INFO - Processing file /opt/airflow/dags/dss150p_pipeline.py for tasks to queue
[2026-09-23T08:18:54.505+0000] {logging_mixin.py:190} INFO - [2026-09-23T08:18:54.504+0000] {dagbag.py:588} INFO - Filling up the DagBag from /opt/airflow/dags/dss150p_pipeline.py
[2026-09-23T08:18:54.527+0000] {processor.py:925} INFO - DAG(s) 'dss150p_sales_pipeline' retrieved from /opt/airflow/dags/dss150p_pipeline.py
[2026-09-23T08:18:54.565+0000] {logging_mixin.py:190} INFO - [2026-09-23T08:18:54.564+0000] {dag.py:3239} INFO - Sync 1 DAGs
[2026-09-23T08:18:54.591+0000] {logging_mixin.py:190} INFO - [2026-09-23T08:18:54.591+0000] {dag.py:4180} INFO - Setting next_dagrun for dss150p_sales_pipeline to 2026-09-23 02:00:00+00:00, run_after=2026-09-24 02:00:00+00:00
[2026-09-23T08:18:54.611+0000] {processor.py:208} INFO - Processing /opt/airflow/dags/dss150p_pipeline.py took 0.128 seconds
[2026-09-23T08:19:24.913+0000] {processor.py:186} INFO - Started process (PID=4093) to work on /opt/airflow/dags/dss150p_pipeline.py
[2026-09-23T08:19:24.918+0000] {processor.py:914} INFO - Processing file /opt/airflow/dags/dss150p_pipeline.py for tasks to queue
[2026-09-23T08:19:24.926+0000] {logging_mixin.py:190} INFO - [2026-09-23T08:19:24.925+0000] {dagbag.py:588} INFO - Filling up the DagBag from /opt/airflow/dags/dss150p_pipeline.py
[2026-09-23T08:19:24.959+0000] {processor.py:925} INFO - DAG(s) 'dss150p_sales_pipeline' retrieved from /opt/airflow/dags/dss150p_pipeline.py
[2026-09-23T08:19:25.034+0000] {logging_mixin.py:190} INFO - [2026-09-23T08:19:25.033+0000] {dag.py:3239} INFO - Sync 1 DAGs
[2026-09-23T08:19:25.067+0000] {logging_mixin.py:190} INFO - [2026-09-23T08:19:25.067+0000] {dag.py:4180} INFO - Setting next_dagrun for dss150p_sales_pipeline to 2026-09-23 02:00:00+00:00, run_after=2026-09-24 02:00:00+00:00
[2026-09-23T08:19:25.087+0000] {processor.py:208} INFO - Processing /opt/airflow/dags/dss150p_pipeline.py took 0.188 seconds
[2026-09-23T08:19:55.147+0000] {processor.py:186} INFO - Started process (PID=4098) to work on /opt/airflow/dags/dss150p_pipeline.py
[2026-09-23T08:19:55.148+0000] {processor.py:914} INFO - Processing file /opt/airflow/dags/dss150p_pipeline.py for tasks to queue
[2026-09-23T08:19:55.151+0000] {logging_mixin.py:190} INFO - [2026-09-23T08:19:55.150+0000] {dagbag.py:588} INFO - Filling up the DagBag from /opt/airflow/dags/dss150p_pipeline.py
[2026-09-23T08:19:55.170+0000] {processor.py:925} INFO - DAG(s) 'dss150p_sales_pipeline' retrieved from /opt/airflow/dags/dss150p_pipeline.py
[2026-09-23T08:19:55.215+0000] {logging_mixin.py:190} INFO - [2026-09-23T08:19:55.215+0000] {dag.py:3239} INFO - Sync 1 DAGs
[2026-09-23T08:19:55.239+0000] {logging_mixin.py:190} INFO - [2026-09-23T08:19:55.239+0000] {dag.py:4180} INFO - Setting next_dagrun for dss150p_sales_pipeline to 2026-09-23 02:00:00+00:00, run_after=2026-09-24 02:00:00+00:00
[2026-09-23T08:19:55.258+0000] {processor.py:208} INFO - Processing /opt/airflow/dags/dss150p_pipeline.py took 0.118 seconds
[2026-09-23T08:20:25.377+0000] {processor.py:186} INFO - Started process (PID=4103) to work on /opt/airflow/dags/dss150p_pipeline.py
[2026-09-23T08:20:25.378+0000] {processor.py:914} INFO - Processing file /opt/airflow/dags/dss150p_pipeline.py for tasks to queue
[2026-09-23T08:20:25.381+0000] {logging_mixin.py:190} INFO - [2026-09-23T08:20:25.381+0000] {dagbag.py:588} INFO - Filling up the DagBag from /opt/airflow/dags/dss150p_pipeline.py
[2026-09-23T08:20:25.401+0000] {processor.py:925} INFO - DAG(s) 'dss150p_sales_pipeline' retrieved from /opt/airflow/dags/dss150p_pipeline.py
[2026-09-23T08:20:25.435+0000] {logging_mixin.py:190} INFO - [2026-09-23T08:20:25.435+0000] {dag.py:3239} INFO - Sync 1 DAGs
[2026-09-23T08:20:25.456+0000] {logging_mixin.py:190} INFO - [2026-09-23T08:20:25.456+0000] {dag.py:4180} INFO - Setting next_dagrun for dss150p_sales_pipeline to 2026-09-23 02:00:00+00:00, run_after=2026-09-24 02:00:00+00:00
[2026-09-23T08:20:25.474+0000] {processor.py:208} INFO - Processing /opt/airflow/dags/dss150p_pipeline.py took 0.108 seconds
[2026-09-23T08:20:55.810+0000] {processor.py:186} INFO - Started process (PID=4108) to work on /opt/airflow/dags/dss150p_pipeline.py
[2026-09-23T08:20:55.812+0000] {processor.py:914} INFO - Processing file /opt/airflow/dags/dss150p_pipeline.py for tasks to queue
[2026-09-23T08:20:55.821+0000] {logging_mixin.py:190} INFO - [2026-09-23T08:20:55.819+0000] {dagbag.py:588} INFO - Filling up the DagBag from /opt/airflow/dags/dss150p_pipeline.py
[2026-09-23T08:20:55.858+0000] {processor.py:925} INFO - DAG(s) 'dss150p_sales_pipeline' retrieved from /opt/airflow/dags/dss150p_pipeline.py
[2026-09-23T08:20:55.927+0000] {logging_mixin.py:190} INFO - [2026-09-23T08:20:55.926+0000] {dag.py:3239} INFO - Sync 1 DAGs
[2026-09-23T08:20:55.965+0000] {logging_mixin.py:190} INFO - [2026-09-23T08:20:55.965+0000] {dag.py:4180} INFO - Setting next_dagrun for dss150p_sales_pipeline to 2026-09-23 02:00:00+00:00, run_after=2026-09-24 02:00:00+00:00
[2026-09-23T08:20:55.988+0000] {processor.py:208} INFO - Processing /opt/airflow/dags/dss150p_pipeline.py took 0.196 seconds
[2026-09-23T08:21:26.115+0000] {processor.py:186} INFO - Started process (PID=4113) to work on /opt/airflow/dags/dss150p_pipeline.py
[2026-09-23T08:21:26.117+0000] {processor.py:914} INFO - Processing file /opt/airflow/dags/dss150p_pipeline.py for tasks to queue
[2026-09-23T08:21:26.126+0000] {logging_mixin.py:190} INFO - [2026-09-23T08:21:26.125+0000] {dagbag.py:588} INFO - Filling up the DagBag from /opt/airflow/dags/dss150p_pipeline.py
[2026-09-23T08:21:26.163+0000] {processor.py:925} INFO - DAG(s) 'dss150p_sales_pipeline' retrieved from /opt/airflow/dags/dss150p_pipeline.py
[2026-09-23T08:21:26.238+0000] {logging_mixin.py:190} INFO - [2026-09-23T08:21:26.237+0000] {dag.py:3239} INFO - Sync 1 DAGs
[2026-09-23T08:21:26.277+0000] {logging_mixin.py:190} INFO - [2026-09-23T08:21:26.277+0000] {dag.py:4180} INFO - Setting next_dagrun for dss150p_sales_pipeline to 2026-09-23 02:00:00+00:00, run_after=2026-09-24 02:00:00+00:00
[2026-09-23T08:21:26.316+0000] {processor.py:208} INFO - Processing /opt/airflow/dags/dss150p_pipeline.py took 0.215 seconds
[2026-09-23T08:21:56.705+0000] {processor.py:186} INFO - Started process (PID=4118) to work on /opt/airflow/dags/dss150p_pipeline.py
[2026-09-23T08:21:56.707+0000] {processor.py:914} INFO - Processing file /opt/airflow/dags/dss150p_pipeline.py for tasks to queue
[2026-09-23T08:21:56.713+0000] {logging_mixin.py:190} INFO - [2026-09-23T08:21:56.713+0000] {dagbag.py:588} INFO - Filling up the DagBag from /opt/airflow/dags/dss150p_pipeline.py
[2026-09-23T08:21:56.748+0000] {processor.py:925} INFO - DAG(s) 'dss150p_sales_pipeline' retrieved from /opt/airflow/dags/dss150p_pipeline.py
[2026-09-23T08:21:56.830+0000] {logging_mixin.py:190} INFO - [2026-09-23T08:21:56.830+0000] {dag.py:3239} INFO - Sync 1 DAGs
[2026-09-23T08:21:56.857+0000] {logging_mixin.py:190} INFO - [2026-09-23T08:21:56.857+0000] {dag.py:4180} INFO - Setting next_dagrun for dss150p_sales_pipeline to 2026-09-23 02:00:00+00:00, run_after=2026-09-24 02:00:00+00:00
[2026-09-23T08:21:56.879+0000] {processor.py:208} INFO - Processing /opt/airflow/dags/dss150p_pipeline.py took 0.191 seconds
[2026-09-23T08:22:26.939+0000] {processor.py:186} INFO - Started process (PID=4123) to work on /opt/airflow/dags/dss150p_pipeline.py
[2026-09-23T08:22:26.944+0000] {processor.py:914} INFO - Processing file /opt/airflow/dags/dss150p_pipeline.py for tasks to queue
[2026-09-23T08:22:26.950+0000] {logging_mixin.py:190} INFO - [2026-09-23T08:22:26.949+0000] {dagbag.py:588} INFO - Filling up the DagBag from /opt/airflow/dags/dss150p_pipeline.py
[2026-09-23T08:22:26.975+0000] {processor.py:925} INFO - DAG(s) 'dss150p_sales_pipeline' retrieved from /opt/airflow/dags/dss150p_pipeline.py
[2026-09-23T08:22:27.044+0000] {logging_mixin.py:190} INFO - [2026-09-23T08:22:27.044+0000] {dag.py:3239} INFO - Sync 1 DAGs
[2026-09-23T08:22:27.069+0000] {logging_mixin.py:190} INFO - [2026-09-23T08:22:27.069+0000] {dag.py:4180} INFO - Setting next_dagrun for dss150p_sales_pipeline to 2026-09-23 02:00:00+00:00, run_after=2026-09-24 02:00:00+00:00
[2026-09-23T08:22:27.090+0000] {processor.py:208} INFO - Processing /opt/airflow/dags/dss150p_pipeline.py took 0.169 seconds
[2026-09-23T08:22:57.323+0000] {processor.py:186} INFO - Started process (PID=4128) to work on /opt/airflow/dags/dss150p_pipeline.py
[2026-09-23T08:22:57.325+0000] {processor.py:914} INFO - Processing file /opt/airflow/dags/dss150p_pipeline.py for tasks to queue
[2026-09-23T08:22:57.334+0000] {logging_mixin.py:190} INFO - [2026-09-23T08:22:57.333+0000] {dagbag.py:588} INFO - Filling up the DagBag from /opt/airflow/dags/dss150p_pipeline.py
[2026-09-23T08:22:57.381+0000] {processor.py:925} INFO - DAG(s) 'dss150p_sales_pipeline' retrieved from /opt/airflow/dags/dss150p_pipeline.py
[2026-09-23T08:22:57.429+0000] {logging_mixin.py:190} INFO - [2026-09-23T08:22:57.428+0000] {dag.py:3239} INFO - Sync 1 DAGs
[2026-09-23T08:22:57.458+0000] {logging_mixin.py:190} INFO - [2026-09-23T08:22:57.458+0000] {dag.py:4180} INFO - Setting next_dagrun for dss150p_sales_pipeline to 2026-09-23 02:00:00+00:00, run_after=2026-09-24 02:00:00+00:00
[2026-09-23T08:22:57.481+0000] {processor.py:208} INFO - Processing /opt/airflow/dags/dss150p_pipeline.py took 0.176 seconds
[2026-09-23T08:23:28.050+0000] {processor.py:186} INFO - Started process (PID=4133) to work on /opt/airflow/dags/dss150p_pipeline.py
[2026-09-23T08:23:28.058+0000] {processor.py:914} INFO - Processing file /opt/airflow/dags/dss150p_pipeline.py for tasks to queue
[2026-09-23T08:23:28.109+0000] {logging_mixin.py:190} INFO - [2026-09-23T08:23:28.106+0000] {dagbag.py:588} INFO - Filling up the DagBag from /opt/airflow/dags/dss150p_pipeline.py
[2026-09-23T08:23:28.188+0000] {processor.py:925} INFO - DAG(s) 'dss150p_sales_pipeline' retrieved from /opt/airflow/dags/dss150p_pipeline.py
[2026-09-23T08:23:28.318+0000] {logging_mixin.py:190} INFO - [2026-09-23T08:23:28.317+0000] {dag.py:3239} INFO - Sync 1 DAGs
[2026-09-23T08:23:28.387+0000] {logging_mixin.py:190} INFO - [2026-09-23T08:23:28.387+0000] {dag.py:4180} INFO - Setting next_dagrun for dss150p_sales_pipeline to 2026-09-23 02:00:00+00:00, run_after=2026-09-24 02:00:00+00:00
[2026-09-23T08:23:28.411+0000] {processor.py:208} INFO - Processing /opt/airflow/dags/dss150p_pipeline.py took 0.402 seconds
[2026-09-23T08:23:58.668+0000] {processor.py:186} INFO - Started process (PID=4138) to work on /opt/airflow/dags/dss150p_pipeline.py
[2026-09-23T08:23:58.670+0000] {processor.py:914} INFO - Processing file /opt/airflow/dags/dss150p_pipeline.py for tasks to queue
[2026-09-23T08:23:58.674+0000] {logging_mixin.py:190} INFO - [2026-09-23T08:23:58.674+0000] {dagbag.py:588} INFO - Filling up the DagBag from /opt/airflow/dags/dss150p_pipeline.py
[2026-09-23T08:23:58.703+0000] {processor.py:925} INFO - DAG(s) 'dss150p_sales_pipeline' retrieved from /opt/airflow/dags/dss150p_pipeline.py
[2026-09-23T08:23:58.767+0000] {logging_mixin.py:190} INFO - [2026-09-23T08:23:58.767+0000] {dag.py:3239} INFO - Sync 1 DAGs
[2026-09-23T08:23:58.802+0000] {logging_mixin.py:190} INFO - [2026-09-23T08:23:58.800+0000] {dag.py:4180} INFO - Setting next_dagrun for dss150p_sales_pipeline to 2026-09-23 02:00:00+00:00, run_after=2026-09-24 02:00:00+00:00
[2026-09-23T08:23:58.830+0000] {processor.py:208} INFO - Processing /opt/airflow/dags/dss150p_pipeline.py took 0.179 seconds
[2026-09-23T08:24:29.108+0000] {processor.py:186} INFO - Started process (PID=4143) to work on /opt/airflow/dags/dss150p_pipeline.py
[2026-09-23T08:24:29.112+0000] {processor.py:914} INFO - Processing file /opt/airflow/dags/dss150p_pipeline.py for tasks to queue
[2026-09-23T08:24:29.118+0000] {logging_mixin.py:190} INFO - [2026-09-23T08:24:29.117+0000] {dagbag.py:588} INFO - Filling up the DagBag from /opt/airflow/dags/dss150p_pipeline.py
[2026-09-23T08:24:29.152+0000] {processor.py:925} INFO - DAG(s) 'dss150p_sales_pipeline' retrieved from /opt/airflow/dags/dss150p_pipeline.py
[2026-09-23T08:24:29.212+0000] {logging_mixin.py:190} INFO - [2026-09-23T08:24:29.211+0000] {dag.py:3239} INFO - Sync 1 DAGs
[2026-09-23T08:24:29.240+0000] {logging_mixin.py:190} INFO - [2026-09-23T08:24:29.240+0000] {dag.py:4180} INFO - Setting next_dagrun for dss150p_sales_pipeline to 2026-09-23 02:00:00+00:00, run_after=2026-09-24 02:00:00+00:00
[2026-09-23T08:24:29.259+0000] {processor.py:208} INFO - Processing /opt/airflow/dags/dss150p_pipeline.py took 0.168 seconds
[2026-09-23T08:24:59.345+0000] {processor.py:186} INFO - Started process (PID=4148) to work on /opt/airflow/dags/dss150p_pipeline.py
[2026-09-23T08:24:59.347+0000] {processor.py:914} INFO - Processing file /opt/airflow/dags/dss150p_pipeline.py for tasks to queue
[2026-09-23T08:24:59.351+0000] {logging_mixin.py:190} INFO - [2026-09-23T08:24:59.350+0000] {dagbag.py:588} INFO - Filling up the DagBag from /opt/airflow/dags/dss150p_pipeline.py
[2026-09-23T08:24:59.381+0000] {processor.py:925} INFO - DAG(s) 'dss150p_sales_pipeline' retrieved from /opt/airflow/dags/dss150p_pipeline.py
[2026-09-23T08:24:59.435+0000] {logging_mixin.py:190} INFO - [2026-09-23T08:24:59.435+0000] {dag.py:3239} INFO - Sync 1 DAGs
[2026-09-23T08:24:59.462+0000] {logging_mixin.py:190} INFO - [2026-09-23T08:24:59.462+0000] {dag.py:4180} INFO - Setting next_dagrun for dss150p_sales_pipeline to 2026-09-23 02:00:00+00:00, run_after=2026-09-24 02:00:00+00:00
[2026-09-23T08:24:59.490+0000] {processor.py:208} INFO - Processing /opt/airflow/dags/dss150p_pipeline.py took 0.157 seconds
[2026-09-23T08:25:29.723+0000] {processor.py:186} INFO - Started process (PID=4153) to work on /opt/airflow/dags/dss150p_pipeline.py
[2026-09-23T08:25:29.726+0000] {processor.py:914} INFO - Processing file /opt/airflow/dags/dss150p_pipeline.py for tasks to queue
[2026-09-23T08:25:29.732+0000] {logging_mixin.py:190} INFO - [2026-09-23T08:25:29.730+0000] {dagbag.py:588} INFO - Filling up the DagBag from /opt/airflow/dags/dss150p_pipeline.py
[2026-09-23T08:25:29.761+0000] {processor.py:925} INFO - DAG(s) 'dss150p_sales_pipeline' retrieved from /opt/airflow/dags/dss150p_pipeline.py
[2026-09-23T08:25:29.830+0000] {logging_mixin.py:190} INFO - [2026-09-23T08:25:29.830+0000] {dag.py:3239} INFO - Sync 1 DAGs
[2026-09-23T08:25:29.859+0000] {logging_mixin.py:190} INFO - [2026-09-23T08:25:29.859+0000] {dag.py:4180} INFO - Setting next_dagrun for dss150p_sales_pipeline to 2026-09-23 02:00:00+00:00, run_after=2026-09-24 02:00:00+00:00
[2026-09-23T08:25:29.876+0000] {processor.py:208} INFO - Processing /opt/airflow/dags/dss150p_pipeline.py took 0.171 seconds
[2026-09-23T08:25:59.972+0000] {processor.py:186} INFO - Started process (PID=4158) to work on /opt/airflow/dags/dss150p_pipeline.py
[2026-09-23T08:25:59.974+0000] {processor.py:914} INFO - Processing file /opt/airflow/dags/dss150p_pipeline.py for tasks to queue
[2026-09-23T08:25:59.977+0000] {logging_mixin.py:190} INFO - [2026-09-23T08:25:59.977+0000] {dagbag.py:588} INFO - Filling up the DagBag from /opt/airflow/dags/dss150p_pipeline.py
[2026-09-23T08:26:00.018+0000] {processor.py:925} INFO - DAG(s) 'dss150p_sales_pipeline' retrieved from /opt/airflow/dags/dss150p_pipeline.py
[2026-09-23T08:26:00.111+0000] {logging_mixin.py:190} INFO - [2026-09-23T08:26:00.111+0000] {dag.py:3239} INFO - Sync 1 DAGs
[2026-09-23T08:26:00.135+0000] {logging_mixin.py:190} INFO - [2026-09-23T08:26:00.135+0000] {dag.py:4180} INFO - Setting next_dagrun for dss150p_sales_pipeline to 2026-09-23 02:00:00+00:00, run_after=2026-09-24 02:00:00+00:00
[2026-09-23T08:26:00.152+0000] {processor.py:208} INFO - Processing /opt/airflow/dags/dss150p_pipeline.py took 0.196 seconds
[2026-09-23T08:26:30.356+0000] {processor.py:186} INFO - Started process (PID=4163) to work on /opt/airflow/dags/dss150p_pipeline.py
[2026-09-23T08:26:30.357+0000] {processor.py:914} INFO - Processing file /opt/airflow/dags/dss150p_pipeline.py for tasks to queue
[2026-09-23T08:26:30.362+0000] {logging_mixin.py:190} INFO - [2026-09-23T08:26:30.361+0000] {dagbag.py:588} INFO - Filling up the DagBag from /opt/airflow/dags/dss150p_pipeline.py
[2026-09-23T08:26:30.404+0000] {processor.py:925} INFO - DAG(s) 'dss150p_sales_pipeline' retrieved from /opt/airflow/dags/dss150p_pipeline.py
[2026-09-23T08:26:30.491+0000] {logging_mixin.py:190} INFO - [2026-09-23T08:26:30.491+0000] {dag.py:3239} INFO - Sync 1 DAGs
[2026-09-23T08:26:30.526+0000] {logging_mixin.py:190} INFO - [2026-09-23T08:26:30.525+0000] {dag.py:4180} INFO - Setting next_dagrun for dss150p_sales_pipeline to 2026-09-23 02:00:00+00:00, run_after=2026-09-24 02:00:00+00:00
[2026-09-23T08:26:30.570+0000] {processor.py:208} INFO - Processing /opt/airflow/dags/dss150p_pipeline.py took 0.236 seconds
[2026-09-23T08:27:00.697+0000] {processor.py:186} INFO - Started process (PID=4168) to work on /opt/airflow/dags/dss150p_pipeline.py
[2026-09-23T08:27:00.698+0000] {processor.py:914} INFO - Processing file /opt/airflow/dags/dss150p_pipeline.py for tasks to queue
[2026-09-23T08:27:00.701+0000] {logging_mixin.py:190} INFO - [2026-09-23T08:27:00.700+0000] {dagbag.py:588} INFO - Filling up the DagBag from /opt/airflow/dags/dss150p_pipeline.py
[2026-09-23T08:27:00.727+0000] {processor.py:925} INFO - DAG(s) 'dss150p_sales_pipeline' retrieved from /opt/airflow/dags/dss150p_pipeline.py
[2026-09-23T08:27:00.806+0000] {logging_mixin.py:190} INFO - [2026-09-23T08:27:00.806+0000] {dag.py:3239} INFO - Sync 1 DAGs
[2026-09-23T08:27:00.831+0000] {logging_mixin.py:190} INFO - [2026-09-23T08:27:00.831+0000] {dag.py:4180} INFO - Setting next_dagrun for dss150p_sales_pipeline to 2026-09-23 02:00:00+00:00, run_after=2026-09-24 02:00:00+00:00
[2026-09-23T08:27:00.848+0000] {processor.py:208} INFO - Processing /opt/airflow/dags/dss150p_pipeline.py took 0.164 seconds
[2026-09-23T08:27:31.040+0000] {processor.py:186} INFO - Started process (PID=4173) to work on /opt/airflow/dags/dss150p_pipeline.py
[2026-09-23T08:27:31.041+0000] {processor.py:914} INFO - Processing file /opt/airflow/dags/dss150p_pipeline.py for tasks to queue
[2026-09-23T08:27:31.046+0000] {logging_mixin.py:190} INFO - [2026-09-23T08:27:31.046+0000] {dagbag.py:588} INFO - Filling up the DagBag from /opt/airflow/dags/dss150p_pipeline.py
[2026-09-23T08:27:31.074+0000] {processor.py:925} INFO - DAG(s) 'dss150p_sales_pipeline' retrieved from /opt/airflow/dags/dss150p_pipeline.py
[2026-09-23T08:27:31.146+0000] {logging_mixin.py:190} INFO - [2026-09-23T08:27:31.146+0000] {dag.py:3239} INFO - Sync 1 DAGs
[2026-09-23T08:27:31.171+0000] {logging_mixin.py:190} INFO - [2026-09-23T08:27:31.171+0000] {dag.py:4180} INFO - Setting next_dagrun for dss150p_sales_pipeline to 2026-09-23 02:00:00+00:00, run_after=2026-09-24 02:00:00+00:00
[2026-09-23T08:27:31.186+0000] {processor.py:208} INFO - Processing /opt/airflow/dags/dss150p_pipeline.py took 0.165 seconds
[2026-09-23T08:28:01.468+0000] {processor.py:186} INFO - Started process (PID=4178) to work on /opt/airflow/dags/dss150p_pipeline.py
[2026-09-23T08:28:01.469+0000] {processor.py:914} INFO - Processing file /opt/airflow/dags/dss150p_pipeline.py for tasks to queue
[2026-09-23T08:28:01.471+0000] {logging_mixin.py:190} INFO - [2026-09-23T08:28:01.471+0000] {dagbag.py:588} INFO - Filling up the DagBag from /opt/airflow/dags/dss150p_pipeline.py
[2026-09-23T08:28:01.510+0000] {processor.py:925} INFO - DAG(s) 'dss150p_sales_pipeline' retrieved from /opt/airflow/dags/dss150p_pipeline.py
[2026-09-23T08:28:01.616+0000] {logging_mixin.py:190} INFO - [2026-09-23T08:28:01.616+0000] {dag.py:3239} INFO - Sync 1 DAGs
[2026-09-23T08:28:01.647+0000] {logging_mixin.py:190} INFO - [2026-09-23T08:28:01.647+0000] {dag.py:4180} INFO - Setting next_dagrun for dss150p_sales_pipeline to 2026-09-23 02:00:00+00:00, run_after=2026-09-24 02:00:00+00:00
[2026-09-23T08:28:01.666+0000] {processor.py:208} INFO - Processing /opt/airflow/dags/dss150p_pipeline.py took 0.211 seconds
[2026-09-23T08:28:31.921+0000] {processor.py:186} INFO - Started process (PID=4183) to work on /opt/airflow/dags/dss150p_pipeline.py
[2026-09-23T08:28:31.922+0000] {processor.py:914} INFO - Processing file /opt/airflow/dags/dss150p_pipeline.py for tasks to queue
[2026-09-23T08:28:31.925+0000] {logging_mixin.py:190} INFO - [2026-09-23T08:28:31.924+0000] {dagbag.py:588} INFO - Filling up the DagBag from /opt/airflow/dags/dss150p_pipeline.py
[2026-09-23T08:28:31.943+0000] {processor.py:925} INFO - DAG(s) 'dss150p_sales_pipeline' retrieved from /opt/airflow/dags/dss150p_pipeline.py
[2026-09-23T08:28:32.030+0000] {logging_mixin.py:190} INFO - [2026-09-23T08:28:32.029+0000] {dag.py:3239} INFO - Sync 1 DAGs
[2026-09-23T08:28:32.053+0000] {logging_mixin.py:190} INFO - [2026-09-23T08:28:32.053+0000] {dag.py:4180} INFO - Setting next_dagrun for dss150p_sales_pipeline to 2026-09-23 02:00:00+00:00, run_after=2026-09-24 02:00:00+00:00
[2026-09-23T08:28:32.072+0000] {processor.py:208} INFO - Processing /opt/airflow/dags/dss150p_pipeline.py took 0.162 seconds
[2026-09-23T08:29:02.398+0000] {processor.py:186} INFO - Started process (PID=4188) to work on /opt/airflow/dags/dss150p_pipeline.py
[2026-09-23T08:29:02.400+0000] {processor.py:914} INFO - Processing file /opt/airflow/dags/dss150p_pipeline.py for tasks to queue
[2026-09-23T08:29:02.405+0000] {logging_mixin.py:190} INFO - [2026-09-23T08:29:02.404+0000] {dagbag.py:588} INFO - Filling up the DagBag from /opt/airflow/dags/dss150p_pipeline.py
[2026-09-23T08:29:02.436+0000] {processor.py:925} INFO - DAG(s) 'dss150p_sales_pipeline' retrieved from /opt/airflow/dags/dss150p_pipeline.py
[2026-09-23T08:29:02.567+0000] {logging_mixin.py:190} INFO - [2026-09-23T08:29:02.567+0000] {dag.py:3239} INFO - Sync 1 DAGs
[2026-09-23T08:29:02.703+0000] {logging_mixin.py:190} INFO - [2026-09-23T08:29:02.703+0000] {dag.py:4180} INFO - Setting next_dagrun for dss150p_sales_pipeline to 2026-09-23 02:00:00+00:00, run_after=2026-09-24 02:00:00+00:00
[2026-09-23T08:29:03.077+0000] {processor.py:208} INFO - Processing /opt/airflow/dags/dss150p_pipeline.py took 0.691 seconds
[2026-09-23T08:29:34.102+0000] {processor.py:186} INFO - Started process (PID=4193) to work on /opt/airflow/dags/dss150p_pipeline.py
[2026-09-23T08:29:34.105+0000] {processor.py:914} INFO - Processing file /opt/airflow/dags/dss150p_pipeline.py for tasks to queue
[2026-09-23T08:29:34.113+0000] {logging_mixin.py:190} INFO - [2026-09-23T08:29:34.112+0000] {dagbag.py:588} INFO - Filling up the DagBag from /opt/airflow/dags/dss150p_pipeline.py
[2026-09-23T08:29:34.173+0000] {processor.py:925} INFO - DAG(s) 'dss150p_sales_pipeline' retrieved from /opt/airflow/dags/dss150p_pipeline.py
[2026-09-23T08:29:35.189+0000] {logging_mixin.py:190} INFO - [2026-09-23T08:29:35.184+0000] {dag.py:3239} INFO - Sync 1 DAGs
[2026-09-23T08:29:35.678+0000] {logging_mixin.py:190} INFO - [2026-09-23T08:29:35.677+0000] {dag.py:4180} INFO - Setting next_dagrun for dss150p_sales_pipeline to 2026-09-23 02:00:00+00:00, run_after=2026-09-24 02:00:00+00:00
[2026-09-23T08:29:36.194+0000] {processor.py:208} INFO - Processing /opt/airflow/dags/dss150p_pipeline.py took 2.136 seconds
[2026-09-23T08:30:07.439+0000] {processor.py:186} INFO - Started process (PID=4198) to work on /opt/airflow/dags/dss150p_pipeline.py
[2026-09-23T08:30:07.440+0000] {processor.py:914} INFO - Processing file /opt/airflow/dags/dss150p_pipeline.py for tasks to queue
[2026-09-23T08:30:07.446+0000] {logging_mixin.py:190} INFO - [2026-09-23T08:30:07.446+0000] {dagbag.py:588} INFO - Filling up the DagBag from /opt/airflow/dags/dss150p_pipeline.py
[2026-09-23T08:30:07.479+0000] {processor.py:925} INFO - DAG(s) 'dss150p_sales_pipeline' retrieved from /opt/airflow/dags/dss150p_pipeline.py
[2026-09-23T08:30:07.814+0000] {logging_mixin.py:190} INFO - [2026-09-23T08:30:07.813+0000] {dag.py:3239} INFO - Sync 1 DAGs
[2026-09-23T08:30:07.946+0000] {logging_mixin.py:190} INFO - [2026-09-23T08:30:07.943+0000] {dag.py:4180} INFO - Setting next_dagrun for dss150p_sales_pipeline to 2026-09-23 02:00:00+00:00, run_after=2026-09-24 02:00:00+00:00
[2026-09-23T08:30:08.053+0000] {processor.py:208} INFO - Processing /opt/airflow/dags/dss150p_pipeline.py took 0.631 seconds
[2026-09-23T08:30:39.267+0000] {processor.py:186} INFO - Started process (PID=4203) to work on /opt/airflow/dags/dss150p_pipeline.py
[2026-09-23T08:30:39.319+0000] {processor.py:914} INFO - Processing file /opt/airflow/dags/dss150p_pipeline.py for tasks to queue
[2026-09-23T08:30:39.521+0000] {logging_mixin.py:190} INFO - [2026-09-23T08:30:39.484+0000] {dagbag.py:588} INFO - Filling up the DagBag from /opt/airflow/dags/dss150p_pipeline.py
[2026-09-23T08:30:40.477+0000] {processor.py:925} INFO - DAG(s) 'dss150p_sales_pipeline' retrieved from /opt/airflow/dags/dss150p_pipeline.py
[2026-09-23T08:30:40.650+0000] {logging_mixin.py:190} INFO - [2026-09-23T08:30:40.649+0000] {dag.py:3239} INFO - Sync 1 DAGs
[2026-09-23T08:30:40.692+0000] {logging_mixin.py:190} INFO - [2026-09-23T08:30:40.691+0000] {dag.py:4180} INFO - Setting next_dagrun for dss150p_sales_pipeline to 2026-09-23 02:00:00+00:00, run_after=2026-09-24 02:00:00+00:00
[2026-09-23T08:30:40.720+0000] {processor.py:208} INFO - Processing /opt/airflow/dags/dss150p_pipeline.py took 1.716 seconds
[2026-09-23T08:31:10.795+0000] {processor.py:186} INFO - Started process (PID=4208) to work on /opt/airflow/dags/dss150p_pipeline.py
[2026-09-23T08:31:10.797+0000] {processor.py:914} INFO - Processing file /opt/airflow/dags/dss150p_pipeline.py for tasks to queue
[2026-09-23T08:31:10.801+0000] {logging_mixin.py:190} INFO - [2026-09-23T08:31:10.801+0000] {dagbag.py:588} INFO - Filling up the DagBag from /opt/airflow/dags/dss150p_pipeline.py
[2026-09-23T08:31:10.821+0000] {processor.py:925} INFO - DAG(s) 'dss150p_sales_pipeline' retrieved from /opt/airflow/dags/dss150p_pipeline.py
[2026-09-23T08:31:10.849+0000] {logging_mixin.py:190} INFO - [2026-09-23T08:31:10.849+0000] {dag.py:3239} INFO - Sync 1 DAGs
[2026-09-23T08:31:10.872+0000] {logging_mixin.py:190} INFO - [2026-09-23T08:31:10.872+0000] {dag.py:4180} INFO - Setting next_dagrun for dss150p_sales_pipeline to 2026-09-23 02:00:00+00:00, run_after=2026-09-24 02:00:00+00:00
[2026-09-23T08:31:10.884+0000] {processor.py:208} INFO - Processing /opt/airflow/dags/dss150p_pipeline.py took 0.102 seconds
[2026-09-23T08:31:40.962+0000] {processor.py:186} INFO - Started process (PID=4213) to work on /opt/airflow/dags/dss150p_pipeline.py
[2026-09-23T08:31:40.963+0000] {processor.py:914} INFO - Processing file /opt/airflow/dags/dss150p_pipeline.py for tasks to queue
[2026-09-23T08:31:40.966+0000] {logging_mixin.py:190} INFO - [2026-09-23T08:31:40.965+0000] {dagbag.py:588} INFO - Filling up the DagBag from /opt/airflow/dags/dss150p_pipeline.py
[2026-09-23T08:31:40.993+0000] {processor.py:925} INFO - DAG(s) 'dss150p_sales_pipeline' retrieved from /opt/airflow/dags/dss150p_pipeline.py
[2026-09-23T08:31:41.041+0000] {logging_mixin.py:190} INFO - [2026-09-23T08:31:41.040+0000] {dag.py:3239} INFO - Sync 1 DAGs
[2026-09-23T08:31:41.055+0000] {logging_mixin.py:190} INFO - [2026-09-23T08:31:41.055+0000] {dag.py:4180} INFO - Setting next_dagrun for dss150p_sales_pipeline to 2026-09-23 02:00:00+00:00, run_after=2026-09-24 02:00:00+00:00
[2026-09-23T08:31:41.064+0000] {processor.py:208} INFO - Processing /opt/airflow/dags/dss150p_pipeline.py took 0.111 seconds
[2026-09-23T08:32:11.309+0000] {processor.py:186} INFO - Started process (PID=4218) to work on /opt/airflow/dags/dss150p_pipeline.py
[2026-09-23T08:32:11.310+0000] {processor.py:914} INFO - Processing file /opt/airflow/dags/dss150p_pipeline.py for tasks to queue
[2026-09-23T08:32:11.313+0000] {logging_mixin.py:190} INFO - [2026-09-23T08:32:11.313+0000] {dagbag.py:588} INFO - Filling up the DagBag from /opt/airflow/dags/dss150p_pipeline.py
[2026-09-23T08:32:11.333+0000] {processor.py:925} INFO - DAG(s) 'dss150p_sales_pipeline' retrieved from /opt/airflow/dags/dss150p_pipeline.py
[2026-09-23T08:32:11.365+0000] {logging_mixin.py:190} INFO - [2026-09-23T08:32:11.365+0000] {dag.py:3239} INFO - Sync 1 DAGs
[2026-09-23T08:32:11.387+0000] {logging_mixin.py:190} INFO - [2026-09-23T08:32:11.387+0000] {dag.py:4180} INFO - Setting next_dagrun for dss150p_sales_pipeline to 2026-09-23 02:00:00+00:00, run_after=2026-09-24 02:00:00+00:00
[2026-09-23T08:32:11.399+0000] {processor.py:208} INFO - Processing /opt/airflow/dags/dss150p_pipeline.py took 0.096 seconds
[2026-09-23T08:32:41.602+0000] {processor.py:186} INFO - Started process (PID=4223) to work on /opt/airflow/dags/dss150p_pipeline.py
[2026-09-23T08:32:41.603+0000] {processor.py:914} INFO - Processing file /opt/airflow/dags/dss150p_pipeline.py for tasks to queue
[2026-09-23T08:32:41.605+0000] {logging_mixin.py:190} INFO - [2026-09-23T08:32:41.605+0000] {dagbag.py:588} INFO - Filling up the DagBag from /opt/airflow/dags/dss150p_pipeline.py
[2026-09-23T08:32:41.620+0000] {processor.py:925} INFO - DAG(s) 'dss150p_sales_pipeline' retrieved from /opt/airflow/dags/dss150p_pipeline.py
[2026-09-23T08:32:41.643+0000] {logging_mixin.py:190} INFO - [2026-09-23T08:32:41.643+0000] {dag.py:3239} INFO - Sync 1 DAGs
[2026-09-23T08:32:41.661+0000] {logging_mixin.py:190} INFO - [2026-09-23T08:32:41.661+0000] {dag.py:4180} INFO - Setting next_dagrun for dss150p_sales_pipeline to 2026-09-23 02:00:00+00:00, run_after=2026-09-24 02:00:00+00:00
[2026-09-23T08:32:41.672+0000] {processor.py:208} INFO - Processing /opt/airflow/dags/dss150p_pipeline.py took 0.078 seconds
[2026-09-23T08:33:11.798+0000] {processor.py:186} INFO - Started process (PID=4228) to work on /opt/airflow/dags/dss150p_pipeline.py
[2026-09-23T08:33:11.800+0000] {processor.py:914} INFO - Processing file /opt/airflow/dags/dss150p_pipeline.py for tasks to queue
[2026-09-23T08:33:11.804+0000] {logging_mixin.py:190} INFO - [2026-09-23T08:33:11.804+0000] {dagbag.py:588} INFO - Filling up the DagBag from /opt/airflow/dags/dss150p_pipeline.py
[2026-09-23T08:33:11.823+0000] {processor.py:925} INFO - DAG(s) 'dss150p_sales_pipeline' retrieved from /opt/airflow/dags/dss150p_pipeline.py
[2026-09-23T08:33:11.850+0000] {logging_mixin.py:190} INFO - [2026-09-23T08:33:11.849+0000] {dag.py:3239} INFO - Sync 1 DAGs
[2026-09-23T08:33:11.868+0000] {logging_mixin.py:190} INFO - [2026-09-23T08:33:11.868+0000] {dag.py:4180} INFO - Setting next_dagrun for dss150p_sales_pipeline to 2026-09-23 02:00:00+00:00, run_after=2026-09-24 02:00:00+00:00
[2026-09-23T08:33:11.879+0000] {processor.py:208} INFO - Processing /opt/airflow/dags/dss150p_pipeline.py took 0.092 seconds
[2026-09-23T08:33:41.962+0000] {processor.py:186} INFO - Started process (PID=4233) to work on /opt/airflow/dags/dss150p_pipeline.py
[2026-09-23T08:33:41.962+0000] {processor.py:914} INFO - Processing file /opt/airflow/dags/dss150p_pipeline.py for tasks to queue
[2026-09-23T08:33:41.965+0000] {logging_mixin.py:190} INFO - [2026-09-23T08:33:41.965+0000] {dagbag.py:588} INFO - Filling up the DagBag from /opt/airflow/dags/dss150p_pipeline.py
[2026-09-23T08:33:41.984+0000] {processor.py:925} INFO - DAG(s) 'dss150p_sales_pipeline' retrieved from /opt/airflow/dags/dss150p_pipeline.py
[2026-09-23T08:33:42.019+0000] {logging_mixin.py:190} INFO - [2026-09-23T08:33:42.019+0000] {dag.py:3239} INFO - Sync 1 DAGs
[2026-09-23T08:33:42.042+0000] {logging_mixin.py:190} INFO - [2026-09-23T08:33:42.042+0000] {dag.py:4180} INFO - Setting next_dagrun for dss150p_sales_pipeline to 2026-09-23 02:00:00+00:00, run_after=2026-09-24 02:00:00+00:00
[2026-09-23T08:33:42.054+0000] {processor.py:208} INFO - Processing /opt/airflow/dags/dss150p_pipeline.py took 0.098 seconds
[2026-09-23T08:34:12.193+0000] {processor.py:186} INFO - Started process (PID=4238) to work on /opt/airflow/dags/dss150p_pipeline.py
[2026-09-23T08:34:12.194+0000] {processor.py:914} INFO - Processing file /opt/airflow/dags/dss150p_pipeline.py for tasks to queue
[2026-09-23T08:34:12.196+0000] {logging_mixin.py:190} INFO - [2026-09-23T08:34:12.196+0000] {dagbag.py:588} INFO - Filling up the DagBag from /opt/airflow/dags/dss150p_pipeline.py
[2026-09-23T08:34:12.207+0000] {processor.py:925} INFO - DAG(s) 'dss150p_sales_pipeline' retrieved from /opt/airflow/dags/dss150p_pipeline.py
[2026-09-23T08:34:12.231+0000] {logging_mixin.py:190} INFO - [2026-09-23T08:34:12.230+0000] {dag.py:3239} INFO - Sync 1 DAGs
[2026-09-23T08:34:12.244+0000] {logging_mixin.py:190} INFO - [2026-09-23T08:34:12.244+0000] {dag.py:4180} INFO - Setting next_dagrun for dss150p_sales_pipeline to 2026-09-23 02:00:00+00:00, run_after=2026-09-24 02:00:00+00:00
[2026-09-23T08:34:12.252+0000] {processor.py:208} INFO - Processing /opt/airflow/dags/dss150p_pipeline.py took 0.065 seconds
[2026-09-23T08:34:42.345+0000] {processor.py:186} INFO - Started process (PID=4243) to work on /opt/airflow/dags/dss150p_pipeline.py
[2026-09-23T08:34:42.346+0000] {processor.py:914} INFO - Processing file /opt/airflow/dags/dss150p_pipeline.py for tasks to queue
[2026-09-23T08:34:42.350+0000] {logging_mixin.py:190} INFO - [2026-09-23T08:34:42.349+0000] {dagbag.py:588} INFO - Filling up the DagBag from /opt/airflow/dags/dss150p_pipeline.py
[2026-09-23T08:34:42.367+0000] {processor.py:925} INFO - DAG(s) 'dss150p_sales_pipeline' retrieved from /opt/airflow/dags/dss150p_pipeline.py
[2026-09-23T08:34:42.399+0000] {logging_mixin.py:190} INFO - [2026-09-23T08:34:42.399+0000] {dag.py:3239} INFO - Sync 1 DAGs
[2026-09-23T08:34:42.417+0000] {logging_mixin.py:190} INFO - [2026-09-23T08:34:42.417+0000] {dag.py:4180} INFO - Setting next_dagrun for dss150p_sales_pipeline to 2026-09-23 02:00:00+00:00, run_after=2026-09-24 02:00:00+00:00
[2026-09-23T08:34:42.427+0000] {processor.py:208} INFO - Processing /opt/airflow/dags/dss150p_pipeline.py took 0.092 seconds
[2026-09-23T08:35:12.650+0000] {processor.py:186} INFO - Started process (PID=4248) to work on /opt/airflow/dags/dss150p_pipeline.py
[2026-09-23T08:35:12.653+0000] {processor.py:914} INFO - Processing file /opt/airflow/dags/dss150p_pipeline.py for tasks to queue
[2026-09-23T08:35:12.656+0000] {logging_mixin.py:190} INFO - [2026-09-23T08:35:12.656+0000] {dagbag.py:588} INFO - Filling up the DagBag from /opt/airflow/dags/dss150p_pipeline.py
[2026-09-23T08:35:12.676+0000] {processor.py:925} INFO - DAG(s) 'dss150p_sales_pipeline' retrieved from /opt/airflow/dags/dss150p_pipeline.py
[2026-09-23T08:35:12.705+0000] {logging_mixin.py:190} INFO - [2026-09-23T08:35:12.705+0000] {dag.py:3239} INFO - Sync 1 DAGs
[2026-09-23T08:35:12.723+0000] {logging_mixin.py:190} INFO - [2026-09-23T08:35:12.723+0000] {dag.py:4180} INFO - Setting next_dagrun for dss150p_sales_pipeline to 2026-09-23 02:00:00+00:00, run_after=2026-09-24 02:00:00+00:00
[2026-09-23T08:35:12.733+0000] {processor.py:208} INFO - Processing /opt/airflow/dags/dss150p_pipeline.py took 0.091 seconds
[2026-09-23T08:35:42.970+0000] {processor.py:186} INFO - Started process (PID=4253) to work on /opt/airflow/dags/dss150p_pipeline.py
[2026-09-23T08:35:42.971+0000] {processor.py:914} INFO - Processing file /opt/airflow/dags/dss150p_pipeline.py for tasks to queue
[2026-09-23T08:35:42.976+0000] {logging_mixin.py:190} INFO - [2026-09-23T08:35:42.975+0000] {dagbag.py:588} INFO - Filling up the DagBag from /opt/airflow/dags/dss150p_pipeline.py
[2026-09-23T08:35:42.995+0000] {processor.py:925} INFO - DAG(s) 'dss150p_sales_pipeline' retrieved from /opt/airflow/dags/dss150p_pipeline.py
[2026-09-23T08:35:43.025+0000] {logging_mixin.py:190} INFO - [2026-09-23T08:35:43.025+0000] {dag.py:3239} INFO - Sync 1 DAGs
[2026-09-23T08:35:43.043+0000] {logging_mixin.py:190} INFO - [2026-09-23T08:35:43.043+0000] {dag.py:4180} INFO - Setting next_dagrun for dss150p_sales_pipeline to 2026-09-23 02:00:00+00:00, run_after=2026-09-24 02:00:00+00:00
[2026-09-23T08:35:43.057+0000] {processor.py:208} INFO - Processing /opt/airflow/dags/dss150p_pipeline.py took 0.099 seconds
[2026-09-23T08:36:13.296+0000] {processor.py:186} INFO - Started process (PID=4258) to work on /opt/airflow/dags/dss150p_pipeline.py
[2026-09-23T08:36:13.297+0000] {processor.py:914} INFO - Processing file /opt/airflow/dags/dss150p_pipeline.py for tasks to queue
[2026-09-23T08:36:13.300+0000] {logging_mixin.py:190} INFO - [2026-09-23T08:36:13.299+0000] {dagbag.py:588} INFO - Filling up the DagBag from /opt/airflow/dags/dss150p_pipeline.py
[2026-09-23T08:36:13.327+0000] {processor.py:925} INFO - DAG(s) 'dss150p_sales_pipeline' retrieved from /opt/airflow/dags/dss150p_pipeline.py
[2026-09-23T08:36:13.369+0000] {logging_mixin.py:190} INFO - [2026-09-23T08:36:13.368+0000] {dag.py:3239} INFO - Sync 1 DAGs
[2026-09-23T08:36:13.386+0000] {logging_mixin.py:190} INFO - [2026-09-23T08:36:13.386+0000] {dag.py:4180} INFO - Setting next_dagrun for dss150p_sales_pipeline to 2026-09-23 02:00:00+00:00, run_after=2026-09-24 02:00:00+00:00
[2026-09-23T08:36:13.399+0000] {processor.py:208} INFO - Processing /opt/airflow/dags/dss150p_pipeline.py took 0.112 seconds
[2026-09-23T08:36:43.532+0000] {processor.py:186} INFO - Started process (PID=4263) to work on /opt/airflow/dags/dss150p_pipeline.py
[2026-09-23T08:36:43.534+0000] {processor.py:914} INFO - Processing file /opt/airflow/dags/dss150p_pipeline.py for tasks to queue
[2026-09-23T08:36:43.538+0000] {logging_mixin.py:190} INFO - [2026-09-23T08:36:43.537+0000] {dagbag.py:588} INFO - Filling up the DagBag from /opt/airflow/dags/dss150p_pipeline.py
[2026-09-23T08:36:43.555+0000] {processor.py:925} INFO - DAG(s) 'dss150p_sales_pipeline' retrieved from /opt/airflow/dags/dss150p_pipeline.py
[2026-09-23T08:36:43.587+0000] {logging_mixin.py:190} INFO - [2026-09-23T08:36:43.587+0000] {dag.py:3239} INFO - Sync 1 DAGs
[2026-09-23T08:36:43.610+0000] {logging_mixin.py:190} INFO - [2026-09-23T08:36:43.610+0000] {dag.py:4180} INFO - Setting next_dagrun for dss150p_sales_pipeline to 2026-09-23 02:00:00+00:00, run_after=2026-09-24 02:00:00+00:00
[2026-09-23T08:36:43.625+0000] {processor.py:208} INFO - Processing /opt/airflow/dags/dss150p_pipeline.py took 0.104 seconds
[2026-09-23T08:37:13.956+0000] {processor.py:186} INFO - Started process (PID=4268) to work on /opt/airflow/dags/dss150p_pipeline.py
[2026-09-23T08:37:13.957+0000] {processor.py:914} INFO - Processing file /opt/airflow/dags/dss150p_pipeline.py for tasks to queue
[2026-09-23T08:37:13.960+0000] {logging_mixin.py:190} INFO - [2026-09-23T08:37:13.959+0000] {dagbag.py:588} INFO - Filling up the DagBag from /opt/airflow/dags/dss150p_pipeline.py
[2026-09-23T08:37:13.996+0000] {processor.py:925} INFO - DAG(s) 'dss150p_sales_pipeline' retrieved from /opt/airflow/dags/dss150p_pipeline.py
[2026-09-23T08:37:14.051+0000] {logging_mixin.py:190} INFO - [2026-09-23T08:37:14.051+0000] {dag.py:3239} INFO - Sync 1 DAGs
[2026-09-23T08:37:14.074+0000] {logging_mixin.py:190} INFO - [2026-09-23T08:37:14.074+0000] {dag.py:4180} INFO - Setting next_dagrun for dss150p_sales_pipeline to 2026-09-23 02:00:00+00:00, run_after=2026-09-24 02:00:00+00:00
[2026-09-23T08:37:14.098+0000] {processor.py:208} INFO - Processing /opt/airflow/dags/dss150p_pipeline.py took 0.152 seconds
[2026-09-23T08:37:44.193+0000] {processor.py:186} INFO - Started process (PID=4273) to work on /opt/airflow/dags/dss150p_pipeline.py
[2026-09-23T08:37:44.195+0000] {processor.py:914} INFO - Processing file /opt/airflow/dags/dss150p_pipeline.py for tasks to queue
[2026-09-23T08:37:44.199+0000] {logging_mixin.py:190} INFO - [2026-09-23T08:37:44.199+0000] {dagbag.py:588} INFO - Filling up the DagBag from /opt/airflow/dags/dss150p_pipeline.py
[2026-09-23T08:37:44.235+0000] {processor.py:925} INFO - DAG(s) 'dss150p_sales_pipeline' retrieved from /opt/airflow/dags/dss150p_pipeline.py
[2026-09-23T08:37:44.296+0000] {logging_mixin.py:190} INFO - [2026-09-23T08:37:44.296+0000] {dag.py:3239} INFO - Sync 1 DAGs
[2026-09-23T08:37:44.329+0000] {logging_mixin.py:190} INFO - [2026-09-23T08:37:44.329+0000] {dag.py:4180} INFO - Setting next_dagrun for dss150p_sales_pipeline to 2026-09-23 02:00:00+00:00, run_after=2026-09-24 02:00:00+00:00
[2026-09-23T08:37:44.343+0000] {processor.py:208} INFO - Processing /opt/airflow/dags/dss150p_pipeline.py took 0.173 seconds
[2026-09-23T08:38:14.620+0000] {processor.py:186} INFO - Started process (PID=4278) to work on /opt/airflow/dags/dss150p_pipeline.py
[2026-09-23T08:38:14.622+0000] {processor.py:914} INFO - Processing file /opt/airflow/dags/dss150p_pipeline.py for tasks to queue
[2026-09-23T08:38:14.630+0000] {logging_mixin.py:190} INFO - [2026-09-23T08:38:14.629+0000] {dagbag.py:588} INFO - Filling up the DagBag from /opt/airflow/dags/dss150p_pipeline.py
[2026-09-23T08:38:14.678+0000] {processor.py:925} INFO - DAG(s) 'dss150p_sales_pipeline' retrieved from /opt/airflow/dags/dss150p_pipeline.py
[2026-09-23T08:38:14.729+0000] {logging_mixin.py:190} INFO - [2026-09-23T08:38:14.728+0000] {dag.py:3239} INFO - Sync 1 DAGs
[2026-09-23T08:38:14.760+0000] {logging_mixin.py:190} INFO - [2026-09-23T08:38:14.760+0000] {dag.py:4180} INFO - Setting next_dagrun for dss150p_sales_pipeline to 2026-09-23 02:00:00+00:00, run_after=2026-09-24 02:00:00+00:00
[2026-09-23T08:38:14.775+0000] {processor.py:208} INFO - Processing /opt/airflow/dags/dss150p_pipeline.py took 0.174 seconds
[2026-09-23T08:38:45.003+0000] {processor.py:186} INFO - Started process (PID=4283) to work on /opt/airflow/dags/dss150p_pipeline.py
[2026-09-23T08:38:45.008+0000] {processor.py:914} INFO - Processing file /opt/airflow/dags/dss150p_pipeline.py for tasks to queue
[2026-09-23T08:38:45.018+0000] {logging_mixin.py:190} INFO - [2026-09-23T08:38:45.017+0000] {dagbag.py:588} INFO - Filling up the DagBag from /opt/airflow/dags/dss150p_pipeline.py
[2026-09-23T08:38:45.052+0000] {processor.py:925} INFO - DAG(s) 'dss150p_sales_pipeline' retrieved from /opt/airflow/dags/dss150p_pipeline.py
[2026-09-23T08:38:45.106+0000] {logging_mixin.py:190} INFO - [2026-09-23T08:38:45.105+0000] {dag.py:3239} INFO - Sync 1 DAGs
[2026-09-23T08:38:45.137+0000] {logging_mixin.py:190} INFO - [2026-09-23T08:38:45.137+0000] {dag.py:4180} INFO - Setting next_dagrun for dss150p_sales_pipeline to 2026-09-23 02:00:00+00:00, run_after=2026-09-24 02:00:00+00:00
[2026-09-23T08:38:45.157+0000] {processor.py:208} INFO - Processing /opt/airflow/dags/dss150p_pipeline.py took 0.168 seconds
[2026-09-23T08:39:15.221+0000] {processor.py:186} INFO - Started process (PID=4288) to work on /opt/airflow/dags/dss150p_pipeline.py
[2026-09-23T08:39:15.222+0000] {processor.py:914} INFO - Processing file /opt/airflow/dags/dss150p_pipeline.py for tasks to queue
[2026-09-23T08:39:15.228+0000] {logging_mixin.py:190} INFO - [2026-09-23T08:39:15.227+0000] {dagbag.py:588} INFO - Filling up the DagBag from /opt/airflow/dags/dss150p_pipeline.py
[2026-09-23T08:39:15.253+0000] {processor.py:925} INFO - DAG(s) 'dss150p_sales_pipeline' retrieved from /opt/airflow/dags/dss150p_pipeline.py
[2026-09-23T08:39:15.296+0000] {logging_mixin.py:190} INFO - [2026-09-23T08:39:15.296+0000] {dag.py:3239} INFO - Sync 1 DAGs
[2026-09-23T08:39:15.322+0000] {logging_mixin.py:190} INFO - [2026-09-23T08:39:15.322+0000] {dag.py:4180} INFO - Setting next_dagrun for dss150p_sales_pipeline to 2026-09-23 02:00:00+00:00, run_after=2026-09-24 02:00:00+00:00
[2026-09-23T08:39:15.340+0000] {processor.py:208} INFO - Processing /opt/airflow/dags/dss150p_pipeline.py took 0.133 seconds
[2026-09-23T08:39:45.542+0000] {processor.py:186} INFO - Started process (PID=4293) to work on /opt/airflow/dags/dss150p_pipeline.py
[2026-09-23T08:39:45.544+0000] {processor.py:914} INFO - Processing file /opt/airflow/dags/dss150p_pipeline.py for tasks to queue
[2026-09-23T08:39:45.550+0000] {logging_mixin.py:190} INFO - [2026-09-23T08:39:45.550+0000] {dagbag.py:588} INFO - Filling up the DagBag from /opt/airflow/dags/dss150p_pipeline.py
[2026-09-23T08:39:45.577+0000] {processor.py:925} INFO - DAG(s) 'dss150p_sales_pipeline' retrieved from /opt/airflow/dags/dss150p_pipeline.py
[2026-09-23T08:39:45.624+0000] {logging_mixin.py:190} INFO - [2026-09-23T08:39:45.623+0000] {dag.py:3239} INFO - Sync 1 DAGs
[2026-09-23T08:39:45.656+0000] {logging_mixin.py:190} INFO - [2026-09-23T08:39:45.656+0000] {dag.py:4180} INFO - Setting next_dagrun for dss150p_sales_pipeline to 2026-09-23 02:00:00+00:00, run_after=2026-09-24 02:00:00+00:00
[2026-09-23T08:39:45.672+0000] {processor.py:208} INFO - Processing /opt/airflow/dags/dss150p_pipeline.py took 0.146 seconds
[2026-09-23T08:40:15.772+0000] {processor.py:186} INFO - Started process (PID=4298) to work on /opt/airflow/dags/dss150p_pipeline.py
[2026-09-23T08:40:15.773+0000] {processor.py:914} INFO - Processing file /opt/airflow/dags/dss150p_pipeline.py for tasks to queue
[2026-09-23T08:40:15.778+0000] {logging_mixin.py:190} INFO - [2026-09-23T08:40:15.777+0000] {dagbag.py:588} INFO - Filling up the DagBag from /opt/airflow/dags/dss150p_pipeline.py
[2026-09-23T08:40:15.799+0000] {processor.py:925} INFO - DAG(s) 'dss150p_sales_pipeline' retrieved from /opt/airflow/dags/dss150p_pipeline.py
[2026-09-23T08:40:15.853+0000] {logging_mixin.py:190} INFO - [2026-09-23T08:40:15.853+0000] {dag.py:3239} INFO - Sync 1 DAGs
[2026-09-23T08:40:15.881+0000] {logging_mixin.py:190} INFO - [2026-09-23T08:40:15.880+0000] {dag.py:4180} INFO - Setting next_dagrun for dss150p_sales_pipeline to 2026-09-23 02:00:00+00:00, run_after=2026-09-24 02:00:00+00:00
[2026-09-23T08:40:15.894+0000] {processor.py:208} INFO - Processing /opt/airflow/dags/dss150p_pipeline.py took 0.136 seconds
[2026-09-23T08:40:46.135+0000] {processor.py:186} INFO - Started process (PID=4303) to work on /opt/airflow/dags/dss150p_pipeline.py
[2026-09-23T08:40:46.136+0000] {processor.py:914} INFO - Processing file /opt/airflow/dags/dss150p_pipeline.py for tasks to queue
[2026-09-23T08:40:46.140+0000] {logging_mixin.py:190} INFO - [2026-09-23T08:40:46.140+0000] {dagbag.py:588} INFO - Filling up the DagBag from /opt/airflow/dags/dss150p_pipeline.py
[2026-09-23T08:40:46.164+0000] {processor.py:925} INFO - DAG(s) 'dss150p_sales_pipeline' retrieved from /opt/airflow/dags/dss150p_pipeline.py
[2026-09-23T08:40:46.203+0000] {logging_mixin.py:190} INFO - [2026-09-23T08:40:46.203+0000] {dag.py:3239} INFO - Sync 1 DAGs
[2026-09-23T08:40:46.228+0000] {logging_mixin.py:190} INFO - [2026-09-23T08:40:46.228+0000] {dag.py:4180} INFO - Setting next_dagrun for dss150p_sales_pipeline to 2026-09-23 02:00:00+00:00, run_after=2026-09-24 02:00:00+00:00
[2026-09-23T08:40:46.244+0000] {processor.py:208} INFO - Processing /opt/airflow/dags/dss150p_pipeline.py took 0.119 seconds
[2026-09-23T08:41:16.378+0000] {processor.py:186} INFO - Started process (PID=4308) to work on /opt/airflow/dags/dss150p_pipeline.py
[2026-09-23T08:41:16.379+0000] {processor.py:914} INFO - Processing file /opt/airflow/dags/dss150p_pipeline.py for tasks to queue
[2026-09-23T08:41:16.393+0000] {logging_mixin.py:190} INFO - [2026-09-23T08:41:16.392+0000] {dagbag.py:588} INFO - Filling up the DagBag from /opt/airflow/dags/dss150p_pipeline.py
[2026-09-23T08:41:16.423+0000] {processor.py:925} INFO - DAG(s) 'dss150p_sales_pipeline' retrieved from /opt/airflow/dags/dss150p_pipeline.py
[2026-09-23T08:41:16.478+0000] {logging_mixin.py:190} INFO - [2026-09-23T08:41:16.477+0000] {dag.py:3239} INFO - Sync 1 DAGs
[2026-09-23T08:41:16.505+0000] {logging_mixin.py:190} INFO - [2026-09-23T08:41:16.504+0000] {dag.py:4180} INFO - Setting next_dagrun for dss150p_sales_pipeline to 2026-09-23 02:00:00+00:00, run_after=2026-09-24 02:00:00+00:00
[2026-09-23T08:41:16.526+0000] {processor.py:208} INFO - Processing /opt/airflow/dags/dss150p_pipeline.py took 0.160 seconds
[2026-09-23T08:41:46.839+0000] {processor.py:186} INFO - Started process (PID=4313) to work on /opt/airflow/dags/dss150p_pipeline.py
[2026-09-23T08:41:46.840+0000] {processor.py:914} INFO - Processing file /opt/airflow/dags/dss150p_pipeline.py for tasks to queue
[2026-09-23T08:41:46.845+0000] {logging_mixin.py:190} INFO - [2026-09-23T08:41:46.844+0000] {dagbag.py:588} INFO - Filling up the DagBag from /opt/airflow/dags/dss150p_pipeline.py
[2026-09-23T08:41:46.870+0000] {processor.py:925} INFO - DAG(s) 'dss150p_sales_pipeline' retrieved from /opt/airflow/dags/dss150p_pipeline.py
[2026-09-23T08:41:46.911+0000] {logging_mixin.py:190} INFO - [2026-09-23T08:41:46.910+0000] {dag.py:3239} INFO - Sync 1 DAGs
[2026-09-23T08:41:46.936+0000] {logging_mixin.py:190} INFO - [2026-09-23T08:41:46.936+0000] {dag.py:4180} INFO - Setting next_dagrun for dss150p_sales_pipeline to 2026-09-23 02:00:00+00:00, run_after=2026-09-24 02:00:00+00:00
[2026-09-23T08:41:46.949+0000] {processor.py:208} INFO - Processing /opt/airflow/dags/dss150p_pipeline.py took 0.121 seconds
[2026-09-23T08:42:17.142+0000] {processor.py:186} INFO - Started process (PID=4318) to work on /opt/airflow/dags/dss150p_pipeline.py
[2026-09-23T08:42:17.143+0000] {processor.py:914} INFO - Processing file /opt/airflow/dags/dss150p_pipeline.py for tasks to queue
[2026-09-23T08:42:17.149+0000] {logging_mixin.py:190} INFO - [2026-09-23T08:42:17.147+0000] {dagbag.py:588} INFO - Filling up the DagBag from /opt/airflow/dags/dss150p_pipeline.py
[2026-09-23T08:42:17.172+0000] {processor.py:925} INFO - DAG(s) 'dss150p_sales_pipeline' retrieved from /opt/airflow/dags/dss150p_pipeline.py
[2026-09-23T08:42:17.209+0000] {logging_mixin.py:190} INFO - [2026-09-23T08:42:17.209+0000] {dag.py:3239} INFO - Sync 1 DAGs
[2026-09-23T08:42:17.232+0000] {logging_mixin.py:190} INFO - [2026-09-23T08:42:17.232+0000] {dag.py:4180} INFO - Setting next_dagrun for dss150p_sales_pipeline to 2026-09-23 02:00:00+00:00, run_after=2026-09-24 02:00:00+00:00
[2026-09-23T08:42:17.247+0000] {processor.py:208} INFO - Processing /opt/airflow/dags/dss150p_pipeline.py took 0.117 seconds
[2026-09-23T08:42:47.447+0000] {processor.py:186} INFO - Started process (PID=4323) to work on /opt/airflow/dags/dss150p_pipeline.py
[2026-09-23T08:42:47.448+0000] {processor.py:914} INFO - Processing file /opt/airflow/dags/dss150p_pipeline.py for tasks to queue
[2026-09-23T08:42:47.452+0000] {logging_mixin.py:190} INFO - [2026-09-23T08:42:47.452+0000] {dagbag.py:588} INFO - Filling up the DagBag from /opt/airflow/dags/dss150p_pipeline.py
[2026-09-23T08:42:47.477+0000] {processor.py:925} INFO - DAG(s) 'dss150p_sales_pipeline' retrieved from /opt/airflow/dags/dss150p_pipeline.py
[2026-09-23T08:42:47.522+0000] {logging_mixin.py:190} INFO - [2026-09-23T08:42:47.522+0000] {dag.py:3239} INFO - Sync 1 DAGs
[2026-09-23T08:42:47.553+0000] {logging_mixin.py:190} INFO - [2026-09-23T08:42:47.553+0000] {dag.py:4180} INFO - Setting next_dagrun for dss150p_sales_pipeline to 2026-09-23 02:00:00+00:00, run_after=2026-09-24 02:00:00+00:00
[2026-09-23T08:42:47.567+0000] {processor.py:208} INFO - Processing /opt/airflow/dags/dss150p_pipeline.py took 0.134 seconds
[2026-09-23T08:43:17.653+0000] {processor.py:186} INFO - Started process (PID=4328) to work on /opt/airflow/dags/dss150p_pipeline.py
[2026-09-23T08:43:17.655+0000] {processor.py:914} INFO - Processing file /opt/airflow/dags/dss150p_pipeline.py for tasks to queue
[2026-09-23T08:43:17.662+0000] {logging_mixin.py:190} INFO - [2026-09-23T08:43:17.662+0000] {dagbag.py:588} INFO - Filling up the DagBag from /opt/airflow/dags/dss150p_pipeline.py
[2026-09-23T08:43:17.695+0000] {processor.py:925} INFO - DAG(s) 'dss150p_sales_pipeline' retrieved from /opt/airflow/dags/dss150p_pipeline.py
[2026-09-23T08:43:17.761+0000] {logging_mixin.py:190} INFO - [2026-09-23T08:43:17.761+0000] {dag.py:3239} INFO - Sync 1 DAGs
[2026-09-23T08:43:17.793+0000] {logging_mixin.py:190} INFO - [2026-09-23T08:43:17.793+0000] {dag.py:4180} INFO - Setting next_dagrun for dss150p_sales_pipeline to 2026-09-23 02:00:00+00:00, run_after=2026-09-24 02:00:00+00:00
[2026-09-23T08:43:17.808+0000] {processor.py:208} INFO - Processing /opt/airflow/dags/dss150p_pipeline.py took 0.169 seconds
[2026-09-23T08:43:48.012+0000] {processor.py:186} INFO - Started process (PID=4333) to work on /opt/airflow/dags/dss150p_pipeline.py
[2026-09-23T08:43:48.015+0000] {processor.py:914} INFO - Processing file /opt/airflow/dags/dss150p_pipeline.py for tasks to queue
[2026-09-23T08:43:48.020+0000] {logging_mixin.py:190} INFO - [2026-09-23T08:43:48.019+0000] {dagbag.py:588} INFO - Filling up the DagBag from /opt/airflow/dags/dss150p_pipeline.py
[2026-09-23T08:43:48.054+0000] {processor.py:925} INFO - DAG(s) 'dss150p_sales_pipeline' retrieved from /opt/airflow/dags/dss150p_pipeline.py
[2026-09-23T08:43:48.103+0000] {logging_mixin.py:190} INFO - [2026-09-23T08:43:48.102+0000] {dag.py:3239} INFO - Sync 1 DAGs
[2026-09-23T08:43:48.127+0000] {logging_mixin.py:190} INFO - [2026-09-23T08:43:48.127+0000] {dag.py:4180} INFO - Setting next_dagrun for dss150p_sales_pipeline to 2026-09-23 02:00:00+00:00, run_after=2026-09-24 02:00:00+00:00
[2026-09-23T08:43:48.148+0000] {processor.py:208} INFO - Processing /opt/airflow/dags/dss150p_pipeline.py took 0.152 seconds
[2026-09-23T08:44:18.405+0000] {processor.py:186} INFO - Started process (PID=4338) to work on /opt/airflow/dags/dss150p_pipeline.py
[2026-09-23T08:44:18.407+0000] {processor.py:914} INFO - Processing file /opt/airflow/dags/dss150p_pipeline.py for tasks to queue
[2026-09-23T08:44:18.416+0000] {logging_mixin.py:190} INFO - [2026-09-23T08:44:18.416+0000] {dagbag.py:588} INFO - Filling up the DagBag from /opt/airflow/dags/dss150p_pipeline.py
[2026-09-23T08:44:18.460+0000] {processor.py:925} INFO - DAG(s) 'dss150p_sales_pipeline' retrieved from /opt/airflow/dags/dss150p_pipeline.py
[2026-09-23T08:44:18.548+0000] {logging_mixin.py:190} INFO - [2026-09-23T08:44:18.548+0000] {dag.py:3239} INFO - Sync 1 DAGs
[2026-09-23T08:44:18.599+0000] {logging_mixin.py:190} INFO - [2026-09-23T08:44:18.599+0000] {dag.py:4180} INFO - Setting next_dagrun for dss150p_sales_pipeline to 2026-09-23 02:00:00+00:00, run_after=2026-09-24 02:00:00+00:00
[2026-09-23T08:44:18.630+0000] {processor.py:208} INFO - Processing /opt/airflow/dags/dss150p_pipeline.py took 0.253 seconds
[2026-09-23T08:44:48.741+0000] {processor.py:186} INFO - Started process (PID=4343) to work on /opt/airflow/dags/dss150p_pipeline.py
[2026-09-23T08:44:48.744+0000] {processor.py:914} INFO - Processing file /opt/airflow/dags/dss150p_pipeline.py for tasks to queue
[2026-09-23T08:44:48.754+0000] {logging_mixin.py:190} INFO - [2026-09-23T08:44:48.751+0000] {dagbag.py:588} INFO - Filling up the DagBag from /opt/airflow/dags/dss150p_pipeline.py
[2026-09-23T08:44:48.792+0000] {processor.py:925} INFO - DAG(s) 'dss150p_sales_pipeline' retrieved from /opt/airflow/dags/dss150p_pipeline.py
[2026-09-23T08:44:48.861+0000] {logging_mixin.py:190} INFO - [2026-09-23T08:44:48.861+0000] {dag.py:3239} INFO - Sync 1 DAGs
[2026-09-23T08:44:48.894+0000] {logging_mixin.py:190} INFO - [2026-09-23T08:44:48.894+0000] {dag.py:4180} INFO - Setting next_dagrun for dss150p_sales_pipeline to 2026-09-23 02:00:00+00:00, run_after=2026-09-24 02:00:00+00:00
[2026-09-23T08:44:48.914+0000] {processor.py:208} INFO - Processing /opt/airflow/dags/dss150p_pipeline.py took 0.193 seconds
[2026-09-23T08:45:19.164+0000] {processor.py:186} INFO - Started process (PID=4348) to work on /opt/airflow/dags/dss150p_pipeline.py
[2026-09-23T08:45:19.166+0000] {processor.py:914} INFO - Processing file /opt/airflow/dags/dss150p_pipeline.py for tasks to queue
[2026-09-23T08:45:19.173+0000] {logging_mixin.py:190} INFO - [2026-09-23T08:45:19.173+0000] {dagbag.py:588} INFO - Filling up the DagBag from /opt/airflow/dags/dss150p_pipeline.py
[2026-09-23T08:45:19.206+0000] {processor.py:925} INFO - DAG(s) 'dss150p_sales_pipeline' retrieved from /opt/airflow/dags/dss150p_pipeline.py
[2026-09-23T08:45:19.255+0000] {logging_mixin.py:190} INFO - [2026-09-23T08:45:19.254+0000] {dag.py:3239} INFO - Sync 1 DAGs
[2026-09-23T08:45:19.286+0000] {logging_mixin.py:190} INFO - [2026-09-23T08:45:19.285+0000] {dag.py:4180} INFO - Setting next_dagrun for dss150p_sales_pipeline to 2026-09-23 02:00:00+00:00, run_after=2026-09-24 02:00:00+00:00
[2026-09-23T08:45:19.300+0000] {processor.py:208} INFO - Processing /opt/airflow/dags/dss150p_pipeline.py took 0.160 seconds
[2026-09-23T08:45:49.423+0000] {processor.py:186} INFO - Started process (PID=4353) to work on /opt/airflow/dags/dss150p_pipeline.py
[2026-09-23T08:45:49.426+0000] {processor.py:914} INFO - Processing file /opt/airflow/dags/dss150p_pipeline.py for tasks to queue
[2026-09-23T08:45:49.431+0000] {logging_mixin.py:190} INFO - [2026-09-23T08:45:49.431+0000] {dagbag.py:588} INFO - Filling up the DagBag from /opt/airflow/dags/dss150p_pipeline.py
[2026-09-23T08:45:49.464+0000] {processor.py:925} INFO - DAG(s) 'dss150p_sales_pipeline' retrieved from /opt/airflow/dags/dss150p_pipeline.py
[2026-09-23T08:45:49.529+0000] {logging_mixin.py:190} INFO - [2026-09-23T08:45:49.528+0000] {dag.py:3239} INFO - Sync 1 DAGs
[2026-09-23T08:45:49.588+0000] {logging_mixin.py:190} INFO - [2026-09-23T08:45:49.588+0000] {dag.py:4180} INFO - Setting next_dagrun for dss150p_sales_pipeline to 2026-09-23 02:00:00+00:00, run_after=2026-09-24 02:00:00+00:00
[2026-09-23T08:45:49.624+0000] {processor.py:208} INFO - Processing /opt/airflow/dags/dss150p_pipeline.py took 0.222 seconds
[2026-09-23T08:46:19.847+0000] {processor.py:186} INFO - Started process (PID=4358) to work on /opt/airflow/dags/dss150p_pipeline.py
[2026-09-23T08:46:19.850+0000] {processor.py:914} INFO - Processing file /opt/airflow/dags/dss150p_pipeline.py for tasks to queue
[2026-09-23T08:46:19.860+0000] {logging_mixin.py:190} INFO - [2026-09-23T08:46:19.859+0000] {dagbag.py:588} INFO - Filling up the DagBag from /opt/airflow/dags/dss150p_pipeline.py
[2026-09-23T08:46:19.895+0000] {processor.py:925} INFO - DAG(s) 'dss150p_sales_pipeline' retrieved from /opt/airflow/dags/dss150p_pipeline.py
[2026-09-23T08:46:19.954+0000] {logging_mixin.py:190} INFO - [2026-09-23T08:46:19.953+0000] {dag.py:3239} INFO - Sync 1 DAGs
[2026-09-23T08:46:19.980+0000] {logging_mixin.py:190} INFO - [2026-09-23T08:46:19.980+0000] {dag.py:4180} INFO - Setting next_dagrun for dss150p_sales_pipeline to 2026-09-23 02:00:00+00:00, run_after=2026-09-24 02:00:00+00:00
[2026-09-23T08:46:19.995+0000] {processor.py:208} INFO - Processing /opt/airflow/dags/dss150p_pipeline.py took 0.165 seconds
[2026-09-23T08:46:50.274+0000] {processor.py:186} INFO - Started process (PID=4363) to work on /opt/airflow/dags/dss150p_pipeline.py
[2026-09-23T08:46:50.277+0000] {processor.py:914} INFO - Processing file /opt/airflow/dags/dss150p_pipeline.py for tasks to queue
[2026-09-23T08:46:50.282+0000] {logging_mixin.py:190} INFO - [2026-09-23T08:46:50.282+0000] {dagbag.py:588} INFO - Filling up the DagBag from /opt/airflow/dags/dss150p_pipeline.py
[2026-09-23T08:46:50.317+0000] {processor.py:925} INFO - DAG(s) 'dss150p_sales_pipeline' retrieved from /opt/airflow/dags/dss150p_pipeline.py
[2026-09-23T08:46:50.378+0000] {logging_mixin.py:190} INFO - [2026-09-23T08:46:50.378+0000] {dag.py:3239} INFO - Sync 1 DAGs
[2026-09-23T08:46:50.410+0000] {logging_mixin.py:190} INFO - [2026-09-23T08:46:50.410+0000] {dag.py:4180} INFO - Setting next_dagrun for dss150p_sales_pipeline to 2026-09-23 02:00:00+00:00, run_after=2026-09-24 02:00:00+00:00
[2026-09-23T08:46:50.431+0000] {processor.py:208} INFO - Processing /opt/airflow/dags/dss150p_pipeline.py took 0.173 seconds
[2026-09-23T08:47:20.619+0000] {processor.py:186} INFO - Started process (PID=4368) to work on /opt/airflow/dags/dss150p_pipeline.py
[2026-09-23T08:47:20.621+0000] {processor.py:914} INFO - Processing file /opt/airflow/dags/dss150p_pipeline.py for tasks to queue
[2026-09-23T08:47:20.640+0000] {logging_mixin.py:190} INFO - [2026-09-23T08:47:20.638+0000] {dagbag.py:588} INFO - Filling up the DagBag from /opt/airflow/dags/dss150p_pipeline.py
[2026-09-23T08:47:20.680+0000] {processor.py:925} INFO - DAG(s) 'dss150p_sales_pipeline' retrieved from /opt/airflow/dags/dss150p_pipeline.py
[2026-09-23T08:47:20.775+0000] {logging_mixin.py:190} INFO - [2026-09-23T08:47:20.775+0000] {dag.py:3239} INFO - Sync 1 DAGs
[2026-09-23T08:47:20.845+0000] {logging_mixin.py:190} INFO - [2026-09-23T08:47:20.845+0000] {dag.py:4180} INFO - Setting next_dagrun for dss150p_sales_pipeline to 2026-09-23 02:00:00+00:00, run_after=2026-09-24 02:00:00+00:00
[2026-09-23T08:47:20.864+0000] {processor.py:208} INFO - Processing /opt/airflow/dags/dss150p_pipeline.py took 0.266 seconds
[2026-09-23T08:47:51.086+0000] {processor.py:186} INFO - Started process (PID=4373) to work on /opt/airflow/dags/dss150p_pipeline.py
[2026-09-23T08:47:51.087+0000] {processor.py:914} INFO - Processing file /opt/airflow/dags/dss150p_pipeline.py for tasks to queue
[2026-09-23T08:47:51.092+0000] {logging_mixin.py:190} INFO - [2026-09-23T08:47:51.092+0000] {dagbag.py:588} INFO - Filling up the DagBag from /opt/airflow/dags/dss150p_pipeline.py
[2026-09-23T08:47:51.116+0000] {processor.py:925} INFO - DAG(s) 'dss150p_sales_pipeline' retrieved from /opt/airflow/dags/dss150p_pipeline.py
[2026-09-23T08:47:51.153+0000] {logging_mixin.py:190} INFO - [2026-09-23T08:47:51.152+0000] {dag.py:3239} INFO - Sync 1 DAGs
[2026-09-23T08:47:51.175+0000] {logging_mixin.py:190} INFO - [2026-09-23T08:47:51.175+0000] {dag.py:4180} INFO - Setting next_dagrun for dss150p_sales_pipeline to 2026-09-23 02:00:00+00:00, run_after=2026-09-24 02:00:00+00:00
[2026-09-23T08:47:51.188+0000] {processor.py:208} INFO - Processing /opt/airflow/dags/dss150p_pipeline.py took 0.114 seconds
[2026-09-23T08:48:21.409+0000] {processor.py:186} INFO - Started process (PID=4378) to work on /opt/airflow/dags/dss150p_pipeline.py
[2026-09-23T08:48:21.412+0000] {processor.py:914} INFO - Processing file /opt/airflow/dags/dss150p_pipeline.py for tasks to queue
[2026-09-23T08:48:21.428+0000] {logging_mixin.py:190} INFO - [2026-09-23T08:48:21.427+0000] {dagbag.py:588} INFO - Filling up the DagBag from /opt/airflow/dags/dss150p_pipeline.py
[2026-09-23T08:48:21.483+0000] {processor.py:925} INFO - DAG(s) 'dss150p_sales_pipeline' retrieved from /opt/airflow/dags/dss150p_pipeline.py
[2026-09-23T08:48:21.563+0000] {logging_mixin.py:190} INFO - [2026-09-23T08:48:21.563+0000] {dag.py:3239} INFO - Sync 1 DAGs
[2026-09-23T08:48:21.611+0000] {logging_mixin.py:190} INFO - [2026-09-23T08:48:21.611+0000] {dag.py:4180} INFO - Setting next_dagrun for dss150p_sales_pipeline to 2026-09-23 02:00:00+00:00, run_after=2026-09-24 02:00:00+00:00
[2026-09-23T08:48:21.638+0000] {processor.py:208} INFO - Processing /opt/airflow/dags/dss150p_pipeline.py took 0.264 seconds
[2026-09-23T08:48:51.864+0000] {processor.py:186} INFO - Started process (PID=4383) to work on /opt/airflow/dags/dss150p_pipeline.py
[2026-09-23T08:48:51.866+0000] {processor.py:914} INFO - Processing file /opt/airflow/dags/dss150p_pipeline.py for tasks to queue
[2026-09-23T08:48:51.870+0000] {logging_mixin.py:190} INFO - [2026-09-23T08:48:51.870+0000] {dagbag.py:588} INFO - Filling up the DagBag from /opt/airflow/dags/dss150p_pipeline.py
[2026-09-23T08:48:51.895+0000] {processor.py:925} INFO - DAG(s) 'dss150p_sales_pipeline' retrieved from /opt/airflow/dags/dss150p_pipeline.py
[2026-09-23T08:48:51.932+0000] {logging_mixin.py:190} INFO - [2026-09-23T08:48:51.932+0000] {dag.py:3239} INFO - Sync 1 DAGs
[2026-09-23T08:48:51.960+0000] {logging_mixin.py:190} INFO - [2026-09-23T08:48:51.960+0000] {dag.py:4180} INFO - Setting next_dagrun for dss150p_sales_pipeline to 2026-09-23 02:00:00+00:00, run_after=2026-09-24 02:00:00+00:00
[2026-09-23T08:48:51.973+0000] {processor.py:208} INFO - Processing /opt/airflow/dags/dss150p_pipeline.py took 0.118 seconds
[2026-09-23T08:49:22.121+0000] {processor.py:186} INFO - Started process (PID=4388) to work on /opt/airflow/dags/dss150p_pipeline.py
[2026-09-23T08:49:22.124+0000] {processor.py:914} INFO - Processing file /opt/airflow/dags/dss150p_pipeline.py for tasks to queue
[2026-09-23T08:49:22.129+0000] {logging_mixin.py:190} INFO - [2026-09-23T08:49:22.128+0000] {dagbag.py:588} INFO - Filling up the DagBag from /opt/airflow/dags/dss150p_pipeline.py
[2026-09-23T08:49:22.159+0000] {processor.py:925} INFO - DAG(s) 'dss150p_sales_pipeline' retrieved from /opt/airflow/dags/dss150p_pipeline.py
[2026-09-23T08:49:22.208+0000] {logging_mixin.py:190} INFO - [2026-09-23T08:49:22.207+0000] {dag.py:3239} INFO - Sync 1 DAGs
[2026-09-23T08:49:22.237+0000] {logging_mixin.py:190} INFO - [2026-09-23T08:49:22.237+0000] {dag.py:4180} INFO - Setting next_dagrun for dss150p_sales_pipeline to 2026-09-23 02:00:00+00:00, run_after=2026-09-24 02:00:00+00:00
[2026-09-23T08:49:22.252+0000] {processor.py:208} INFO - Processing /opt/airflow/dags/dss150p_pipeline.py took 0.143 seconds
[2026-09-23T08:49:52.509+0000] {processor.py:186} INFO - Started process (PID=4393) to work on /opt/airflow/dags/dss150p_pipeline.py
[2026-09-23T08:49:52.511+0000] {processor.py:914} INFO - Processing file /opt/airflow/dags/dss150p_pipeline.py for tasks to queue
[2026-09-23T08:49:52.518+0000] {logging_mixin.py:190} INFO - [2026-09-23T08:49:52.517+0000] {dagbag.py:588} INFO - Filling up the DagBag from /opt/airflow/dags/dss150p_pipeline.py
[2026-09-23T08:49:52.577+0000] {processor.py:925} INFO - DAG(s) 'dss150p_sales_pipeline' retrieved from /opt/airflow/dags/dss150p_pipeline.py
[2026-09-23T08:49:52.646+0000] {logging_mixin.py:190} INFO - [2026-09-23T08:49:52.645+0000] {dag.py:3239} INFO - Sync 1 DAGs
[2026-09-23T08:49:52.687+0000] {logging_mixin.py:190} INFO - [2026-09-23T08:49:52.687+0000] {dag.py:4180} INFO - Setting next_dagrun for dss150p_sales_pipeline to 2026-09-23 02:00:00+00:00, run_after=2026-09-24 02:00:00+00:00
[2026-09-23T08:49:52.715+0000] {processor.py:208} INFO - Processing /opt/airflow/dags/dss150p_pipeline.py took 0.225 seconds
[2026-09-23T08:50:22.914+0000] {processor.py:186} INFO - Started process (PID=4398) to work on /opt/airflow/dags/dss150p_pipeline.py
[2026-09-23T08:50:22.917+0000] {processor.py:914} INFO - Processing file /opt/airflow/dags/dss150p_pipeline.py for tasks to queue
[2026-09-23T08:50:22.924+0000] {logging_mixin.py:190} INFO - [2026-09-23T08:50:22.923+0000] {dagbag.py:588} INFO - Filling up the DagBag from /opt/airflow/dags/dss150p_pipeline.py
[2026-09-23T08:50:22.959+0000] {processor.py:925} INFO - DAG(s) 'dss150p_sales_pipeline' retrieved from /opt/airflow/dags/dss150p_pipeline.py
[2026-09-23T08:50:23.008+0000] {logging_mixin.py:190} INFO - [2026-09-23T08:50:23.008+0000] {dag.py:3239} INFO - Sync 1 DAGs
[2026-09-23T08:50:23.045+0000] {logging_mixin.py:190} INFO - [2026-09-23T08:50:23.045+0000] {dag.py:4180} INFO - Setting next_dagrun for dss150p_sales_pipeline to 2026-09-23 02:00:00+00:00, run_after=2026-09-24 02:00:00+00:00
[2026-09-23T08:50:23.073+0000] {processor.py:208} INFO - Processing /opt/airflow/dags/dss150p_pipeline.py took 0.186 seconds
[2026-09-23T08:50:53.673+0000] {processor.py:186} INFO - Started process (PID=4403) to work on /opt/airflow/dags/dss150p_pipeline.py
[2026-09-23T08:50:53.679+0000] {processor.py:914} INFO - Processing file /opt/airflow/dags/dss150p_pipeline.py for tasks to queue
[2026-09-23T08:50:53.686+0000] {logging_mixin.py:190} INFO - [2026-09-23T08:50:53.685+0000] {dagbag.py:588} INFO - Filling up the DagBag from /opt/airflow/dags/dss150p_pipeline.py
[2026-09-23T08:50:53.734+0000] {processor.py:925} INFO - DAG(s) 'dss150p_sales_pipeline' retrieved from /opt/airflow/dags/dss150p_pipeline.py
[2026-09-23T08:50:53.810+0000] {logging_mixin.py:190} INFO - [2026-09-23T08:50:53.809+0000] {dag.py:3239} INFO - Sync 1 DAGs
[2026-09-23T08:50:53.866+0000] {logging_mixin.py:190} INFO - [2026-09-23T08:50:53.865+0000] {dag.py:4180} INFO - Setting next_dagrun for dss150p_sales_pipeline to 2026-09-23 02:00:00+00:00, run_after=2026-09-24 02:00:00+00:00
[2026-09-23T08:50:53.899+0000] {processor.py:208} INFO - Processing /opt/airflow/dags/dss150p_pipeline.py took 0.245 seconds
[2026-09-23T08:51:24.057+0000] {processor.py:186} INFO - Started process (PID=4408) to work on /opt/airflow/dags/dss150p_pipeline.py
[2026-09-23T08:51:24.061+0000] {processor.py:914} INFO - Processing file /opt/airflow/dags/dss150p_pipeline.py for tasks to queue
[2026-09-23T08:51:24.074+0000] {logging_mixin.py:190} INFO - [2026-09-23T08:51:24.073+0000] {dagbag.py:588} INFO - Filling up the DagBag from /opt/airflow/dags/dss150p_pipeline.py
[2026-09-23T08:51:24.200+0000] {processor.py:925} INFO - DAG(s) 'dss150p_sales_pipeline' retrieved from /opt/airflow/dags/dss150p_pipeline.py
[2026-09-23T08:51:24.322+0000] {logging_mixin.py:190} INFO - [2026-09-23T08:51:24.322+0000] {dag.py:3239} INFO - Sync 1 DAGs
[2026-09-23T08:51:24.457+0000] {logging_mixin.py:190} INFO - [2026-09-23T08:51:24.457+0000] {dag.py:4180} INFO - Setting next_dagrun for dss150p_sales_pipeline to 2026-09-23 02:00:00+00:00, run_after=2026-09-24 02:00:00+00:00
[2026-09-23T08:51:24.509+0000] {processor.py:208} INFO - Processing /opt/airflow/dags/dss150p_pipeline.py took 0.485 seconds
[2026-09-23T08:51:54.859+0000] {processor.py:186} INFO - Started process (PID=4413) to work on /opt/airflow/dags/dss150p_pipeline.py
[2026-09-23T08:51:54.862+0000] {processor.py:914} INFO - Processing file /opt/airflow/dags/dss150p_pipeline.py for tasks to queue
[2026-09-23T08:51:54.872+0000] {logging_mixin.py:190} INFO - [2026-09-23T08:51:54.871+0000] {dagbag.py:588} INFO - Filling up the DagBag from /opt/airflow/dags/dss150p_pipeline.py
[2026-09-23T08:51:54.914+0000] {processor.py:925} INFO - DAG(s) 'dss150p_sales_pipeline' retrieved from /opt/airflow/dags/dss150p_pipeline.py
[2026-09-23T08:51:54.971+0000] {logging_mixin.py:190} INFO - [2026-09-23T08:51:54.971+0000] {dag.py:3239} INFO - Sync 1 DAGs
[2026-09-23T08:51:55.007+0000] {logging_mixin.py:190} INFO - [2026-09-23T08:51:55.007+0000] {dag.py:4180} INFO - Setting next_dagrun for dss150p_sales_pipeline to 2026-09-23 02:00:00+00:00, run_after=2026-09-24 02:00:00+00:00
[2026-09-23T08:51:55.031+0000] {processor.py:208} INFO - Processing /opt/airflow/dags/dss150p_pipeline.py took 0.197 seconds
[2026-09-23T08:52:25.167+0000] {processor.py:186} INFO - Started process (PID=4418) to work on /opt/airflow/dags/dss150p_pipeline.py
[2026-09-23T08:52:25.170+0000] {processor.py:914} INFO - Processing file /opt/airflow/dags/dss150p_pipeline.py for tasks to queue
[2026-09-23T08:52:25.181+0000] {logging_mixin.py:190} INFO - [2026-09-23T08:52:25.179+0000] {dagbag.py:588} INFO - Filling up the DagBag from /opt/airflow/dags/dss150p_pipeline.py
[2026-09-23T08:52:25.223+0000] {processor.py:925} INFO - DAG(s) 'dss150p_sales_pipeline' retrieved from /opt/airflow/dags/dss150p_pipeline.py
[2026-09-23T08:52:25.286+0000] {logging_mixin.py:190} INFO - [2026-09-23T08:52:25.286+0000] {dag.py:3239} INFO - Sync 1 DAGs
[2026-09-23T08:52:25.318+0000] {logging_mixin.py:190} INFO - [2026-09-23T08:52:25.318+0000] {dag.py:4180} INFO - Setting next_dagrun for dss150p_sales_pipeline to 2026-09-23 02:00:00+00:00, run_after=2026-09-24 02:00:00+00:00
[2026-09-23T08:52:25.348+0000] {processor.py:208} INFO - Processing /opt/airflow/dags/dss150p_pipeline.py took 0.208 seconds
[2026-09-23T08:52:55.574+0000] {processor.py:186} INFO - Started process (PID=4423) to work on /opt/airflow/dags/dss150p_pipeline.py
[2026-09-23T08:52:55.578+0000] {processor.py:914} INFO - Processing file /opt/airflow/dags/dss150p_pipeline.py for tasks to queue
[2026-09-23T08:52:55.586+0000] {logging_mixin.py:190} INFO - [2026-09-23T08:52:55.585+0000] {dagbag.py:588} INFO - Filling up the DagBag from /opt/airflow/dags/dss150p_pipeline.py
[2026-09-23T08:52:55.622+0000] {processor.py:925} INFO - DAG(s) 'dss150p_sales_pipeline' retrieved from /opt/airflow/dags/dss150p_pipeline.py
[2026-09-23T08:52:55.670+0000] {logging_mixin.py:190} INFO - [2026-09-23T08:52:55.670+0000] {dag.py:3239} INFO - Sync 1 DAGs
[2026-09-23T08:52:55.702+0000] {logging_mixin.py:190} INFO - [2026-09-23T08:52:55.702+0000] {dag.py:4180} INFO - Setting next_dagrun for dss150p_sales_pipeline to 2026-09-23 02:00:00+00:00, run_after=2026-09-24 02:00:00+00:00
[2026-09-23T08:52:55.717+0000] {processor.py:208} INFO - Processing /opt/airflow/dags/dss150p_pipeline.py took 0.166 seconds
[2026-09-23T08:53:25.812+0000] {processor.py:186} INFO - Started process (PID=4428) to work on /opt/airflow/dags/dss150p_pipeline.py
[2026-09-23T08:53:25.814+0000] {processor.py:914} INFO - Processing file /opt/airflow/dags/dss150p_pipeline.py for tasks to queue
[2026-09-23T08:53:25.820+0000] {logging_mixin.py:190} INFO - [2026-09-23T08:53:25.819+0000] {dagbag.py:588} INFO - Filling up the DagBag from /opt/airflow/dags/dss150p_pipeline.py
[2026-09-23T08:53:25.848+0000] {processor.py:925} INFO - DAG(s) 'dss150p_sales_pipeline' retrieved from /opt/airflow/dags/dss150p_pipeline.py
[2026-09-23T08:53:25.898+0000] {logging_mixin.py:190} INFO - [2026-09-23T08:53:25.898+0000] {dag.py:3239} INFO - Sync 1 DAGs
[2026-09-23T08:53:25.921+0000] {logging_mixin.py:190} INFO - [2026-09-23T08:53:25.921+0000] {dag.py:4180} INFO - Setting next_dagrun for dss150p_sales_pipeline to 2026-09-23 02:00:00+00:00, run_after=2026-09-24 02:00:00+00:00
[2026-09-23T08:53:25.934+0000] {processor.py:208} INFO - Processing /opt/airflow/dags/dss150p_pipeline.py took 0.133 seconds
[2026-09-23T08:53:56.263+0000] {processor.py:186} INFO - Started process (PID=4433) to work on /opt/airflow/dags/dss150p_pipeline.py
[2026-09-23T08:53:56.264+0000] {processor.py:914} INFO - Processing file /opt/airflow/dags/dss150p_pipeline.py for tasks to queue
[2026-09-23T08:53:56.270+0000] {logging_mixin.py:190} INFO - [2026-09-23T08:53:56.269+0000] {dagbag.py:588} INFO - Filling up the DagBag from /opt/airflow/dags/dss150p_pipeline.py
[2026-09-23T08:53:56.313+0000] {processor.py:925} INFO - DAG(s) 'dss150p_sales_pipeline' retrieved from /opt/airflow/dags/dss150p_pipeline.py
[2026-09-23T08:53:56.372+0000] {logging_mixin.py:190} INFO - [2026-09-23T08:53:56.372+0000] {dag.py:3239} INFO - Sync 1 DAGs
[2026-09-23T08:53:56.403+0000] {logging_mixin.py:190} INFO - [2026-09-23T08:53:56.403+0000] {dag.py:4180} INFO - Setting next_dagrun for dss150p_sales_pipeline to 2026-09-23 02:00:00+00:00, run_after=2026-09-24 02:00:00+00:00
[2026-09-23T08:53:56.421+0000] {processor.py:208} INFO - Processing /opt/airflow/dags/dss150p_pipeline.py took 0.180 seconds
[2026-09-23T08:54:26.605+0000] {processor.py:186} INFO - Started process (PID=4438) to work on /opt/airflow/dags/dss150p_pipeline.py
[2026-09-23T08:54:26.606+0000] {processor.py:914} INFO - Processing file /opt/airflow/dags/dss150p_pipeline.py for tasks to queue
[2026-09-23T08:54:26.611+0000] {logging_mixin.py:190} INFO - [2026-09-23T08:54:26.611+0000] {dagbag.py:588} INFO - Filling up the DagBag from /opt/airflow/dags/dss150p_pipeline.py
[2026-09-23T08:54:26.643+0000] {processor.py:925} INFO - DAG(s) 'dss150p_sales_pipeline' retrieved from /opt/airflow/dags/dss150p_pipeline.py
[2026-09-23T08:54:26.696+0000] {logging_mixin.py:190} INFO - [2026-09-23T08:54:26.696+0000] {dag.py:3239} INFO - Sync 1 DAGs
[2026-09-23T08:54:26.731+0000] {logging_mixin.py:190} INFO - [2026-09-23T08:54:26.731+0000] {dag.py:4180} INFO - Setting next_dagrun for dss150p_sales_pipeline to 2026-09-23 02:00:00+00:00, run_after=2026-09-24 02:00:00+00:00
[2026-09-23T08:54:26.751+0000] {processor.py:208} INFO - Processing /opt/airflow/dags/dss150p_pipeline.py took 0.161 seconds
[2026-09-23T08:54:56.822+0000] {processor.py:186} INFO - Started process (PID=4443) to work on /opt/airflow/dags/dss150p_pipeline.py
[2026-09-23T08:54:56.824+0000] {processor.py:914} INFO - Processing file /opt/airflow/dags/dss150p_pipeline.py for tasks to queue
[2026-09-23T08:54:56.832+0000] {logging_mixin.py:190} INFO - [2026-09-23T08:54:56.832+0000] {dagbag.py:588} INFO - Filling up the DagBag from /opt/airflow/dags/dss150p_pipeline.py
[2026-09-23T08:54:56.872+0000] {processor.py:925} INFO - DAG(s) 'dss150p_sales_pipeline' retrieved from /opt/airflow/dags/dss150p_pipeline.py
[2026-09-23T08:54:56.927+0000] {logging_mixin.py:190} INFO - [2026-09-23T08:54:56.927+0000] {dag.py:3239} INFO - Sync 1 DAGs
[2026-09-23T08:54:56.967+0000] {logging_mixin.py:190} INFO - [2026-09-23T08:54:56.967+0000] {dag.py:4180} INFO - Setting next_dagrun for dss150p_sales_pipeline to 2026-09-23 02:00:00+00:00, run_after=2026-09-24 02:00:00+00:00
[2026-09-23T08:54:57.001+0000] {processor.py:208} INFO - Processing /opt/airflow/dags/dss150p_pipeline.py took 0.204 seconds
[2026-09-23T08:55:27.173+0000] {processor.py:186} INFO - Started process (PID=4448) to work on /opt/airflow/dags/dss150p_pipeline.py
[2026-09-23T08:55:27.175+0000] {processor.py:914} INFO - Processing file /opt/airflow/dags/dss150p_pipeline.py for tasks to queue
[2026-09-23T08:55:27.180+0000] {logging_mixin.py:190} INFO - [2026-09-23T08:55:27.179+0000] {dagbag.py:588} INFO - Filling up the DagBag from /opt/airflow/dags/dss150p_pipeline.py
[2026-09-23T08:55:27.209+0000] {processor.py:925} INFO - DAG(s) 'dss150p_sales_pipeline' retrieved from /opt/airflow/dags/dss150p_pipeline.py
[2026-09-23T08:55:27.266+0000] {logging_mixin.py:190} INFO - [2026-09-23T08:55:27.266+0000] {dag.py:3239} INFO - Sync 1 DAGs
[2026-09-23T08:55:27.302+0000] {logging_mixin.py:190} INFO - [2026-09-23T08:55:27.302+0000] {dag.py:4180} INFO - Setting next_dagrun for dss150p_sales_pipeline to 2026-09-23 02:00:00+00:00, run_after=2026-09-24 02:00:00+00:00
[2026-09-23T08:55:27.319+0000] {processor.py:208} INFO - Processing /opt/airflow/dags/dss150p_pipeline.py took 0.159 seconds
[2026-09-23T08:55:57.653+0000] {processor.py:186} INFO - Started process (PID=4453) to work on /opt/airflow/dags/dss150p_pipeline.py
[2026-09-23T08:55:57.656+0000] {processor.py:914} INFO - Processing file /opt/airflow/dags/dss150p_pipeline.py for tasks to queue
[2026-09-23T08:55:57.666+0000] {logging_mixin.py:190} INFO - [2026-09-23T08:55:57.665+0000] {dagbag.py:588} INFO - Filling up the DagBag from /opt/airflow/dags/dss150p_pipeline.py
[2026-09-23T08:55:57.730+0000] {processor.py:925} INFO - DAG(s) 'dss150p_sales_pipeline' retrieved from /opt/airflow/dags/dss150p_pipeline.py
[2026-09-23T08:55:57.822+0000] {logging_mixin.py:190} INFO - [2026-09-23T08:55:57.822+0000] {dag.py:3239} INFO - Sync 1 DAGs
[2026-09-23T08:55:57.879+0000] {logging_mixin.py:190} INFO - [2026-09-23T08:55:57.878+0000] {dag.py:4180} INFO - Setting next_dagrun for dss150p_sales_pipeline to 2026-09-23 02:00:00+00:00, run_after=2026-09-24 02:00:00+00:00
[2026-09-23T08:55:57.900+0000] {processor.py:208} INFO - Processing /opt/airflow/dags/dss150p_pipeline.py took 0.275 seconds
[2026-09-23T08:56:28.153+0000] {processor.py:186} INFO - Started process (PID=4458) to work on /opt/airflow/dags/dss150p_pipeline.py
[2026-09-23T08:56:28.154+0000] {processor.py:914} INFO - Processing file /opt/airflow/dags/dss150p_pipeline.py for tasks to queue
[2026-09-23T08:56:28.158+0000] {logging_mixin.py:190} INFO - [2026-09-23T08:56:28.158+0000] {dagbag.py:588} INFO - Filling up the DagBag from /opt/airflow/dags/dss150p_pipeline.py
[2026-09-23T08:56:28.183+0000] {processor.py:925} INFO - DAG(s) 'dss150p_sales_pipeline' retrieved from /opt/airflow/dags/dss150p_pipeline.py
[2026-09-23T08:56:28.227+0000] {logging_mixin.py:190} INFO - [2026-09-23T08:56:28.227+0000] {dag.py:3239} INFO - Sync 1 DAGs
[2026-09-23T08:56:28.257+0000] {logging_mixin.py:190} INFO - [2026-09-23T08:56:28.256+0000] {dag.py:4180} INFO - Setting next_dagrun for dss150p_sales_pipeline to 2026-09-23 02:00:00+00:00, run_after=2026-09-24 02:00:00+00:00
[2026-09-23T08:56:28.280+0000] {processor.py:208} INFO - Processing /opt/airflow/dags/dss150p_pipeline.py took 0.138 seconds
[2026-09-23T08:56:58.365+0000] {processor.py:186} INFO - Started process (PID=4463) to work on /opt/airflow/dags/dss150p_pipeline.py
[2026-09-23T08:56:58.366+0000] {processor.py:914} INFO - Processing file /opt/airflow/dags/dss150p_pipeline.py for tasks to queue
[2026-09-23T08:56:58.369+0000] {logging_mixin.py:190} INFO - [2026-09-23T08:56:58.369+0000] {dagbag.py:588} INFO - Filling up the DagBag from /opt/airflow/dags/dss150p_pipeline.py
[2026-09-23T08:56:58.379+0000] {processor.py:925} INFO - DAG(s) 'dss150p_sales_pipeline' retrieved from /opt/airflow/dags/dss150p_pipeline.py
[2026-09-23T08:56:58.400+0000] {logging_mixin.py:190} INFO - [2026-09-23T08:56:58.400+0000] {dag.py:3239} INFO - Sync 1 DAGs
[2026-09-23T08:56:58.426+0000] {logging_mixin.py:190} INFO - [2026-09-23T08:56:58.426+0000] {dag.py:4180} INFO - Setting next_dagrun for dss150p_sales_pipeline to 2026-09-23 02:00:00+00:00, run_after=2026-09-24 02:00:00+00:00
[2026-09-23T08:56:58.439+0000] {processor.py:208} INFO - Processing /opt/airflow/dags/dss150p_pipeline.py took 0.082 seconds
[2026-09-23T08:57:28.612+0000] {processor.py:186} INFO - Started process (PID=4468) to work on /opt/airflow/dags/dss150p_pipeline.py
[2026-09-23T08:57:28.612+0000] {processor.py:914} INFO - Processing file /opt/airflow/dags/dss150p_pipeline.py for tasks to queue
[2026-09-23T08:57:28.614+0000] {logging_mixin.py:190} INFO - [2026-09-23T08:57:28.614+0000] {dagbag.py:588} INFO - Filling up the DagBag from /opt/airflow/dags/dss150p_pipeline.py
[2026-09-23T08:57:28.624+0000] {processor.py:925} INFO - DAG(s) 'dss150p_sales_pipeline' retrieved from /opt/airflow/dags/dss150p_pipeline.py
[2026-09-23T08:57:28.651+0000] {logging_mixin.py:190} INFO - [2026-09-23T08:57:28.651+0000] {dag.py:3239} INFO - Sync 1 DAGs
[2026-09-23T08:57:28.668+0000] {logging_mixin.py:190} INFO - [2026-09-23T08:57:28.668+0000] {dag.py:4180} INFO - Setting next_dagrun for dss150p_sales_pipeline to 2026-09-23 02:00:00+00:00, run_after=2026-09-24 02:00:00+00:00
[2026-09-23T08:57:28.681+0000] {processor.py:208} INFO - Processing /opt/airflow/dags/dss150p_pipeline.py took 0.075 seconds
[2026-09-23T08:57:58.832+0000] {processor.py:186} INFO - Started process (PID=4473) to work on /opt/airflow/dags/dss150p_pipeline.py
[2026-09-23T08:57:58.834+0000] {processor.py:914} INFO - Processing file /opt/airflow/dags/dss150p_pipeline.py for tasks to queue
[2026-09-23T08:57:58.837+0000] {logging_mixin.py:190} INFO - [2026-09-23T08:57:58.837+0000] {dagbag.py:588} INFO - Filling up the DagBag from /opt/airflow/dags/dss150p_pipeline.py
[2026-09-23T08:57:58.855+0000] {processor.py:925} INFO - DAG(s) 'dss150p_sales_pipeline' retrieved from /opt/airflow/dags/dss150p_pipeline.py
[2026-09-23T08:57:58.896+0000] {logging_mixin.py:190} INFO - [2026-09-23T08:57:58.895+0000] {dag.py:3239} INFO - Sync 1 DAGs
[2026-09-23T08:57:58.920+0000] {logging_mixin.py:190} INFO - [2026-09-23T08:57:58.920+0000] {dag.py:4180} INFO - Setting next_dagrun for dss150p_sales_pipeline to 2026-09-23 02:00:00+00:00, run_after=2026-09-24 02:00:00+00:00
[2026-09-23T08:57:58.936+0000] {processor.py:208} INFO - Processing /opt/airflow/dags/dss150p_pipeline.py took 0.113 seconds
[2026-09-23T08:58:29.084+0000] {processor.py:186} INFO - Started process (PID=4478) to work on /opt/airflow/dags/dss150p_pipeline.py
[2026-09-23T08:58:29.085+0000] {processor.py:914} INFO - Processing file /opt/airflow/dags/dss150p_pipeline.py for tasks to queue
[2026-09-23T08:58:29.087+0000] {logging_mixin.py:190} INFO - [2026-09-23T08:58:29.087+0000] {dagbag.py:588} INFO - Filling up the DagBag from /opt/airflow/dags/dss150p_pipeline.py
[2026-09-23T08:58:29.100+0000] {processor.py:925} INFO - DAG(s) 'dss150p_sales_pipeline' retrieved from /opt/airflow/dags/dss150p_pipeline.py
[2026-09-23T08:58:29.131+0000] {logging_mixin.py:190} INFO - [2026-09-23T08:58:29.131+0000] {dag.py:3239} INFO - Sync 1 DAGs
[2026-09-23T08:58:29.155+0000] {logging_mixin.py:190} INFO - [2026-09-23T08:58:29.155+0000] {dag.py:4180} INFO - Setting next_dagrun for dss150p_sales_pipeline to 2026-09-23 02:00:00+00:00, run_after=2026-09-24 02:00:00+00:00
[2026-09-23T08:58:29.170+0000] {processor.py:208} INFO - Processing /opt/airflow/dags/dss150p_pipeline.py took 0.092 seconds
[2026-09-23T08:58:59.325+0000] {processor.py:186} INFO - Started process (PID=4483) to work on /opt/airflow/dags/dss150p_pipeline.py
[2026-09-23T08:58:59.325+0000] {processor.py:914} INFO - Processing file /opt/airflow/dags/dss150p_pipeline.py for tasks to queue
[2026-09-23T08:58:59.327+0000] {logging_mixin.py:190} INFO - [2026-09-23T08:58:59.327+0000] {dagbag.py:588} INFO - Filling up the DagBag from /opt/airflow/dags/dss150p_pipeline.py
[2026-09-23T08:58:59.336+0000] {processor.py:925} INFO - DAG(s) 'dss150p_sales_pipeline' retrieved from /opt/airflow/dags/dss150p_pipeline.py
[2026-09-23T08:58:59.358+0000] {logging_mixin.py:190} INFO - [2026-09-23T08:58:59.358+0000] {dag.py:3239} INFO - Sync 1 DAGs
[2026-09-23T08:58:59.380+0000] {logging_mixin.py:190} INFO - [2026-09-23T08:58:59.380+0000] {dag.py:4180} INFO - Setting next_dagrun for dss150p_sales_pipeline to 2026-09-23 02:00:00+00:00, run_after=2026-09-24 02:00:00+00:00
[2026-09-23T08:58:59.392+0000] {processor.py:208} INFO - Processing /opt/airflow/dags/dss150p_pipeline.py took 0.072 seconds
[2026-09-23T08:59:29.606+0000] {processor.py:186} INFO - Started process (PID=4488) to work on /opt/airflow/dags/dss150p_pipeline.py
[2026-09-23T08:59:29.609+0000] {processor.py:914} INFO - Processing file /opt/airflow/dags/dss150p_pipeline.py for tasks to queue
[2026-09-23T08:59:29.614+0000] {logging_mixin.py:190} INFO - [2026-09-23T08:59:29.614+0000] {dagbag.py:588} INFO - Filling up the DagBag from /opt/airflow/dags/dss150p_pipeline.py
[2026-09-23T08:59:29.635+0000] {processor.py:925} INFO - DAG(s) 'dss150p_sales_pipeline' retrieved from /opt/airflow/dags/dss150p_pipeline.py
[2026-09-23T08:59:29.676+0000] {logging_mixin.py:190} INFO - [2026-09-23T08:59:29.676+0000] {dag.py:3239} INFO - Sync 1 DAGs
[2026-09-23T08:59:29.709+0000] {logging_mixin.py:190} INFO - [2026-09-23T08:59:29.709+0000] {dag.py:4180} INFO - Setting next_dagrun for dss150p_sales_pipeline to 2026-09-23 02:00:00+00:00, run_after=2026-09-24 02:00:00+00:00
[2026-09-23T08:59:29.727+0000] {processor.py:208} INFO - Processing /opt/airflow/dags/dss150p_pipeline.py took 0.130 seconds
[2026-09-23T08:59:59.844+0000] {processor.py:186} INFO - Started process (PID=4493) to work on /opt/airflow/dags/dss150p_pipeline.py
[2026-09-23T08:59:59.845+0000] {processor.py:914} INFO - Processing file /opt/airflow/dags/dss150p_pipeline.py for tasks to queue
[2026-09-23T08:59:59.851+0000] {logging_mixin.py:190} INFO - [2026-09-23T08:59:59.851+0000] {dagbag.py:588} INFO - Filling up the DagBag from /opt/airflow/dags/dss150p_pipeline.py
[2026-09-23T08:59:59.881+0000] {processor.py:925} INFO - DAG(s) 'dss150p_sales_pipeline' retrieved from /opt/airflow/dags/dss150p_pipeline.py
[2026-09-23T08:59:59.916+0000] {logging_mixin.py:190} INFO - [2026-09-23T08:59:59.916+0000] {dag.py:3239} INFO - Sync 1 DAGs
[2026-09-23T08:59:59.949+0000] {logging_mixin.py:190} INFO - [2026-09-23T08:59:59.949+0000] {dag.py:4180} INFO - Setting next_dagrun for dss150p_sales_pipeline to 2026-09-23 02:00:00+00:00, run_after=2026-09-24 02:00:00+00:00
[2026-09-23T08:59:59.965+0000] {processor.py:208} INFO - Processing /opt/airflow/dags/dss150p_pipeline.py took 0.137 seconds
[2026-09-23T09:00:30.131+0000] {processor.py:186} INFO - Started process (PID=4498) to work on /opt/airflow/dags/dss150p_pipeline.py
[2026-09-23T09:00:30.133+0000] {processor.py:914} INFO - Processing file /opt/airflow/dags/dss150p_pipeline.py for tasks to queue
[2026-09-23T09:00:30.141+0000] {logging_mixin.py:190} INFO - [2026-09-23T09:00:30.140+0000] {dagbag.py:588} INFO - Filling up the DagBag from /opt/airflow/dags/dss150p_pipeline.py
[2026-09-23T09:00:30.180+0000] {processor.py:925} INFO - DAG(s) 'dss150p_sales_pipeline' retrieved from /opt/airflow/dags/dss150p_pipeline.py
[2026-09-23T09:00:30.235+0000] {logging_mixin.py:190} INFO - [2026-09-23T09:00:30.235+0000] {dag.py:3239} INFO - Sync 1 DAGs
[2026-09-23T09:00:30.268+0000] {logging_mixin.py:190} INFO - [2026-09-23T09:00:30.267+0000] {dag.py:4180} INFO - Setting next_dagrun for dss150p_sales_pipeline to 2026-09-23 02:00:00+00:00, run_after=2026-09-24 02:00:00+00:00
[2026-09-23T09:00:30.286+0000] {processor.py:208} INFO - Processing /opt/airflow/dags/dss150p_pipeline.py took 0.172 seconds
[2026-09-23T09:01:00.394+0000] {processor.py:186} INFO - Started process (PID=4503) to work on /opt/airflow/dags/dss150p_pipeline.py
[2026-09-23T09:01:00.396+0000] {processor.py:914} INFO - Processing file /opt/airflow/dags/dss150p_pipeline.py for tasks to queue
[2026-09-23T09:01:00.400+0000] {logging_mixin.py:190} INFO - [2026-09-23T09:01:00.399+0000] {dagbag.py:588} INFO - Filling up the DagBag from /opt/airflow/dags/dss150p_pipeline.py
[2026-09-23T09:01:00.434+0000] {processor.py:925} INFO - DAG(s) 'dss150p_sales_pipeline' retrieved from /opt/airflow/dags/dss150p_pipeline.py
[2026-09-23T09:01:00.483+0000] {logging_mixin.py:190} INFO - [2026-09-23T09:01:00.483+0000] {dag.py:3239} INFO - Sync 1 DAGs
[2026-09-23T09:01:00.513+0000] {logging_mixin.py:190} INFO - [2026-09-23T09:01:00.513+0000] {dag.py:4180} INFO - Setting next_dagrun for dss150p_sales_pipeline to 2026-09-23 02:00:00+00:00, run_after=2026-09-24 02:00:00+00:00
[2026-09-23T09:01:00.530+0000] {processor.py:208} INFO - Processing /opt/airflow/dags/dss150p_pipeline.py took 0.148 seconds
[2026-09-23T09:01:30.755+0000] {processor.py:186} INFO - Started process (PID=4508) to work on /opt/airflow/dags/dss150p_pipeline.py
[2026-09-23T09:01:30.755+0000] {processor.py:914} INFO - Processing file /opt/airflow/dags/dss150p_pipeline.py for tasks to queue
[2026-09-23T09:01:30.757+0000] {logging_mixin.py:190} INFO - [2026-09-23T09:01:30.757+0000] {dagbag.py:588} INFO - Filling up the DagBag from /opt/airflow/dags/dss150p_pipeline.py
[2026-09-23T09:01:30.766+0000] {processor.py:925} INFO - DAG(s) 'dss150p_sales_pipeline' retrieved from /opt/airflow/dags/dss150p_pipeline.py
[2026-09-23T09:01:30.787+0000] {logging_mixin.py:190} INFO - [2026-09-23T09:01:30.787+0000] {dag.py:3239} INFO - Sync 1 DAGs
[2026-09-23T09:01:30.811+0000] {logging_mixin.py:190} INFO - [2026-09-23T09:01:30.811+0000] {dag.py:4180} INFO - Setting next_dagrun for dss150p_sales_pipeline to 2026-09-23 02:00:00+00:00, run_after=2026-09-24 02:00:00+00:00
[2026-09-23T09:01:30.823+0000] {processor.py:208} INFO - Processing /opt/airflow/dags/dss150p_pipeline.py took 0.076 seconds
[2026-09-23T09:02:00.948+0000] {processor.py:186} INFO - Started process (PID=4513) to work on /opt/airflow/dags/dss150p_pipeline.py
[2026-09-23T09:02:00.949+0000] {processor.py:914} INFO - Processing file /opt/airflow/dags/dss150p_pipeline.py for tasks to queue
[2026-09-23T09:02:00.950+0000] {logging_mixin.py:190} INFO - [2026-09-23T09:02:00.950+0000] {dagbag.py:588} INFO - Filling up the DagBag from /opt/airflow/dags/dss150p_pipeline.py
[2026-09-23T09:02:00.960+0000] {processor.py:925} INFO - DAG(s) 'dss150p_sales_pipeline' retrieved from /opt/airflow/dags/dss150p_pipeline.py
[2026-09-23T09:02:00.981+0000] {logging_mixin.py:190} INFO - [2026-09-23T09:02:00.981+0000] {dag.py:3239} INFO - Sync 1 DAGs
[2026-09-23T09:02:00.996+0000] {logging_mixin.py:190} INFO - [2026-09-23T09:02:00.996+0000] {dag.py:4180} INFO - Setting next_dagrun for dss150p_sales_pipeline to 2026-09-23 02:00:00+00:00, run_after=2026-09-24 02:00:00+00:00
[2026-09-23T09:02:01.006+0000] {processor.py:208} INFO - Processing /opt/airflow/dags/dss150p_pipeline.py took 0.063 seconds
[2026-09-23T09:02:31.429+0000] {processor.py:186} INFO - Started process (PID=4518) to work on /opt/airflow/dags/dss150p_pipeline.py
[2026-09-23T09:02:31.433+0000] {processor.py:914} INFO - Processing file /opt/airflow/dags/dss150p_pipeline.py for tasks to queue
[2026-09-23T09:02:31.442+0000] {logging_mixin.py:190} INFO - [2026-09-23T09:02:31.441+0000] {dagbag.py:588} INFO - Filling up the DagBag from /opt/airflow/dags/dss150p_pipeline.py
[2026-09-23T09:02:31.499+0000] {processor.py:925} INFO - DAG(s) 'dss150p_sales_pipeline' retrieved from /opt/airflow/dags/dss150p_pipeline.py
[2026-09-23T09:02:31.599+0000] {logging_mixin.py:190} INFO - [2026-09-23T09:02:31.598+0000] {dag.py:3239} INFO - Sync 1 DAGs
[2026-09-23T09:02:31.659+0000] {logging_mixin.py:190} INFO - [2026-09-23T09:02:31.659+0000] {dag.py:4180} INFO - Setting next_dagrun for dss150p_sales_pipeline to 2026-09-23 02:00:00+00:00, run_after=2026-09-24 02:00:00+00:00
[2026-09-23T09:02:31.698+0000] {processor.py:208} INFO - Processing /opt/airflow/dags/dss150p_pipeline.py took 0.295 seconds
[2026-09-23T09:03:01.900+0000] {processor.py:186} INFO - Started process (PID=4523) to work on /opt/airflow/dags/dss150p_pipeline.py
[2026-09-23T09:03:01.901+0000] {processor.py:914} INFO - Processing file /opt/airflow/dags/dss150p_pipeline.py for tasks to queue
[2026-09-23T09:03:01.905+0000] {logging_mixin.py:190} INFO - [2026-09-23T09:03:01.905+0000] {dagbag.py:588} INFO - Filling up the DagBag from /opt/airflow/dags/dss150p_pipeline.py
[2026-09-23T09:03:01.924+0000] {processor.py:925} INFO - DAG(s) 'dss150p_sales_pipeline' retrieved from /opt/airflow/dags/dss150p_pipeline.py
[2026-09-23T09:03:01.960+0000] {logging_mixin.py:190} INFO - [2026-09-23T09:03:01.959+0000] {dag.py:3239} INFO - Sync 1 DAGs
[2026-09-23T09:03:01.985+0000] {logging_mixin.py:190} INFO - [2026-09-23T09:03:01.984+0000] {dag.py:4180} INFO - Setting next_dagrun for dss150p_sales_pipeline to 2026-09-23 02:00:00+00:00, run_after=2026-09-24 02:00:00+00:00
[2026-09-23T09:03:01.999+0000] {processor.py:208} INFO - Processing /opt/airflow/dags/dss150p_pipeline.py took 0.109 seconds
[2026-09-23T09:03:32.161+0000] {processor.py:186} INFO - Started process (PID=4528) to work on /opt/airflow/dags/dss150p_pipeline.py
[2026-09-23T09:03:32.162+0000] {processor.py:914} INFO - Processing file /opt/airflow/dags/dss150p_pipeline.py for tasks to queue
[2026-09-23T09:03:32.166+0000] {logging_mixin.py:190} INFO - [2026-09-23T09:03:32.166+0000] {dagbag.py:588} INFO - Filling up the DagBag from /opt/airflow/dags/dss150p_pipeline.py
[2026-09-23T09:03:32.192+0000] {processor.py:925} INFO - DAG(s) 'dss150p_sales_pipeline' retrieved from /opt/airflow/dags/dss150p_pipeline.py
[2026-09-23T09:03:32.231+0000] {logging_mixin.py:190} INFO - [2026-09-23T09:03:32.231+0000] {dag.py:3239} INFO - Sync 1 DAGs
[2026-09-23T09:03:32.255+0000] {logging_mixin.py:190} INFO - [2026-09-23T09:03:32.255+0000] {dag.py:4180} INFO - Setting next_dagrun for dss150p_sales_pipeline to 2026-09-23 02:00:00+00:00, run_after=2026-09-24 02:00:00+00:00
[2026-09-23T09:03:32.272+0000] {processor.py:208} INFO - Processing /opt/airflow/dags/dss150p_pipeline.py took 0.120 seconds
[2026-09-23T09:04:02.380+0000] {processor.py:186} INFO - Started process (PID=4533) to work on /opt/airflow/dags/dss150p_pipeline.py
[2026-09-23T09:04:02.381+0000] {processor.py:914} INFO - Processing file /opt/airflow/dags/dss150p_pipeline.py for tasks to queue
[2026-09-23T09:04:02.386+0000] {logging_mixin.py:190} INFO - [2026-09-23T09:04:02.385+0000] {dagbag.py:588} INFO - Filling up the DagBag from /opt/airflow/dags/dss150p_pipeline.py
[2026-09-23T09:04:02.409+0000] {processor.py:925} INFO - DAG(s) 'dss150p_sales_pipeline' retrieved from /opt/airflow/dags/dss150p_pipeline.py
[2026-09-23T09:04:02.442+0000] {logging_mixin.py:190} INFO - [2026-09-23T09:04:02.441+0000] {dag.py:3239} INFO - Sync 1 DAGs
[2026-09-23T09:04:02.462+0000] {logging_mixin.py:190} INFO - [2026-09-23T09:04:02.462+0000] {dag.py:4180} INFO - Setting next_dagrun for dss150p_sales_pipeline to 2026-09-23 02:00:00+00:00, run_after=2026-09-24 02:00:00+00:00
[2026-09-23T09:04:02.472+0000] {processor.py:208} INFO - Processing /opt/airflow/dags/dss150p_pipeline.py took 0.102 seconds
[2026-09-23T09:04:32.636+0000] {processor.py:186} INFO - Started process (PID=4538) to work on /opt/airflow/dags/dss150p_pipeline.py
[2026-09-23T09:04:32.637+0000] {processor.py:914} INFO - Processing file /opt/airflow/dags/dss150p_pipeline.py for tasks to queue
[2026-09-23T09:04:32.639+0000] {logging_mixin.py:190} INFO - [2026-09-23T09:04:32.638+0000] {dagbag.py:588} INFO - Filling up the DagBag from /opt/airflow/dags/dss150p_pipeline.py
[2026-09-23T09:04:32.649+0000] {processor.py:925} INFO - DAG(s) 'dss150p_sales_pipeline' retrieved from /opt/airflow/dags/dss150p_pipeline.py
[2026-09-23T09:04:32.672+0000] {logging_mixin.py:190} INFO - [2026-09-23T09:04:32.672+0000] {dag.py:3239} INFO - Sync 1 DAGs
[2026-09-23T09:04:32.685+0000] {logging_mixin.py:190} INFO - [2026-09-23T09:04:32.685+0000] {dag.py:4180} INFO - Setting next_dagrun for dss150p_sales_pipeline to 2026-09-23 02:00:00+00:00, run_after=2026-09-24 02:00:00+00:00
[2026-09-23T09:04:32.693+0000] {processor.py:208} INFO - Processing /opt/airflow/dags/dss150p_pipeline.py took 0.062 seconds
[2026-09-23T09:05:02.886+0000] {processor.py:186} INFO - Started process (PID=4543) to work on /opt/airflow/dags/dss150p_pipeline.py
[2026-09-23T09:05:02.887+0000] {processor.py:914} INFO - Processing file /opt/airflow/dags/dss150p_pipeline.py for tasks to queue
[2026-09-23T09:05:02.890+0000] {logging_mixin.py:190} INFO - [2026-09-23T09:05:02.890+0000] {dagbag.py:588} INFO - Filling up the DagBag from /opt/airflow/dags/dss150p_pipeline.py
[2026-09-23T09:05:02.905+0000] {processor.py:925} INFO - DAG(s) 'dss150p_sales_pipeline' retrieved from /opt/airflow/dags/dss150p_pipeline.py
[2026-09-23T09:05:02.936+0000] {logging_mixin.py:190} INFO - [2026-09-23T09:05:02.936+0000] {dag.py:3239} INFO - Sync 1 DAGs
[2026-09-23T09:05:02.956+0000] {logging_mixin.py:190} INFO - [2026-09-23T09:05:02.956+0000] {dag.py:4180} INFO - Setting next_dagrun for dss150p_sales_pipeline to 2026-09-23 02:00:00+00:00, run_after=2026-09-24 02:00:00+00:00
[2026-09-23T09:05:02.968+0000] {processor.py:208} INFO - Processing /opt/airflow/dags/dss150p_pipeline.py took 0.092 seconds
[2026-09-23T09:05:33.122+0000] {processor.py:186} INFO - Started process (PID=4548) to work on /opt/airflow/dags/dss150p_pipeline.py
[2026-09-23T09:05:33.125+0000] {processor.py:914} INFO - Processing file /opt/airflow/dags/dss150p_pipeline.py for tasks to queue
[2026-09-23T09:05:33.132+0000] {logging_mixin.py:190} INFO - [2026-09-23T09:05:33.131+0000] {dagbag.py:588} INFO - Filling up the DagBag from /opt/airflow/dags/dss150p_pipeline.py
[2026-09-23T09:05:33.165+0000] {processor.py:925} INFO - DAG(s) 'dss150p_sales_pipeline' retrieved from /opt/airflow/dags/dss150p_pipeline.py
[2026-09-23T09:05:33.196+0000] {logging_mixin.py:190} INFO - [2026-09-23T09:05:33.196+0000] {dag.py:3239} INFO - Sync 1 DAGs
[2026-09-23T09:05:33.213+0000] {logging_mixin.py:190} INFO - [2026-09-23T09:05:33.213+0000] {dag.py:4180} INFO - Setting next_dagrun for dss150p_sales_pipeline to 2026-09-23 02:00:00+00:00, run_after=2026-09-24 02:00:00+00:00
[2026-09-23T09:05:33.224+0000] {processor.py:208} INFO - Processing /opt/airflow/dags/dss150p_pipeline.py took 0.118 seconds
[2026-09-23T09:06:03.376+0000] {processor.py:186} INFO - Started process (PID=4553) to work on /opt/airflow/dags/dss150p_pipeline.py
[2026-09-23T09:06:03.377+0000] {processor.py:914} INFO - Processing file /opt/airflow/dags/dss150p_pipeline.py for tasks to queue
[2026-09-23T09:06:03.380+0000] {logging_mixin.py:190} INFO - [2026-09-23T09:06:03.380+0000] {dagbag.py:588} INFO - Filling up the DagBag from /opt/airflow/dags/dss150p_pipeline.py
[2026-09-23T09:06:03.397+0000] {processor.py:925} INFO - DAG(s) 'dss150p_sales_pipeline' retrieved from /opt/airflow/dags/dss150p_pipeline.py
[2026-09-23T09:06:03.432+0000] {logging_mixin.py:190} INFO - [2026-09-23T09:06:03.432+0000] {dag.py:3239} INFO - Sync 1 DAGs
[2026-09-23T09:06:03.455+0000] {logging_mixin.py:190} INFO - [2026-09-23T09:06:03.455+0000] {dag.py:4180} INFO - Setting next_dagrun for dss150p_sales_pipeline to 2026-09-23 02:00:00+00:00, run_after=2026-09-24 02:00:00+00:00
[2026-09-23T09:06:03.465+0000] {processor.py:208} INFO - Processing /opt/airflow/dags/dss150p_pipeline.py took 0.097 seconds
[2026-09-23T09:06:33.582+0000] {processor.py:186} INFO - Started process (PID=4558) to work on /opt/airflow/dags/dss150p_pipeline.py
[2026-09-23T09:06:33.583+0000] {processor.py:914} INFO - Processing file /opt/airflow/dags/dss150p_pipeline.py for tasks to queue
[2026-09-23T09:06:33.585+0000] {logging_mixin.py:190} INFO - [2026-09-23T09:06:33.584+0000] {dagbag.py:588} INFO - Filling up the DagBag from /opt/airflow/dags/dss150p_pipeline.py
[2026-09-23T09:06:33.612+0000] {processor.py:925} INFO - DAG(s) 'dss150p_sales_pipeline' retrieved from /opt/airflow/dags/dss150p_pipeline.py
[2026-09-23T09:06:33.653+0000] {logging_mixin.py:190} INFO - [2026-09-23T09:06:33.653+0000] {dag.py:3239} INFO - Sync 1 DAGs
[2026-09-23T09:06:33.681+0000] {logging_mixin.py:190} INFO - [2026-09-23T09:06:33.680+0000] {dag.py:4180} INFO - Setting next_dagrun for dss150p_sales_pipeline to 2026-09-23 02:00:00+00:00, run_after=2026-09-24 02:00:00+00:00
[2026-09-23T09:06:33.694+0000] {processor.py:208} INFO - Processing /opt/airflow/dags/dss150p_pipeline.py took 0.118 seconds
[2026-09-23T09:07:03.832+0000] {processor.py:186} INFO - Started process (PID=4563) to work on /opt/airflow/dags/dss150p_pipeline.py
[2026-09-23T09:07:03.834+0000] {processor.py:914} INFO - Processing file /opt/airflow/dags/dss150p_pipeline.py for tasks to queue
[2026-09-23T09:07:03.840+0000] {logging_mixin.py:190} INFO - [2026-09-23T09:07:03.839+0000] {dagbag.py:588} INFO - Filling up the DagBag from /opt/airflow/dags/dss150p_pipeline.py
[2026-09-23T09:07:03.865+0000] {processor.py:925} INFO - DAG(s) 'dss150p_sales_pipeline' retrieved from /opt/airflow/dags/dss150p_pipeline.py
[2026-09-23T09:07:03.913+0000] {logging_mixin.py:190} INFO - [2026-09-23T09:07:03.913+0000] {dag.py:3239} INFO - Sync 1 DAGs
[2026-09-23T09:07:03.943+0000] {logging_mixin.py:190} INFO - [2026-09-23T09:07:03.943+0000] {dag.py:4180} INFO - Setting next_dagrun for dss150p_sales_pipeline to 2026-09-23 02:00:00+00:00, run_after=2026-09-24 02:00:00+00:00
[2026-09-23T09:07:03.959+0000] {processor.py:208} INFO - Processing /opt/airflow/dags/dss150p_pipeline.py took 0.145 seconds
[2026-09-23T09:07:34.135+0000] {processor.py:186} INFO - Started process (PID=4568) to work on /opt/airflow/dags/dss150p_pipeline.py
[2026-09-23T09:07:34.137+0000] {processor.py:914} INFO - Processing file /opt/airflow/dags/dss150p_pipeline.py for tasks to queue
[2026-09-23T09:07:34.140+0000] {logging_mixin.py:190} INFO - [2026-09-23T09:07:34.140+0000] {dagbag.py:588} INFO - Filling up the DagBag from /opt/airflow/dags/dss150p_pipeline.py
[2026-09-23T09:07:34.158+0000] {processor.py:925} INFO - DAG(s) 'dss150p_sales_pipeline' retrieved from /opt/airflow/dags/dss150p_pipeline.py
[2026-09-23T09:07:34.189+0000] {logging_mixin.py:190} INFO - [2026-09-23T09:07:34.189+0000] {dag.py:3239} INFO - Sync 1 DAGs
[2026-09-23T09:07:34.211+0000] {logging_mixin.py:190} INFO - [2026-09-23T09:07:34.211+0000] {dag.py:4180} INFO - Setting next_dagrun for dss150p_sales_pipeline to 2026-09-23 02:00:00+00:00, run_after=2026-09-24 02:00:00+00:00
[2026-09-23T09:07:34.220+0000] {processor.py:208} INFO - Processing /opt/airflow/dags/dss150p_pipeline.py took 0.093 seconds
[2026-09-23T09:08:04.373+0000] {processor.py:186} INFO - Started process (PID=4573) to work on /opt/airflow/dags/dss150p_pipeline.py
[2026-09-23T09:08:04.374+0000] {processor.py:914} INFO - Processing file /opt/airflow/dags/dss150p_pipeline.py for tasks to queue
[2026-09-23T09:08:04.379+0000] {logging_mixin.py:190} INFO - [2026-09-23T09:08:04.378+0000] {dagbag.py:588} INFO - Filling up the DagBag from /opt/airflow/dags/dss150p_pipeline.py
[2026-09-23T09:08:04.403+0000] {processor.py:925} INFO - DAG(s) 'dss150p_sales_pipeline' retrieved from /opt/airflow/dags/dss150p_pipeline.py
[2026-09-23T09:08:04.438+0000] {logging_mixin.py:190} INFO - [2026-09-23T09:08:04.438+0000] {dag.py:3239} INFO - Sync 1 DAGs
[2026-09-23T09:08:04.458+0000] {logging_mixin.py:190} INFO - [2026-09-23T09:08:04.458+0000] {dag.py:4180} INFO - Setting next_dagrun for dss150p_sales_pipeline to 2026-09-23 02:00:00+00:00, run_after=2026-09-24 02:00:00+00:00
[2026-09-23T09:08:04.469+0000] {processor.py:208} INFO - Processing /opt/airflow/dags/dss150p_pipeline.py took 0.108 seconds
[2026-09-23T09:08:34.636+0000] {processor.py:186} INFO - Started process (PID=4578) to work on /opt/airflow/dags/dss150p_pipeline.py
[2026-09-23T09:08:34.637+0000] {processor.py:914} INFO - Processing file /opt/airflow/dags/dss150p_pipeline.py for tasks to queue
[2026-09-23T09:08:34.644+0000] {logging_mixin.py:190} INFO - [2026-09-23T09:08:34.642+0000] {dagbag.py:588} INFO - Filling up the DagBag from /opt/airflow/dags/dss150p_pipeline.py
[2026-09-23T09:08:34.667+0000] {processor.py:925} INFO - DAG(s) 'dss150p_sales_pipeline' retrieved from /opt/airflow/dags/dss150p_pipeline.py
[2026-09-23T09:08:34.700+0000] {logging_mixin.py:190} INFO - [2026-09-23T09:08:34.700+0000] {dag.py:3239} INFO - Sync 1 DAGs
[2026-09-23T09:08:34.718+0000] {logging_mixin.py:190} INFO - [2026-09-23T09:08:34.718+0000] {dag.py:4180} INFO - Setting next_dagrun for dss150p_sales_pipeline to 2026-09-23 02:00:00+00:00, run_after=2026-09-24 02:00:00+00:00
[2026-09-23T09:08:34.729+0000] {processor.py:208} INFO - Processing /opt/airflow/dags/dss150p_pipeline.py took 0.104 seconds
[2026-09-23T09:09:04.864+0000] {processor.py:186} INFO - Started process (PID=4583) to work on /opt/airflow/dags/dss150p_pipeline.py
[2026-09-23T09:09:04.867+0000] {processor.py:914} INFO - Processing file /opt/airflow/dags/dss150p_pipeline.py for tasks to queue
[2026-09-23T09:09:04.873+0000] {logging_mixin.py:190} INFO - [2026-09-23T09:09:04.873+0000] {dagbag.py:588} INFO - Filling up the DagBag from /opt/airflow/dags/dss150p_pipeline.py
[2026-09-23T09:09:04.914+0000] {processor.py:925} INFO - DAG(s) 'dss150p_sales_pipeline' retrieved from /opt/airflow/dags/dss150p_pipeline.py
[2026-09-23T09:09:04.975+0000] {logging_mixin.py:190} INFO - [2026-09-23T09:09:04.974+0000] {dag.py:3239} INFO - Sync 1 DAGs
[2026-09-23T09:09:05.056+0000] {logging_mixin.py:190} INFO - [2026-09-23T09:09:05.056+0000] {dag.py:4180} INFO - Setting next_dagrun for dss150p_sales_pipeline to 2026-09-23 02:00:00+00:00, run_after=2026-09-24 02:00:00+00:00
[2026-09-23T09:09:05.090+0000] {processor.py:208} INFO - Processing /opt/airflow/dags/dss150p_pipeline.py took 0.245 seconds
[2026-09-23T09:09:35.260+0000] {processor.py:186} INFO - Started process (PID=4588) to work on /opt/airflow/dags/dss150p_pipeline.py
[2026-09-23T09:09:35.261+0000] {processor.py:914} INFO - Processing file /opt/airflow/dags/dss150p_pipeline.py for tasks to queue
[2026-09-23T09:09:35.262+0000] {logging_mixin.py:190} INFO - [2026-09-23T09:09:35.262+0000] {dagbag.py:588} INFO - Filling up the DagBag from /opt/airflow/dags/dss150p_pipeline.py
[2026-09-23T09:09:35.272+0000] {processor.py:925} INFO - DAG(s) 'dss150p_sales_pipeline' retrieved from /opt/airflow/dags/dss150p_pipeline.py
[2026-09-23T09:09:35.295+0000] {logging_mixin.py:190} INFO - [2026-09-23T09:09:35.295+0000] {dag.py:3239} INFO - Sync 1 DAGs
[2026-09-23T09:09:35.309+0000] {logging_mixin.py:190} INFO - [2026-09-23T09:09:35.308+0000] {dag.py:4180} INFO - Setting next_dagrun for dss150p_sales_pipeline to 2026-09-23 02:00:00+00:00, run_after=2026-09-24 02:00:00+00:00
[2026-09-23T09:09:35.318+0000] {processor.py:208} INFO - Processing /opt/airflow/dags/dss150p_pipeline.py took 0.064 seconds
[2026-09-23T09:10:05.469+0000] {processor.py:186} INFO - Started process (PID=4593) to work on /opt/airflow/dags/dss150p_pipeline.py
[2026-09-23T09:10:05.470+0000] {processor.py:914} INFO - Processing file /opt/airflow/dags/dss150p_pipeline.py for tasks to queue
[2026-09-23T09:10:05.473+0000] {logging_mixin.py:190} INFO - [2026-09-23T09:10:05.473+0000] {dagbag.py:588} INFO - Filling up the DagBag from /opt/airflow/dags/dss150p_pipeline.py
[2026-09-23T09:10:05.490+0000] {processor.py:925} INFO - DAG(s) 'dss150p_sales_pipeline' retrieved from /opt/airflow/dags/dss150p_pipeline.py
[2026-09-23T09:10:05.518+0000] {logging_mixin.py:190} INFO - [2026-09-23T09:10:05.518+0000] {dag.py:3239} INFO - Sync 1 DAGs
[2026-09-23T09:10:05.538+0000] {logging_mixin.py:190} INFO - [2026-09-23T09:10:05.538+0000] {dag.py:4180} INFO - Setting next_dagrun for dss150p_sales_pipeline to 2026-09-23 02:00:00+00:00, run_after=2026-09-24 02:00:00+00:00
[2026-09-23T09:10:05.549+0000] {processor.py:208} INFO - Processing /opt/airflow/dags/dss150p_pipeline.py took 0.088 seconds
[2026-09-23T09:10:35.717+0000] {processor.py:186} INFO - Started process (PID=4598) to work on /opt/airflow/dags/dss150p_pipeline.py
[2026-09-23T09:10:35.718+0000] {processor.py:914} INFO - Processing file /opt/airflow/dags/dss150p_pipeline.py for tasks to queue
[2026-09-23T09:10:35.721+0000] {logging_mixin.py:190} INFO - [2026-09-23T09:10:35.721+0000] {dagbag.py:588} INFO - Filling up the DagBag from /opt/airflow/dags/dss150p_pipeline.py
[2026-09-23T09:10:35.734+0000] {processor.py:925} INFO - DAG(s) 'dss150p_sales_pipeline' retrieved from /opt/airflow/dags/dss150p_pipeline.py
[2026-09-23T09:10:35.761+0000] {logging_mixin.py:190} INFO - [2026-09-23T09:10:35.761+0000] {dag.py:3239} INFO - Sync 1 DAGs
[2026-09-23T09:10:35.777+0000] {logging_mixin.py:190} INFO - [2026-09-23T09:10:35.777+0000] {dag.py:4180} INFO - Setting next_dagrun for dss150p_sales_pipeline to 2026-09-23 02:00:00+00:00, run_after=2026-09-24 02:00:00+00:00
[2026-09-23T09:10:35.786+0000] {processor.py:208} INFO - Processing /opt/airflow/dags/dss150p_pipeline.py took 0.076 seconds
[2026-09-23T09:11:05.942+0000] {processor.py:186} INFO - Started process (PID=4603) to work on /opt/airflow/dags/dss150p_pipeline.py
[2026-09-23T09:11:05.943+0000] {processor.py:914} INFO - Processing file /opt/airflow/dags/dss150p_pipeline.py for tasks to queue
[2026-09-23T09:11:05.946+0000] {logging_mixin.py:190} INFO - [2026-09-23T09:11:05.946+0000] {dagbag.py:588} INFO - Filling up the DagBag from /opt/airflow/dags/dss150p_pipeline.py
[2026-09-23T09:11:05.956+0000] {processor.py:925} INFO - DAG(s) 'dss150p_sales_pipeline' retrieved from /opt/airflow/dags/dss150p_pipeline.py
[2026-09-23T09:11:05.978+0000] {logging_mixin.py:190} INFO - [2026-09-23T09:11:05.978+0000] {dag.py:3239} INFO - Sync 1 DAGs
[2026-09-23T09:11:05.993+0000] {logging_mixin.py:190} INFO - [2026-09-23T09:11:05.992+0000] {dag.py:4180} INFO - Setting next_dagrun for dss150p_sales_pipeline to 2026-09-23 02:00:00+00:00, run_after=2026-09-24 02:00:00+00:00
[2026-09-23T09:11:06.001+0000] {processor.py:208} INFO - Processing /opt/airflow/dags/dss150p_pipeline.py took 0.066 seconds
[2026-09-23T09:11:36.189+0000] {processor.py:186} INFO - Started process (PID=4608) to work on /opt/airflow/dags/dss150p_pipeline.py
[2026-09-23T09:11:36.190+0000] {processor.py:914} INFO - Processing file /opt/airflow/dags/dss150p_pipeline.py for tasks to queue
[2026-09-23T09:11:36.195+0000] {logging_mixin.py:190} INFO - [2026-09-23T09:11:36.194+0000] {dagbag.py:588} INFO - Filling up the DagBag from /opt/airflow/dags/dss150p_pipeline.py
[2026-09-23T09:11:36.224+0000] {processor.py:925} INFO - DAG(s) 'dss150p_sales_pipeline' retrieved from /opt/airflow/dags/dss150p_pipeline.py
[2026-09-23T09:11:36.255+0000] {logging_mixin.py:190} INFO - [2026-09-23T09:11:36.255+0000] {dag.py:3239} INFO - Sync 1 DAGs
[2026-09-23T09:11:36.274+0000] {logging_mixin.py:190} INFO - [2026-09-23T09:11:36.274+0000] {dag.py:4180} INFO - Setting next_dagrun for dss150p_sales_pipeline to 2026-09-23 02:00:00+00:00, run_after=2026-09-24 02:00:00+00:00
[2026-09-23T09:11:36.285+0000] {processor.py:208} INFO - Processing /opt/airflow/dags/dss150p_pipeline.py took 0.108 seconds
[2026-09-23T09:12:06.366+0000] {processor.py:186} INFO - Started process (PID=4613) to work on /opt/airflow/dags/dss150p_pipeline.py
[2026-09-23T09:12:06.367+0000] {processor.py:914} INFO - Processing file /opt/airflow/dags/dss150p_pipeline.py for tasks to queue
[2026-09-23T09:12:06.368+0000] {logging_mixin.py:190} INFO - [2026-09-23T09:12:06.368+0000] {dagbag.py:588} INFO - Filling up the DagBag from /opt/airflow/dags/dss150p_pipeline.py
[2026-09-23T09:12:06.380+0000] {processor.py:925} INFO - DAG(s) 'dss150p_sales_pipeline' retrieved from /opt/airflow/dags/dss150p_pipeline.py
[2026-09-23T09:12:06.408+0000] {logging_mixin.py:190} INFO - [2026-09-23T09:12:06.408+0000] {dag.py:3239} INFO - Sync 1 DAGs
[2026-09-23T09:12:06.423+0000] {logging_mixin.py:190} INFO - [2026-09-23T09:12:06.423+0000] {dag.py:4180} INFO - Setting next_dagrun for dss150p_sales_pipeline to 2026-09-23 02:00:00+00:00, run_after=2026-09-24 02:00:00+00:00
[2026-09-23T09:12:06.434+0000] {processor.py:208} INFO - Processing /opt/airflow/dags/dss150p_pipeline.py took 0.074 seconds
[2026-09-23T09:12:36.634+0000] {processor.py:186} INFO - Started process (PID=4618) to work on /opt/airflow/dags/dss150p_pipeline.py
[2026-09-23T09:12:36.635+0000] {processor.py:914} INFO - Processing file /opt/airflow/dags/dss150p_pipeline.py for tasks to queue
[2026-09-23T09:12:36.640+0000] {logging_mixin.py:190} INFO - [2026-09-23T09:12:36.640+0000] {dagbag.py:588} INFO - Filling up the DagBag from /opt/airflow/dags/dss150p_pipeline.py
[2026-09-23T09:12:36.667+0000] {processor.py:925} INFO - DAG(s) 'dss150p_sales_pipeline' retrieved from /opt/airflow/dags/dss150p_pipeline.py
[2026-09-23T09:12:36.716+0000] {logging_mixin.py:190} INFO - [2026-09-23T09:12:36.716+0000] {dag.py:3239} INFO - Sync 1 DAGs
[2026-09-23T09:12:36.748+0000] {logging_mixin.py:190} INFO - [2026-09-23T09:12:36.748+0000] {dag.py:4180} INFO - Setting next_dagrun for dss150p_sales_pipeline to 2026-09-23 02:00:00+00:00, run_after=2026-09-24 02:00:00+00:00
[2026-09-23T09:12:36.763+0000] {processor.py:208} INFO - Processing /opt/airflow/dags/dss150p_pipeline.py took 0.142 seconds
[2026-09-23T09:13:06.844+0000] {processor.py:186} INFO - Started process (PID=4623) to work on /opt/airflow/dags/dss150p_pipeline.py
[2026-09-23T09:13:06.845+0000] {processor.py:914} INFO - Processing file /opt/airflow/dags/dss150p_pipeline.py for tasks to queue
[2026-09-23T09:13:06.847+0000] {logging_mixin.py:190} INFO - [2026-09-23T09:13:06.847+0000] {dagbag.py:588} INFO - Filling up the DagBag from /opt/airflow/dags/dss150p_pipeline.py
[2026-09-23T09:13:06.859+0000] {processor.py:925} INFO - DAG(s) 'dss150p_sales_pipeline' retrieved from /opt/airflow/dags/dss150p_pipeline.py
[2026-09-23T09:13:06.887+0000] {logging_mixin.py:190} INFO - [2026-09-23T09:13:06.887+0000] {dag.py:3239} INFO - Sync 1 DAGs
[2026-09-23T09:13:06.905+0000] {logging_mixin.py:190} INFO - [2026-09-23T09:13:06.905+0000] {dag.py:4180} INFO - Setting next_dagrun for dss150p_sales_pipeline to 2026-09-23 02:00:00+00:00, run_after=2026-09-24 02:00:00+00:00
[2026-09-23T09:13:06.917+0000] {processor.py:208} INFO - Processing /opt/airflow/dags/dss150p_pipeline.py took 0.080 seconds
[2026-09-23T09:13:37.083+0000] {processor.py:186} INFO - Started process (PID=4628) to work on /opt/airflow/dags/dss150p_pipeline.py
[2026-09-23T09:13:37.083+0000] {processor.py:914} INFO - Processing file /opt/airflow/dags/dss150p_pipeline.py for tasks to queue
[2026-09-23T09:13:37.086+0000] {logging_mixin.py:190} INFO - [2026-09-23T09:13:37.086+0000] {dagbag.py:588} INFO - Filling up the DagBag from /opt/airflow/dags/dss150p_pipeline.py
[2026-09-23T09:13:37.103+0000] {processor.py:925} INFO - DAG(s) 'dss150p_sales_pipeline' retrieved from /opt/airflow/dags/dss150p_pipeline.py
[2026-09-23T09:13:37.133+0000] {logging_mixin.py:190} INFO - [2026-09-23T09:13:37.133+0000] {dag.py:3239} INFO - Sync 1 DAGs
[2026-09-23T09:13:37.153+0000] {logging_mixin.py:190} INFO - [2026-09-23T09:13:37.153+0000] {dag.py:4180} INFO - Setting next_dagrun for dss150p_sales_pipeline to 2026-09-23 02:00:00+00:00, run_after=2026-09-24 02:00:00+00:00
[2026-09-23T09:13:37.164+0000] {processor.py:208} INFO - Processing /opt/airflow/dags/dss150p_pipeline.py took 0.089 seconds
[2026-09-23T09:14:07.257+0000] {processor.py:186} INFO - Started process (PID=4633) to work on /opt/airflow/dags/dss150p_pipeline.py
[2026-09-23T09:14:07.257+0000] {processor.py:914} INFO - Processing file /opt/airflow/dags/dss150p_pipeline.py for tasks to queue
[2026-09-23T09:14:07.259+0000] {logging_mixin.py:190} INFO - [2026-09-23T09:14:07.259+0000] {dagbag.py:588} INFO - Filling up the DagBag from /opt/airflow/dags/dss150p_pipeline.py
[2026-09-23T09:14:07.269+0000] {processor.py:925} INFO - DAG(s) 'dss150p_sales_pipeline' retrieved from /opt/airflow/dags/dss150p_pipeline.py
[2026-09-23T09:14:07.293+0000] {logging_mixin.py:190} INFO - [2026-09-23T09:14:07.293+0000] {dag.py:3239} INFO - Sync 1 DAGs
[2026-09-23T09:14:07.311+0000] {logging_mixin.py:190} INFO - [2026-09-23T09:14:07.310+0000] {dag.py:4180} INFO - Setting next_dagrun for dss150p_sales_pipeline to 2026-09-23 02:00:00+00:00, run_after=2026-09-24 02:00:00+00:00
[2026-09-23T09:14:07.320+0000] {processor.py:208} INFO - Processing /opt/airflow/dags/dss150p_pipeline.py took 0.069 seconds
[2026-09-23T09:14:37.478+0000] {processor.py:186} INFO - Started process (PID=4638) to work on /opt/airflow/dags/dss150p_pipeline.py
[2026-09-23T09:14:37.478+0000] {processor.py:914} INFO - Processing file /opt/airflow/dags/dss150p_pipeline.py for tasks to queue
[2026-09-23T09:14:37.480+0000] {logging_mixin.py:190} INFO - [2026-09-23T09:14:37.480+0000] {dagbag.py:588} INFO - Filling up the DagBag from /opt/airflow/dags/dss150p_pipeline.py
[2026-09-23T09:14:37.491+0000] {processor.py:925} INFO - DAG(s) 'dss150p_sales_pipeline' retrieved from /opt/airflow/dags/dss150p_pipeline.py
[2026-09-23T09:14:37.516+0000] {logging_mixin.py:190} INFO - [2026-09-23T09:14:37.516+0000] {dag.py:3239} INFO - Sync 1 DAGs
[2026-09-23T09:14:37.531+0000] {logging_mixin.py:190} INFO - [2026-09-23T09:14:37.531+0000] {dag.py:4180} INFO - Setting next_dagrun for dss150p_sales_pipeline to 2026-09-23 02:00:00+00:00, run_after=2026-09-24 02:00:00+00:00
[2026-09-23T09:14:37.540+0000] {processor.py:208} INFO - Processing /opt/airflow/dags/dss150p_pipeline.py took 0.067 seconds
[2026-09-23T09:15:07.659+0000] {processor.py:186} INFO - Started process (PID=4643) to work on /opt/airflow/dags/dss150p_pipeline.py
[2026-09-23T09:15:07.660+0000] {processor.py:914} INFO - Processing file /opt/airflow/dags/dss150p_pipeline.py for tasks to queue
[2026-09-23T09:15:07.662+0000] {logging_mixin.py:190} INFO - [2026-09-23T09:15:07.662+0000] {dagbag.py:588} INFO - Filling up the DagBag from /opt/airflow/dags/dss150p_pipeline.py
[2026-09-23T09:15:07.674+0000] {processor.py:925} INFO - DAG(s) 'dss150p_sales_pipeline' retrieved from /opt/airflow/dags/dss150p_pipeline.py
[2026-09-23T09:15:07.698+0000] {logging_mixin.py:190} INFO - [2026-09-23T09:15:07.698+0000] {dag.py:3239} INFO - Sync 1 DAGs
[2026-09-23T09:15:07.714+0000] {logging_mixin.py:190} INFO - [2026-09-23T09:15:07.714+0000] {dag.py:4180} INFO - Setting next_dagrun for dss150p_sales_pipeline to 2026-09-23 02:00:00+00:00, run_after=2026-09-24 02:00:00+00:00
[2026-09-23T09:15:07.723+0000] {processor.py:208} INFO - Processing /opt/airflow/dags/dss150p_pipeline.py took 0.069 seconds
[2026-09-23T09:15:37.921+0000] {processor.py:186} INFO - Started process (PID=4648) to work on /opt/airflow/dags/dss150p_pipeline.py
[2026-09-23T09:15:37.921+0000] {processor.py:914} INFO - Processing file /opt/airflow/dags/dss150p_pipeline.py for tasks to queue
[2026-09-23T09:15:37.930+0000] {logging_mixin.py:190} INFO - [2026-09-23T09:15:37.929+0000] {dagbag.py:588} INFO - Filling up the DagBag from /opt/airflow/dags/dss150p_pipeline.py
[2026-09-23T09:15:37.989+0000] {processor.py:925} INFO - DAG(s) 'dss150p_sales_pipeline' retrieved from /opt/airflow/dags/dss150p_pipeline.py
[2026-09-23T09:15:38.024+0000] {logging_mixin.py:190} INFO - [2026-09-23T09:15:38.024+0000] {dag.py:3239} INFO - Sync 1 DAGs
[2026-09-23T09:15:38.050+0000] {logging_mixin.py:190} INFO - [2026-09-23T09:15:38.050+0000] {dag.py:4180} INFO - Setting next_dagrun for dss150p_sales_pipeline to 2026-09-23 02:00:00+00:00, run_after=2026-09-24 02:00:00+00:00
[2026-09-23T09:15:38.064+0000] {processor.py:208} INFO - Processing /opt/airflow/dags/dss150p_pipeline.py took 0.152 seconds
[2026-09-23T09:16:08.130+0000] {processor.py:186} INFO - Started process (PID=4653) to work on /opt/airflow/dags/dss150p_pipeline.py
[2026-09-23T09:16:08.131+0000] {processor.py:914} INFO - Processing file /opt/airflow/dags/dss150p_pipeline.py for tasks to queue
[2026-09-23T09:16:08.133+0000] {logging_mixin.py:190} INFO - [2026-09-23T09:16:08.133+0000] {dagbag.py:588} INFO - Filling up the DagBag from /opt/airflow/dags/dss150p_pipeline.py
[2026-09-23T09:16:08.144+0000] {processor.py:925} INFO - DAG(s) 'dss150p_sales_pipeline' retrieved from /opt/airflow/dags/dss150p_pipeline.py
[2026-09-23T09:16:08.167+0000] {logging_mixin.py:190} INFO - [2026-09-23T09:16:08.167+0000] {dag.py:3239} INFO - Sync 1 DAGs
[2026-09-23T09:16:08.181+0000] {logging_mixin.py:190} INFO - [2026-09-23T09:16:08.180+0000] {dag.py:4180} INFO - Setting next_dagrun for dss150p_sales_pipeline to 2026-09-23 02:00:00+00:00, run_after=2026-09-24 02:00:00+00:00
[2026-09-23T09:16:08.192+0000] {processor.py:208} INFO - Processing /opt/airflow/dags/dss150p_pipeline.py took 0.066 seconds
[2026-09-23T09:16:38.334+0000] {processor.py:186} INFO - Started process (PID=4658) to work on /opt/airflow/dags/dss150p_pipeline.py
[2026-09-23T09:16:38.335+0000] {processor.py:914} INFO - Processing file /opt/airflow/dags/dss150p_pipeline.py for tasks to queue
[2026-09-23T09:16:38.337+0000] {logging_mixin.py:190} INFO - [2026-09-23T09:16:38.337+0000] {dagbag.py:588} INFO - Filling up the DagBag from /opt/airflow/dags/dss150p_pipeline.py
[2026-09-23T09:16:38.350+0000] {processor.py:925} INFO - DAG(s) 'dss150p_sales_pipeline' retrieved from /opt/airflow/dags/dss150p_pipeline.py
[2026-09-23T09:16:38.380+0000] {logging_mixin.py:190} INFO - [2026-09-23T09:16:38.380+0000] {dag.py:3239} INFO - Sync 1 DAGs
[2026-09-23T09:16:38.396+0000] {logging_mixin.py:190} INFO - [2026-09-23T09:16:38.396+0000] {dag.py:4180} INFO - Setting next_dagrun for dss150p_sales_pipeline to 2026-09-23 02:00:00+00:00, run_after=2026-09-24 02:00:00+00:00
[2026-09-23T09:16:38.407+0000] {processor.py:208} INFO - Processing /opt/airflow/dags/dss150p_pipeline.py took 0.081 seconds
[2026-09-23T09:17:08.504+0000] {processor.py:186} INFO - Started process (PID=4663) to work on /opt/airflow/dags/dss150p_pipeline.py
[2026-09-23T09:17:08.505+0000] {processor.py:914} INFO - Processing file /opt/airflow/dags/dss150p_pipeline.py for tasks to queue
[2026-09-23T09:17:08.507+0000] {logging_mixin.py:190} INFO - [2026-09-23T09:17:08.507+0000] {dagbag.py:588} INFO - Filling up the DagBag from /opt/airflow/dags/dss150p_pipeline.py
[2026-09-23T09:17:08.526+0000] {processor.py:925} INFO - DAG(s) 'dss150p_sales_pipeline' retrieved from /opt/airflow/dags/dss150p_pipeline.py
[2026-09-23T09:17:08.561+0000] {logging_mixin.py:190} INFO - [2026-09-23T09:17:08.561+0000] {dag.py:3239} INFO - Sync 1 DAGs
[2026-09-23T09:17:08.580+0000] {logging_mixin.py:190} INFO - [2026-09-23T09:17:08.580+0000] {dag.py:4180} INFO - Setting next_dagrun for dss150p_sales_pipeline to 2026-09-23 02:00:00+00:00, run_after=2026-09-24 02:00:00+00:00
[2026-09-23T09:17:08.591+0000] {processor.py:208} INFO - Processing /opt/airflow/dags/dss150p_pipeline.py took 0.095 seconds
[2026-09-23T09:17:38.703+0000] {processor.py:186} INFO - Started process (PID=4668) to work on /opt/airflow/dags/dss150p_pipeline.py
[2026-09-23T09:17:38.704+0000] {processor.py:914} INFO - Processing file /opt/airflow/dags/dss150p_pipeline.py for tasks to queue
[2026-09-23T09:17:38.705+0000] {logging_mixin.py:190} INFO - [2026-09-23T09:17:38.705+0000] {dagbag.py:588} INFO - Filling up the DagBag from /opt/airflow/dags/dss150p_pipeline.py
[2026-09-23T09:17:38.714+0000] {processor.py:925} INFO - DAG(s) 'dss150p_sales_pipeline' retrieved from /opt/airflow/dags/dss150p_pipeline.py
[2026-09-23T09:17:38.734+0000] {logging_mixin.py:190} INFO - [2026-09-23T09:17:38.734+0000] {dag.py:3239} INFO - Sync 1 DAGs
[2026-09-23T09:17:38.746+0000] {logging_mixin.py:190} INFO - [2026-09-23T09:17:38.746+0000] {dag.py:4180} INFO - Setting next_dagrun for dss150p_sales_pipeline to 2026-09-23 02:00:00+00:00, run_after=2026-09-24 02:00:00+00:00
[2026-09-23T09:17:38.755+0000] {processor.py:208} INFO - Processing /opt/airflow/dags/dss150p_pipeline.py took 0.056 seconds
[2026-09-23T09:18:08.967+0000] {processor.py:186} INFO - Started process (PID=4673) to work on /opt/airflow/dags/dss150p_pipeline.py
[2026-09-23T09:18:08.968+0000] {processor.py:914} INFO - Processing file /opt/airflow/dags/dss150p_pipeline.py for tasks to queue
[2026-09-23T09:18:08.970+0000] {logging_mixin.py:190} INFO - [2026-09-23T09:18:08.969+0000] {dagbag.py:588} INFO - Filling up the DagBag from /opt/airflow/dags/dss150p_pipeline.py
[2026-09-23T09:18:08.981+0000] {processor.py:925} INFO - DAG(s) 'dss150p_sales_pipeline' retrieved from /opt/airflow/dags/dss150p_pipeline.py
[2026-09-23T09:18:09.009+0000] {logging_mixin.py:190} INFO - [2026-09-23T09:18:09.009+0000] {dag.py:3239} INFO - Sync 1 DAGs
[2026-09-23T09:18:09.029+0000] {logging_mixin.py:190} INFO - [2026-09-23T09:18:09.028+0000] {dag.py:4180} INFO - Setting next_dagrun for dss150p_sales_pipeline to 2026-09-23 02:00:00+00:00, run_after=2026-09-24 02:00:00+00:00
[2026-09-23T09:18:09.046+0000] {processor.py:208} INFO - Processing /opt/airflow/dags/dss150p_pipeline.py took 0.085 seconds
