[2026-09-23T03:02:26.869+0000] {manager.py:483} INFO - Processing files using up to 2 processes at a time 
[2026-09-23T03:02:26.870+0000] {manager.py:484} INFO - Process each file at most once every 30 seconds
[2026-09-23T03:02:26.870+0000] {manager.py:485} INFO - Checking for new files in /opt/airflow/dags every 300 seconds
[2026-09-23T03:02:26.870+0000] {manager.py:821} INFO - Searching for files in /opt/airflow/dags
[2026-09-23T03:02:26.873+0000] {manager.py:824} INFO - There are 1 files in /opt/airflow/dags
[2026-09-23T03:02:26.905+0000] {manager.py:997} INFO - 
================================================================================
DAG File Processing Stats

File Path                                PID  Runtime      # DAGs    # Errors  Last Runtime    Last Run      Last # of DB Queries
-------------------------------------  -----  ---------  --------  ----------  --------------  ----------  ----------------------
/opt/airflow/dags/dss150p_pipeline.py    167  0.01s             0           0                                                   0
================================================================================
[2026-09-23T03:02:57.136+0000] {manager.py:997} INFO - 
================================================================================
DAG File Processing Stats

File Path                                PID  Runtime      # DAGs    # Errors  Last Runtime    Last Run               Last # of DB Queries
-------------------------------------  -----  ---------  --------  ----------  --------------  -------------------  ----------------------
/opt/airflow/dags/dss150p_pipeline.py    172  0.01s             1           0  0.18s           2026-09-23T03:02:27                      45
================================================================================
[2026-09-23T03:03:27.425+0000] {manager.py:997} INFO - 
================================================================================
DAG File Processing Stats

File Path                                PID  Runtime      # DAGs    # Errors  Last Runtime    Last Run               Last # of DB Queries
-------------------------------------  -----  ---------  --------  ----------  --------------  -------------------  ----------------------
/opt/airflow/dags/dss150p_pipeline.py    177  0.01s             1           0  0.09s           2026-09-23T03:02:57                      12
================================================================================
[2026-09-23T03:03:57.774+0000] {manager.py:997} INFO - 
================================================================================
DAG File Processing Stats

File Path                                PID  Runtime      # DAGs    # Errors  Last Runtime    Last Run               Last # of DB Queries
-------------------------------------  -----  ---------  --------  ----------  --------------  -------------------  ----------------------
/opt/airflow/dags/dss150p_pipeline.py    182  0.01s             1           0  0.09s           2026-09-23T03:03:27                      12
================================================================================
[2026-09-23T03:04:28.199+0000] {manager.py:997} INFO - 
================================================================================
DAG File Processing Stats

File Path                                PID  Runtime      # DAGs    # Errors  Last Runtime    Last Run               Last # of DB Queries
-------------------------------------  -----  ---------  --------  ----------  --------------  -------------------  ----------------------
/opt/airflow/dags/dss150p_pipeline.py    187  0.01s             1           0  0.08s           2026-09-23T03:03:57                      12
================================================================================
[2026-09-23T03:04:58.535+0000] {manager.py:997} INFO - 
================================================================================
DAG File Processing Stats

File Path                                PID  Runtime      # DAGs    # Errors  Last Runtime    Last Run               Last # of DB Queries
-------------------------------------  -----  ---------  --------  ----------  --------------  -------------------  ----------------------
/opt/airflow/dags/dss150p_pipeline.py    192  0.01s             1           0  0.09s           2026-09-23T03:04:28                      12
================================================================================
[2026-09-23T03:05:28.864+0000] {manager.py:997} INFO - 
================================================================================
DAG File Processing Stats

File Path                                PID  Runtime      # DAGs    # Errors  Last Runtime    Last Run               Last # of DB Queries
-------------------------------------  -----  ---------  --------  ----------  --------------  -------------------  ----------------------
/opt/airflow/dags/dss150p_pipeline.py    197  0.01s             1           0  0.09s           2026-09-23T03:04:58                      12
================================================================================
[2026-09-23T03:05:59.228+0000] {manager.py:997} INFO - 
================================================================================
DAG File Processing Stats

File Path                                PID  Runtime      # DAGs    # Errors  Last Runtime    Last Run               Last # of DB Queries
-------------------------------------  -----  ---------  --------  ----------  --------------  -------------------  ----------------------
/opt/airflow/dags/dss150p_pipeline.py    202  0.01s             1           0  0.14s           2026-09-23T03:05:28                      12
================================================================================
[2026-09-23T03:06:29.615+0000] {manager.py:997} INFO - 
================================================================================
DAG File Processing Stats

File Path                                PID  Runtime      # DAGs    # Errors  Last Runtime    Last Run               Last # of DB Queries
-------------------------------------  -----  ---------  --------  ----------  --------------  -------------------  ----------------------
/opt/airflow/dags/dss150p_pipeline.py    207  0.01s             1           0  0.08s           2026-09-23T03:05:59                      12
================================================================================
[2026-09-23T03:06:59.966+0000] {manager.py:997} INFO - 
================================================================================
DAG File Processing Stats

File Path                              PID    Runtime      # DAGs    # Errors  Last Runtime    Last Run               Last # of DB Queries
-------------------------------------  -----  ---------  --------  ----------  --------------  -------------------  ----------------------
/opt/airflow/dags/dss150p_pipeline.py                           1           0  0.16s           2026-09-23T03:06:43                      34
================================================================================
[2026-09-23T03:07:27.207+0000] {manager.py:821} INFO - Searching for files in /opt/airflow/dags
[2026-09-23T03:07:27.242+0000] {manager.py:824} INFO - There are 1 files in /opt/airflow/dags
[2026-09-23T03:07:30.290+0000] {manager.py:997} INFO - 
================================================================================
DAG File Processing Stats

File Path                              PID    Runtime      # DAGs    # Errors  Last Runtime    Last Run               Last # of DB Queries
-------------------------------------  -----  ---------  --------  ----------  --------------  -------------------  ----------------------
/opt/airflow/dags/dss150p_pipeline.py                           1           0  0.06s           2026-09-23T03:07:14                      12
================================================================================
[2026-09-23T03:08:00.615+0000] {manager.py:997} INFO - 
================================================================================
DAG File Processing Stats

File Path                              PID    Runtime      # DAGs    # Errors  Last Runtime    Last Run               Last # of DB Queries
-------------------------------------  -----  ---------  --------  ----------  --------------  -------------------  ----------------------
/opt/airflow/dags/dss150p_pipeline.py                           1           0  0.13s           2026-09-23T03:07:44                      12
================================================================================
[2026-09-23T03:08:30.871+0000] {manager.py:997} INFO - 
================================================================================
DAG File Processing Stats

File Path                              PID    Runtime      # DAGs    # Errors  Last Runtime    Last Run               Last # of DB Queries
-------------------------------------  -----  ---------  --------  ----------  --------------  -------------------  ----------------------
/opt/airflow/dags/dss150p_pipeline.py                           1           0  0.09s           2026-09-23T03:08:14                      12
================================================================================
[2026-09-23T03:09:01.065+0000] {manager.py:997} INFO - 
================================================================================
DAG File Processing Stats

File Path                              PID    Runtime      # DAGs    # Errors  Last Runtime    Last Run               Last # of DB Queries
-------------------------------------  -----  ---------  --------  ----------  --------------  -------------------  ----------------------
/opt/airflow/dags/dss150p_pipeline.py                           1           0  0.17s           2026-09-23T03:08:45                      12
================================================================================
[2026-09-23T03:09:31.253+0000] {manager.py:997} INFO - 
================================================================================
DAG File Processing Stats

File Path                              PID    Runtime      # DAGs    # Errors  Last Runtime    Last Run               Last # of DB Queries
-------------------------------------  -----  ---------  --------  ----------  --------------  -------------------  ----------------------
/opt/airflow/dags/dss150p_pipeline.py                           1           0  0.12s           2026-09-23T03:09:15                      12
================================================================================
[2026-09-23T03:10:01.524+0000] {manager.py:997} INFO - 
================================================================================
DAG File Processing Stats

File Path                              PID    Runtime      # DAGs    # Errors  Last Runtime    Last Run               Last # of DB Queries
-------------------------------------  -----  ---------  --------  ----------  --------------  -------------------  ----------------------
/opt/airflow/dags/dss150p_pipeline.py                           1           0  0.14s           2026-09-23T03:09:45                      12
================================================================================
[2026-09-23T03:10:31.819+0000] {manager.py:997} INFO - 
================================================================================
DAG File Processing Stats

File Path                              PID    Runtime      # DAGs    # Errors  Last Runtime    Last Run               Last # of DB Queries
-------------------------------------  -----  ---------  --------  ----------  --------------  -------------------  ----------------------
/opt/airflow/dags/dss150p_pipeline.py                           1           0  0.14s           2026-09-23T03:10:15                      12
================================================================================
[2026-09-23T03:11:02.021+0000] {manager.py:997} INFO - 
================================================================================
DAG File Processing Stats

File Path                              PID    Runtime      # DAGs    # Errors  Last Runtime    Last Run               Last # of DB Queries
-------------------------------------  -----  ---------  --------  ----------  --------------  -------------------  ----------------------
/opt/airflow/dags/dss150p_pipeline.py                           1           0  0.11s           2026-09-23T03:10:46                      12
================================================================================
[2026-09-23T03:11:32.262+0000] {manager.py:997} INFO - 
================================================================================
DAG File Processing Stats

File Path                              PID    Runtime      # DAGs    # Errors  Last Runtime    Last Run               Last # of DB Queries
-------------------------------------  -----  ---------  --------  ----------  --------------  -------------------  ----------------------
/opt/airflow/dags/dss150p_pipeline.py                           1           0  0.16s           2026-09-23T03:11:16                      12
================================================================================
[2026-09-23T03:12:02.528+0000] {manager.py:997} INFO - 
================================================================================
DAG File Processing Stats

File Path                              PID    Runtime      # DAGs    # Errors  Last Runtime    Last Run               Last # of DB Queries
-------------------------------------  -----  ---------  --------  ----------  --------------  -------------------  ----------------------
/opt/airflow/dags/dss150p_pipeline.py                           1           0  0.11s           2026-09-23T03:11:46                      12
================================================================================
[2026-09-23T03:12:27.714+0000] {manager.py:821} INFO - Searching for files in /opt/airflow/dags
[2026-09-23T03:12:27.720+0000] {manager.py:824} INFO - There are 1 files in /opt/airflow/dags
[2026-09-23T03:12:32.839+0000] {manager.py:997} INFO - 
================================================================================
DAG File Processing Stats

File Path                              PID    Runtime      # DAGs    # Errors  Last Runtime    Last Run               Last # of DB Queries
-------------------------------------  -----  ---------  --------  ----------  --------------  -------------------  ----------------------
/opt/airflow/dags/dss150p_pipeline.py                           1           0  0.12s           2026-09-23T03:12:16                      12
================================================================================
[2026-09-23T03:13:03.054+0000] {manager.py:997} INFO - 
================================================================================
DAG File Processing Stats

File Path                              PID    Runtime      # DAGs    # Errors  Last Runtime    Last Run               Last # of DB Queries
-------------------------------------  -----  ---------  --------  ----------  --------------  -------------------  ----------------------
/opt/airflow/dags/dss150p_pipeline.py                           1           0  0.13s           2026-09-23T03:12:47                      12
================================================================================
[2026-09-23T03:13:33.327+0000] {manager.py:997} INFO - 
================================================================================
DAG File Processing Stats

File Path                              PID    Runtime      # DAGs    # Errors  Last Runtime    Last Run               Last # of DB Queries
-------------------------------------  -----  ---------  --------  ----------  --------------  -------------------  ----------------------
/opt/airflow/dags/dss150p_pipeline.py                           1           0  0.20s           2026-09-23T03:13:08                      34
================================================================================
[2026-09-23T03:14:03.509+0000] {manager.py:997} INFO - 
================================================================================
DAG File Processing Stats

File Path                              PID    Runtime      # DAGs    # Errors  Last Runtime    Last Run               Last # of DB Queries
-------------------------------------  -----  ---------  --------  ----------  --------------  -------------------  ----------------------
/opt/airflow/dags/dss150p_pipeline.py                           1           0  0.12s           2026-09-23T03:13:38                      12
================================================================================
[2026-09-23T03:14:33.812+0000] {manager.py:997} INFO - 
================================================================================
DAG File Processing Stats

File Path                              PID    Runtime      # DAGs    # Errors  Last Runtime    Last Run               Last # of DB Queries
-------------------------------------  -----  ---------  --------  ----------  --------------  -------------------  ----------------------
/opt/airflow/dags/dss150p_pipeline.py                           1           0  0.12s           2026-09-23T03:14:08                      12
================================================================================
[2026-09-23T03:15:03.993+0000] {manager.py:997} INFO - 
================================================================================
DAG File Processing Stats

File Path                              PID    Runtime      # DAGs    # Errors  Last Runtime    Last Run               Last # of DB Queries
-------------------------------------  -----  ---------  --------  ----------  --------------  -------------------  ----------------------
/opt/airflow/dags/dss150p_pipeline.py                           1           0  0.10s           2026-09-23T03:14:38                      12
================================================================================
[2026-09-23T03:15:34.207+0000] {manager.py:997} INFO - 
================================================================================
DAG File Processing Stats

File Path                              PID    Runtime      # DAGs    # Errors  Last Runtime    Last Run               Last # of DB Queries
-------------------------------------  -----  ---------  --------  ----------  --------------  -------------------  ----------------------
/opt/airflow/dags/dss150p_pipeline.py                           1           0  0.13s           2026-09-23T03:15:09                      12
================================================================================
[2026-09-23T03:16:04.415+0000] {manager.py:997} INFO - 
================================================================================
DAG File Processing Stats

File Path                              PID    Runtime      # DAGs    # Errors  Last Runtime    Last Run               Last # of DB Queries
-------------------------------------  -----  ---------  --------  ----------  --------------  -------------------  ----------------------
/opt/airflow/dags/dss150p_pipeline.py                           1           0  0.13s           2026-09-23T03:15:39                      12
================================================================================
[2026-09-23T03:16:34.706+0000] {manager.py:997} INFO - 
================================================================================
DAG File Processing Stats

File Path                              PID    Runtime      # DAGs    # Errors  Last Runtime    Last Run               Last # of DB Queries
-------------------------------------  -----  ---------  --------  ----------  --------------  -------------------  ----------------------
/opt/airflow/dags/dss150p_pipeline.py                           1           0  0.11s           2026-09-23T03:16:09                      12
================================================================================
[2026-09-23T03:17:05.003+0000] {manager.py:997} INFO - 
================================================================================
DAG File Processing Stats

File Path                              PID    Runtime      # DAGs    # Errors  Last Runtime    Last Run               Last # of DB Queries
-------------------------------------  -----  ---------  --------  ----------  --------------  -------------------  ----------------------
/opt/airflow/dags/dss150p_pipeline.py                           1           0  0.07s           2026-09-23T03:16:39                      12
================================================================================
[2026-09-23T03:17:28.184+0000] {manager.py:821} INFO - Searching for files in /opt/airflow/dags
[2026-09-23T03:17:28.189+0000] {manager.py:824} INFO - There are 1 files in /opt/airflow/dags
[2026-09-23T03:17:35.249+0000] {manager.py:997} INFO - 
================================================================================
DAG File Processing Stats

File Path                              PID    Runtime      # DAGs    # Errors  Last Runtime    Last Run               Last # of DB Queries
-------------------------------------  -----  ---------  --------  ----------  --------------  -------------------  ----------------------
/opt/airflow/dags/dss150p_pipeline.py                           1           0  0.10s           2026-09-23T03:17:10                      12
================================================================================
[2026-09-23T03:18:05.623+0000] {manager.py:997} INFO - 
================================================================================
DAG File Processing Stats

File Path                              PID    Runtime      # DAGs    # Errors  Last Runtime    Last Run               Last # of DB Queries
-------------------------------------  -----  ---------  --------  ----------  --------------  -------------------  ----------------------
/opt/airflow/dags/dss150p_pipeline.py                           1           0  0.07s           2026-09-23T03:17:40                      12
================================================================================
[2026-09-23T03:18:35.907+0000] {manager.py:997} INFO - 
================================================================================
DAG File Processing Stats

File Path                              PID    Runtime      # DAGs    # Errors  Last Runtime    Last Run               Last # of DB Queries
-------------------------------------  -----  ---------  --------  ----------  --------------  -------------------  ----------------------
/opt/airflow/dags/dss150p_pipeline.py                           1           0  0.16s           2026-09-23T03:18:10                      12
================================================================================
[2026-09-23T03:19:06.222+0000] {manager.py:997} INFO - 
================================================================================
DAG File Processing Stats

File Path                              PID    Runtime      # DAGs    # Errors  Last Runtime    Last Run               Last # of DB Queries
-------------------------------------  -----  ---------  --------  ----------  --------------  -------------------  ----------------------
/opt/airflow/dags/dss150p_pipeline.py                           1           0  0.13s           2026-09-23T03:18:41                      12
================================================================================
[2026-09-23T03:19:36.465+0000] {manager.py:997} INFO - 
================================================================================
DAG File Processing Stats

File Path                              PID    Runtime      # DAGs    # Errors  Last Runtime    Last Run               Last # of DB Queries
-------------------------------------  -----  ---------  --------  ----------  --------------  -------------------  ----------------------
/opt/airflow/dags/dss150p_pipeline.py                           1           0  0.18s           2026-09-23T03:19:11                      12
================================================================================
[2026-09-23T03:20:06.641+0000] {manager.py:997} INFO - 
================================================================================
DAG File Processing Stats

File Path                              PID    Runtime      # DAGs    # Errors  Last Runtime    Last Run               Last # of DB Queries
-------------------------------------  -----  ---------  --------  ----------  --------------  -------------------  ----------------------
/opt/airflow/dags/dss150p_pipeline.py                           1           0  0.10s           2026-09-23T03:19:41                      12
================================================================================
[2026-09-23T03:20:36.886+0000] {manager.py:997} INFO - 
================================================================================
DAG File Processing Stats

File Path                              PID    Runtime      # DAGs    # Errors  Last Runtime    Last Run               Last # of DB Queries
-------------------------------------  -----  ---------  --------  ----------  --------------  -------------------  ----------------------
/opt/airflow/dags/dss150p_pipeline.py                           1           0  0.13s           2026-09-23T03:20:11                      12
================================================================================
[2026-09-23T03:21:07.180+0000] {manager.py:997} INFO - 
================================================================================
DAG File Processing Stats

File Path                              PID    Runtime      # DAGs    # Errors  Last Runtime    Last Run               Last # of DB Queries
-------------------------------------  -----  ---------  --------  ----------  --------------  -------------------  ----------------------
/opt/airflow/dags/dss150p_pipeline.py                           1           0  0.12s           2026-09-23T03:20:42                      12
================================================================================
[2026-09-23T03:21:37.428+0000] {manager.py:997} INFO - 
================================================================================
DAG File Processing Stats

File Path                              PID    Runtime      # DAGs    # Errors  Last Runtime    Last Run               Last # of DB Queries
-------------------------------------  -----  ---------  --------  ----------  --------------  -------------------  ----------------------
/opt/airflow/dags/dss150p_pipeline.py                           1           0  0.13s           2026-09-23T03:21:12                      12
================================================================================
[2026-09-23T03:22:07.752+0000] {manager.py:997} INFO - 
================================================================================
DAG File Processing Stats

File Path                              PID    Runtime      # DAGs    # Errors  Last Runtime    Last Run               Last # of DB Queries
-------------------------------------  -----  ---------  --------  ----------  --------------  -------------------  ----------------------
/opt/airflow/dags/dss150p_pipeline.py                           1           0  0.12s           2026-09-23T03:21:42                      12
================================================================================
[2026-09-23T03:22:28.931+0000] {manager.py:821} INFO - Searching for files in /opt/airflow/dags
[2026-09-23T03:22:28.935+0000] {manager.py:824} INFO - There are 1 files in /opt/airflow/dags
[2026-09-23T03:22:38.005+0000] {manager.py:997} INFO - 
================================================================================
DAG File Processing Stats

File Path                              PID    Runtime      # DAGs    # Errors  Last Runtime    Last Run               Last # of DB Queries
-------------------------------------  -----  ---------  --------  ----------  --------------  -------------------  ----------------------
/opt/airflow/dags/dss150p_pipeline.py                           1           0  0.11s           2026-09-23T03:22:12                      12
================================================================================
[2026-09-23T03:23:08.295+0000] {manager.py:997} INFO - 
================================================================================
DAG File Processing Stats

File Path                              PID    Runtime      # DAGs    # Errors  Last Runtime    Last Run               Last # of DB Queries
-------------------------------------  -----  ---------  --------  ----------  --------------  -------------------  ----------------------
/opt/airflow/dags/dss150p_pipeline.py                           1           0  0.09s           2026-09-23T03:22:43                      12
================================================================================
[2026-09-23T03:23:38.651+0000] {manager.py:997} INFO - 
================================================================================
DAG File Processing Stats

File Path                              PID    Runtime      # DAGs    # Errors  Last Runtime    Last Run               Last # of DB Queries
-------------------------------------  -----  ---------  --------  ----------  --------------  -------------------  ----------------------
/opt/airflow/dags/dss150p_pipeline.py                           1           0  0.19s           2026-09-23T03:23:13                      12
================================================================================
[2026-09-23T03:24:08.865+0000] {manager.py:997} INFO - 
================================================================================
DAG File Processing Stats

File Path                              PID    Runtime      # DAGs    # Errors  Last Runtime    Last Run               Last # of DB Queries
-------------------------------------  -----  ---------  --------  ----------  --------------  -------------------  ----------------------
/opt/airflow/dags/dss150p_pipeline.py                           1           0  0.10s           2026-09-23T03:23:43                      12
================================================================================
[2026-09-23T03:24:39.165+0000] {manager.py:997} INFO - 
================================================================================
DAG File Processing Stats

File Path                              PID    Runtime      # DAGs    # Errors  Last Runtime    Last Run               Last # of DB Queries
-------------------------------------  -----  ---------  --------  ----------  --------------  -------------------  ----------------------
/opt/airflow/dags/dss150p_pipeline.py                           1           0  0.15s           2026-09-23T03:24:14                      12
================================================================================
[2026-09-23T03:25:09.405+0000] {manager.py:997} INFO - 
================================================================================
DAG File Processing Stats

File Path                              PID    Runtime      # DAGs    # Errors  Last Runtime    Last Run               Last # of DB Queries
-------------------------------------  -----  ---------  --------  ----------  --------------  -------------------  ----------------------
/opt/airflow/dags/dss150p_pipeline.py                           1           0  0.11s           2026-09-23T03:24:44                      12
================================================================================
[2026-09-23T03:25:39.671+0000] {manager.py:997} INFO - 
================================================================================
DAG File Processing Stats

File Path                              PID    Runtime      # DAGs    # Errors  Last Runtime    Last Run               Last # of DB Queries
-------------------------------------  -----  ---------  --------  ----------  --------------  -------------------  ----------------------
/opt/airflow/dags/dss150p_pipeline.py                           1           0  0.12s           2026-09-23T03:25:14                      12
================================================================================
[2026-09-23T03:26:09.968+0000] {manager.py:997} INFO - 
================================================================================
DAG File Processing Stats

File Path                              PID    Runtime      # DAGs    # Errors  Last Runtime    Last Run               Last # of DB Queries
-------------------------------------  -----  ---------  --------  ----------  --------------  -------------------  ----------------------
/opt/airflow/dags/dss150p_pipeline.py                           1           0  0.15s           2026-09-23T03:25:44                      12
================================================================================
[2026-09-23T03:26:40.276+0000] {manager.py:997} INFO - 
================================================================================
DAG File Processing Stats

File Path                              PID    Runtime      # DAGs    # Errors  Last Runtime    Last Run               Last # of DB Queries
-------------------------------------  -----  ---------  --------  ----------  --------------  -------------------  ----------------------
/opt/airflow/dags/dss150p_pipeline.py                           1           0  0.10s           2026-09-23T03:26:15                      12
================================================================================
[2026-09-23T03:27:10.499+0000] {manager.py:997} INFO - 
================================================================================
DAG File Processing Stats

File Path                              PID    Runtime      # DAGs    # Errors  Last Runtime    Last Run               Last # of DB Queries
-------------------------------------  -----  ---------  --------  ----------  --------------  -------------------  ----------------------
/opt/airflow/dags/dss150p_pipeline.py                           1           0  0.24s           2026-09-23T03:26:45                      12
================================================================================
[2026-09-23T03:27:28.974+0000] {manager.py:821} INFO - Searching for files in /opt/airflow/dags
[2026-09-23T03:27:28.978+0000] {manager.py:824} INFO - There are 1 files in /opt/airflow/dags
[2026-09-23T03:27:40.968+0000] {manager.py:997} INFO - 
================================================================================
DAG File Processing Stats

File Path                              PID    Runtime      # DAGs    # Errors  Last Runtime    Last Run               Last # of DB Queries
-------------------------------------  -----  ---------  --------  ----------  --------------  -------------------  ----------------------
/opt/airflow/dags/dss150p_pipeline.py                           1           0  0.10s           2026-09-23T03:27:15                      12
================================================================================
[2026-09-23T03:28:11.264+0000] {manager.py:997} INFO - 
================================================================================
DAG File Processing Stats

File Path                              PID    Runtime      # DAGs    # Errors  Last Runtime    Last Run               Last # of DB Queries
-------------------------------------  -----  ---------  --------  ----------  --------------  -------------------  ----------------------
/opt/airflow/dags/dss150p_pipeline.py                           1           0  0.10s           2026-09-23T03:27:46                      12
================================================================================
[2026-09-23T03:28:41.479+0000] {manager.py:997} INFO - 
================================================================================
DAG File Processing Stats

File Path                              PID    Runtime      # DAGs    # Errors  Last Runtime    Last Run               Last # of DB Queries
-------------------------------------  -----  ---------  --------  ----------  --------------  -------------------  ----------------------
/opt/airflow/dags/dss150p_pipeline.py                           1           0  0.10s           2026-09-23T03:28:16                      12
================================================================================
[2026-09-23T03:29:11.772+0000] {manager.py:997} INFO - 
================================================================================
DAG File Processing Stats

File Path                              PID    Runtime      # DAGs    # Errors  Last Runtime    Last Run               Last # of DB Queries
-------------------------------------  -----  ---------  --------  ----------  --------------  -------------------  ----------------------
/opt/airflow/dags/dss150p_pipeline.py                           1           0  0.10s           2026-09-23T03:28:46                      12
================================================================================
[2026-09-23T03:29:41.975+0000] {manager.py:997} INFO - 
================================================================================
DAG File Processing Stats

File Path                              PID    Runtime      # DAGs    # Errors  Last Runtime    Last Run               Last # of DB Queries
-------------------------------------  -----  ---------  --------  ----------  --------------  -------------------  ----------------------
/opt/airflow/dags/dss150p_pipeline.py                           1           0  0.11s           2026-09-23T03:29:16                      12
================================================================================
[2026-09-23T03:30:12.211+0000] {manager.py:997} INFO - 
================================================================================
DAG File Processing Stats

File Path                              PID    Runtime      # DAGs    # Errors  Last Runtime    Last Run               Last # of DB Queries
-------------------------------------  -----  ---------  --------  ----------  --------------  -------------------  ----------------------
/opt/airflow/dags/dss150p_pipeline.py                           1           0  0.10s           2026-09-23T03:29:47                      12
================================================================================
[2026-09-23T03:30:42.508+0000] {manager.py:997} INFO - 
================================================================================
DAG File Processing Stats

File Path                              PID    Runtime      # DAGs    # Errors  Last Runtime    Last Run               Last # of DB Queries
-------------------------------------  -----  ---------  --------  ----------  --------------  -------------------  ----------------------
/opt/airflow/dags/dss150p_pipeline.py                           1           0  0.10s           2026-09-23T03:30:17                      12
================================================================================
[2026-09-23T03:31:12.859+0000] {manager.py:997} INFO - 
================================================================================
DAG File Processing Stats

File Path                              PID    Runtime      # DAGs    # Errors  Last Runtime    Last Run               Last # of DB Queries
-------------------------------------  -----  ---------  --------  ----------  --------------  -------------------  ----------------------
/opt/airflow/dags/dss150p_pipeline.py                           1           0  0.22s           2026-09-23T03:30:47                      12
================================================================================
[2026-09-23T03:31:43.210+0000] {manager.py:997} INFO - 
================================================================================
DAG File Processing Stats

File Path                              PID    Runtime      # DAGs    # Errors  Last Runtime    Last Run               Last # of DB Queries
-------------------------------------  -----  ---------  --------  ----------  --------------  -------------------  ----------------------
/opt/airflow/dags/dss150p_pipeline.py                           1           0  0.16s           2026-09-23T03:31:18                      12
================================================================================
[2026-09-23T03:32:13.459+0000] {manager.py:997} INFO - 
================================================================================
DAG File Processing Stats

File Path                              PID    Runtime      # DAGs    # Errors  Last Runtime    Last Run               Last # of DB Queries
-------------------------------------  -----  ---------  --------  ----------  --------------  -------------------  ----------------------
/opt/airflow/dags/dss150p_pipeline.py                           1           0  0.13s           2026-09-23T03:31:48                      12
================================================================================
[2026-09-23T03:32:29.647+0000] {manager.py:821} INFO - Searching for files in /opt/airflow/dags
[2026-09-23T03:32:29.651+0000] {manager.py:824} INFO - There are 1 files in /opt/airflow/dags
[2026-09-23T03:32:43.810+0000] {manager.py:997} INFO - 
================================================================================
DAG File Processing Stats

File Path                              PID    Runtime      # DAGs    # Errors  Last Runtime    Last Run               Last # of DB Queries
-------------------------------------  -----  ---------  --------  ----------  --------------  -------------------  ----------------------
/opt/airflow/dags/dss150p_pipeline.py                           1           0  0.12s           2026-09-23T03:32:18                      12
================================================================================
[2026-09-23T03:33:14.048+0000] {manager.py:997} INFO - 
================================================================================
DAG File Processing Stats

File Path                              PID    Runtime      # DAGs    # Errors  Last Runtime    Last Run               Last # of DB Queries
-------------------------------------  -----  ---------  --------  ----------  --------------  -------------------  ----------------------
/opt/airflow/dags/dss150p_pipeline.py                           1           0  0.11s           2026-09-23T03:32:48                      12
================================================================================
[2026-09-23T03:33:44.272+0000] {manager.py:997} INFO - 
================================================================================
DAG File Processing Stats

File Path                              PID    Runtime      # DAGs    # Errors  Last Runtime    Last Run               Last # of DB Queries
-------------------------------------  -----  ---------  --------  ----------  --------------  -------------------  ----------------------
/opt/airflow/dags/dss150p_pipeline.py                           1           0  0.10s           2026-09-23T03:33:19                      12
================================================================================
[2026-09-23T03:34:14.523+0000] {manager.py:997} INFO - 
================================================================================
DAG File Processing Stats

File Path                              PID    Runtime      # DAGs    # Errors  Last Runtime    Last Run               Last # of DB Queries
-------------------------------------  -----  ---------  --------  ----------  --------------  -------------------  ----------------------
/opt/airflow/dags/dss150p_pipeline.py                           1           0  0.16s           2026-09-23T03:33:49                      12
================================================================================
[2026-09-23T03:34:44.906+0000] {manager.py:997} INFO - 
================================================================================
DAG File Processing Stats

File Path                              PID    Runtime      # DAGs    # Errors  Last Runtime    Last Run               Last # of DB Queries
-------------------------------------  -----  ---------  --------  ----------  --------------  -------------------  ----------------------
/opt/airflow/dags/dss150p_pipeline.py                           1           0  0.11s           2026-09-23T03:34:19                      12
================================================================================
[2026-09-23T03:35:15.214+0000] {manager.py:997} INFO - 
================================================================================
DAG File Processing Stats

File Path                              PID    Runtime      # DAGs    # Errors  Last Runtime    Last Run               Last # of DB Queries
-------------------------------------  -----  ---------  --------  ----------  --------------  -------------------  ----------------------
/opt/airflow/dags/dss150p_pipeline.py                           1           0  0.15s           2026-09-23T03:34:50                      12
================================================================================
[2026-09-23T03:35:45.556+0000] {manager.py:997} INFO - 
================================================================================
DAG File Processing Stats

File Path                              PID    Runtime      # DAGs    # Errors  Last Runtime    Last Run               Last # of DB Queries
-------------------------------------  -----  ---------  --------  ----------  --------------  -------------------  ----------------------
/opt/airflow/dags/dss150p_pipeline.py                           1           0  0.22s           2026-09-23T03:35:20                      12
================================================================================
[2026-09-23T03:36:16.092+0000] {manager.py:997} INFO - 
================================================================================
DAG File Processing Stats

File Path                              PID    Runtime      # DAGs    # Errors  Last Runtime    Last Run               Last # of DB Queries
-------------------------------------  -----  ---------  --------  ----------  --------------  -------------------  ----------------------
/opt/airflow/dags/dss150p_pipeline.py                           1           0  0.30s           2026-09-23T03:35:50                      12
================================================================================
[2026-09-23T03:36:46.494+0000] {manager.py:997} INFO - 
================================================================================
DAG File Processing Stats

File Path                              PID    Runtime      # DAGs    # Errors  Last Runtime    Last Run               Last # of DB Queries
-------------------------------------  -----  ---------  --------  ----------  --------------  -------------------  ----------------------
/opt/airflow/dags/dss150p_pipeline.py                           1           0  0.29s           2026-09-23T03:36:21                      12
================================================================================
[2026-09-23T03:37:16.918+0000] {manager.py:997} INFO - 
================================================================================
DAG File Processing Stats

File Path                              PID    Runtime      # DAGs    # Errors  Last Runtime    Last Run               Last # of DB Queries
-------------------------------------  -----  ---------  --------  ----------  --------------  -------------------  ----------------------
/opt/airflow/dags/dss150p_pipeline.py                           1           0  0.19s           2026-09-23T03:36:51                      12
================================================================================
[2026-09-23T03:37:30.048+0000] {manager.py:821} INFO - Searching for files in /opt/airflow/dags
[2026-09-23T03:37:30.054+0000] {manager.py:824} INFO - There are 1 files in /opt/airflow/dags
[2026-09-23T03:37:47.263+0000] {manager.py:997} INFO - 
================================================================================
DAG File Processing Stats

File Path                              PID    Runtime      # DAGs    # Errors  Last Runtime    Last Run               Last # of DB Queries
-------------------------------------  -----  ---------  --------  ----------  --------------  -------------------  ----------------------
/opt/airflow/dags/dss150p_pipeline.py                           1           0  0.19s           2026-09-23T03:37:22                      12
================================================================================
[2026-09-23T03:38:17.599+0000] {manager.py:997} INFO - 
================================================================================
DAG File Processing Stats

File Path                              PID    Runtime      # DAGs    # Errors  Last Runtime    Last Run               Last # of DB Queries
-------------------------------------  -----  ---------  --------  ----------  --------------  -------------------  ----------------------
/opt/airflow/dags/dss150p_pipeline.py                           1           0  0.23s           2026-09-23T03:37:52                      12
================================================================================
[2026-09-23T03:38:48.056+0000] {manager.py:997} INFO - 
================================================================================
DAG File Processing Stats

File Path                              PID    Runtime      # DAGs    # Errors  Last Runtime    Last Run               Last # of DB Queries
-------------------------------------  -----  ---------  --------  ----------  --------------  -------------------  ----------------------
/opt/airflow/dags/dss150p_pipeline.py                           1           0  0.41s           2026-09-23T03:38:23                      12
================================================================================
[2026-09-23T03:39:18.542+0000] {manager.py:997} INFO - 
================================================================================
DAG File Processing Stats

File Path                              PID    Runtime      # DAGs    # Errors  Last Runtime    Last Run               Last # of DB Queries
-------------------------------------  -----  ---------  --------  ----------  --------------  -------------------  ----------------------
/opt/airflow/dags/dss150p_pipeline.py                           1           0  0.29s           2026-09-23T03:38:53                      12
================================================================================
[2026-09-23T03:39:48.912+0000] {manager.py:997} INFO - 
================================================================================
DAG File Processing Stats

File Path                              PID    Runtime      # DAGs    # Errors  Last Runtime    Last Run               Last # of DB Queries
-------------------------------------  -----  ---------  --------  ----------  --------------  -------------------  ----------------------
/opt/airflow/dags/dss150p_pipeline.py                           1           0  0.15s           2026-09-23T03:39:23                      12
================================================================================
[2026-09-23T03:40:19.189+0000] {manager.py:997} INFO - 
================================================================================
DAG File Processing Stats

File Path                              PID    Runtime      # DAGs    # Errors  Last Runtime    Last Run               Last # of DB Queries
-------------------------------------  -----  ---------  --------  ----------  --------------  -------------------  ----------------------
/opt/airflow/dags/dss150p_pipeline.py                           1           0  0.19s           2026-09-23T03:39:54                      12
================================================================================
[2026-09-23T03:40:49.668+0000] {manager.py:997} INFO - 
================================================================================
DAG File Processing Stats

File Path                              PID    Runtime      # DAGs    # Errors  Last Runtime    Last Run               Last # of DB Queries
-------------------------------------  -----  ---------  --------  ----------  --------------  -------------------  ----------------------
/opt/airflow/dags/dss150p_pipeline.py                           1           0  0.46s           2026-09-23T03:40:24                      12
================================================================================
[2026-09-23T03:41:19.827+0000] {manager.py:997} INFO - 
================================================================================
DAG File Processing Stats

File Path                              PID    Runtime      # DAGs    # Errors  Last Runtime    Last Run               Last # of DB Queries
-------------------------------------  -----  ---------  --------  ----------  --------------  -------------------  ----------------------
/opt/airflow/dags/dss150p_pipeline.py                           1           0  0.59s           2026-09-23T03:40:55                      12
================================================================================
[2026-09-23T03:41:50.060+0000] {manager.py:997} INFO - 
================================================================================
DAG File Processing Stats

File Path                              PID    Runtime      # DAGs    # Errors  Last Runtime    Last Run               Last # of DB Queries
-------------------------------------  -----  ---------  --------  ----------  --------------  -------------------  ----------------------
/opt/airflow/dags/dss150p_pipeline.py                           1           0  0.22s           2026-09-23T03:41:26                      12
================================================================================
[2026-09-23T03:42:20.323+0000] {manager.py:997} INFO - 
================================================================================
DAG File Processing Stats

File Path                              PID    Runtime      # DAGs    # Errors  Last Runtime    Last Run               Last # of DB Queries
-------------------------------------  -----  ---------  --------  ----------  --------------  -------------------  ----------------------
/opt/airflow/dags/dss150p_pipeline.py                           1           0  0.18s           2026-09-23T03:41:56                      12
================================================================================
[2026-09-23T03:42:30.567+0000] {manager.py:821} INFO - Searching for files in /opt/airflow/dags
[2026-09-23T03:42:30.575+0000] {manager.py:824} INFO - There are 1 files in /opt/airflow/dags
[2026-09-23T03:42:50.801+0000] {manager.py:997} INFO - 
================================================================================
DAG File Processing Stats

File Path                              PID    Runtime      # DAGs    # Errors  Last Runtime    Last Run               Last # of DB Queries
-------------------------------------  -----  ---------  --------  ----------  --------------  -------------------  ----------------------
/opt/airflow/dags/dss150p_pipeline.py                           1           0  0.29s           2026-09-23T03:42:26                      12
================================================================================
[2026-09-23T03:43:21.071+0000] {manager.py:997} INFO - 
================================================================================
DAG File Processing Stats

File Path                              PID    Runtime      # DAGs    # Errors  Last Runtime    Last Run               Last # of DB Queries
-------------------------------------  -----  ---------  --------  ----------  --------------  -------------------  ----------------------
/opt/airflow/dags/dss150p_pipeline.py                           1           0  0.18s           2026-09-23T03:42:57                      12
================================================================================
[2026-09-23T03:43:51.444+0000] {manager.py:997} INFO - 
================================================================================
DAG File Processing Stats

File Path                              PID    Runtime      # DAGs    # Errors  Last Runtime    Last Run               Last # of DB Queries
-------------------------------------  -----  ---------  --------  ----------  --------------  -------------------  ----------------------
/opt/airflow/dags/dss150p_pipeline.py                           1           0  0.23s           2026-09-23T03:43:27                      12
================================================================================
[2026-09-23T03:44:21.807+0000] {manager.py:997} INFO - 
================================================================================
DAG File Processing Stats

File Path                              PID    Runtime      # DAGs    # Errors  Last Runtime    Last Run               Last # of DB Queries
-------------------------------------  -----  ---------  --------  ----------  --------------  -------------------  ----------------------
/opt/airflow/dags/dss150p_pipeline.py                           1           0  0.26s           2026-09-23T03:43:57                      12
================================================================================
[2026-09-23T03:44:52.149+0000] {manager.py:997} INFO - 
================================================================================
DAG File Processing Stats

File Path                              PID    Runtime      # DAGs    # Errors  Last Runtime    Last Run               Last # of DB Queries
-------------------------------------  -----  ---------  --------  ----------  --------------  -------------------  ----------------------
/opt/airflow/dags/dss150p_pipeline.py                           1           0  0.17s           2026-09-23T03:44:28                      12
================================================================================
[2026-09-23T03:45:22.489+0000] {manager.py:997} INFO - 
================================================================================
DAG File Processing Stats

File Path                              PID    Runtime      # DAGs    # Errors  Last Runtime    Last Run               Last # of DB Queries
-------------------------------------  -----  ---------  --------  ----------  --------------  -------------------  ----------------------
/opt/airflow/dags/dss150p_pipeline.py                           1           0  0.24s           2026-09-23T03:44:58                      12
================================================================================
[2026-09-23T03:45:52.915+0000] {manager.py:997} INFO - 
================================================================================
DAG File Processing Stats

File Path                              PID    Runtime      # DAGs    # Errors  Last Runtime    Last Run               Last # of DB Queries
-------------------------------------  -----  ---------  --------  ----------  --------------  -------------------  ----------------------
/opt/airflow/dags/dss150p_pipeline.py                           1           0  0.25s           2026-09-23T03:45:28                      12
================================================================================
[2026-09-23T03:46:23.216+0000] {manager.py:997} INFO - 
================================================================================
DAG File Processing Stats

File Path                              PID    Runtime      # DAGs    # Errors  Last Runtime    Last Run               Last # of DB Queries
-------------------------------------  -----  ---------  --------  ----------  --------------  -------------------  ----------------------
/opt/airflow/dags/dss150p_pipeline.py                           1           0  0.26s           2026-09-23T03:45:59                      12
================================================================================
[2026-09-23T03:46:53.697+0000] {manager.py:997} INFO - 
================================================================================
DAG File Processing Stats

File Path                              PID    Runtime      # DAGs    # Errors  Last Runtime    Last Run               Last # of DB Queries
-------------------------------------  -----  ---------  --------  ----------  --------------  -------------------  ----------------------
/opt/airflow/dags/dss150p_pipeline.py                           1           0  0.22s           2026-09-23T03:46:29                      12
================================================================================
[2026-09-23T03:47:24.014+0000] {manager.py:997} INFO - 
================================================================================
DAG File Processing Stats

File Path                              PID    Runtime      # DAGs    # Errors  Last Runtime    Last Run               Last # of DB Queries
-------------------------------------  -----  ---------  --------  ----------  --------------  -------------------  ----------------------
/opt/airflow/dags/dss150p_pipeline.py                           1           0  0.28s           2026-09-23T03:47:00                      12
================================================================================
[2026-09-23T03:47:31.258+0000] {manager.py:821} INFO - Searching for files in /opt/airflow/dags
[2026-09-23T03:47:31.267+0000] {manager.py:824} INFO - There are 1 files in /opt/airflow/dags
[2026-09-23T03:47:54.499+0000] {manager.py:997} INFO - 
================================================================================
DAG File Processing Stats

File Path                              PID    Runtime      # DAGs    # Errors  Last Runtime    Last Run               Last # of DB Queries
-------------------------------------  -----  ---------  --------  ----------  --------------  -------------------  ----------------------
/opt/airflow/dags/dss150p_pipeline.py                           1           0  0.23s           2026-09-23T03:47:30                      12
================================================================================
[2026-09-23T03:48:24.779+0000] {manager.py:997} INFO - 
================================================================================
DAG File Processing Stats

File Path                              PID    Runtime      # DAGs    # Errors  Last Runtime    Last Run               Last # of DB Queries
-------------------------------------  -----  ---------  --------  ----------  --------------  -------------------  ----------------------
/opt/airflow/dags/dss150p_pipeline.py                           1           0  0.26s           2026-09-23T03:48:00                      12
================================================================================
[2026-09-23T03:48:55.254+0000] {manager.py:997} INFO - 
================================================================================
DAG File Processing Stats

File Path                              PID    Runtime      # DAGs    # Errors  Last Runtime    Last Run               Last # of DB Queries
-------------------------------------  -----  ---------  --------  ----------  --------------  -------------------  ----------------------
/opt/airflow/dags/dss150p_pipeline.py                           1           0  0.23s           2026-09-23T03:48:31                      12
================================================================================
[2026-09-23T03:49:25.549+0000] {manager.py:997} INFO - 
================================================================================
DAG File Processing Stats

File Path                              PID    Runtime      # DAGs    # Errors  Last Runtime    Last Run               Last # of DB Queries
-------------------------------------  -----  ---------  --------  ----------  --------------  -------------------  ----------------------
/opt/airflow/dags/dss150p_pipeline.py                           1           0  0.43s           2026-09-23T03:49:01                      12
================================================================================
[2026-09-23T03:49:56.243+0000] {manager.py:997} INFO - 
================================================================================
DAG File Processing Stats

File Path                              PID    Runtime      # DAGs    # Errors  Last Runtime    Last Run               Last # of DB Queries
-------------------------------------  -----  ---------  --------  ----------  --------------  -------------------  ----------------------
/opt/airflow/dags/dss150p_pipeline.py                           1           0  0.25s           2026-09-23T03:49:32                      12
================================================================================
[2026-09-23T03:50:26.717+0000] {manager.py:997} INFO - 
================================================================================
DAG File Processing Stats

File Path                              PID    Runtime      # DAGs    # Errors  Last Runtime    Last Run               Last # of DB Queries
-------------------------------------  -----  ---------  --------  ----------  --------------  -------------------  ----------------------
/opt/airflow/dags/dss150p_pipeline.py                           1           0  0.24s           2026-09-23T03:50:02                      12
================================================================================
[2026-09-23T03:50:57.117+0000] {manager.py:997} INFO - 
================================================================================
DAG File Processing Stats

File Path                              PID    Runtime      # DAGs    # Errors  Last Runtime    Last Run               Last # of DB Queries
-------------------------------------  -----  ---------  --------  ----------  --------------  -------------------  ----------------------
/opt/airflow/dags/dss150p_pipeline.py                           1           0  0.25s           2026-09-23T03:50:33                      12
================================================================================
[2026-09-23T03:51:27.952+0000] {manager.py:997} INFO - 
================================================================================
DAG File Processing Stats

File Path                              PID    Runtime      # DAGs    # Errors  Last Runtime    Last Run               Last # of DB Queries
-------------------------------------  -----  ---------  --------  ----------  --------------  -------------------  ----------------------
/opt/airflow/dags/dss150p_pipeline.py                           1           0  0.39s           2026-09-23T03:51:03                      12
================================================================================
[2026-09-23T03:51:58.021+0000] {manager.py:997} INFO - 
================================================================================
DAG File Processing Stats

File Path                              PID    Runtime      # DAGs    # Errors  Last Runtime    Last Run               Last # of DB Queries
-------------------------------------  -----  ---------  --------  ----------  --------------  -------------------  ----------------------
/opt/airflow/dags/dss150p_pipeline.py                           1           0  0.57s           2026-09-23T03:51:34                      12
================================================================================
[2026-09-23T03:52:28.258+0000] {manager.py:997} INFO - 
================================================================================
DAG File Processing Stats

File Path                              PID    Runtime      # DAGs    # Errors  Last Runtime    Last Run               Last # of DB Queries
-------------------------------------  -----  ---------  --------  ----------  --------------  -------------------  ----------------------
/opt/airflow/dags/dss150p_pipeline.py                           1           0  0.54s           2026-09-23T03:52:05                      12
================================================================================
[2026-09-23T03:52:31.364+0000] {manager.py:821} INFO - Searching for files in /opt/airflow/dags
[2026-09-23T03:52:31.422+0000] {manager.py:824} INFO - There are 1 files in /opt/airflow/dags
[2026-09-23T03:52:58.380+0000] {manager.py:997} INFO - 
================================================================================
DAG File Processing Stats

File Path                              PID    Runtime      # DAGs    # Errors  Last Runtime    Last Run               Last # of DB Queries
-------------------------------------  -----  ---------  --------  ----------  --------------  -------------------  ----------------------
/opt/airflow/dags/dss150p_pipeline.py                           1           0  1.36s           2026-09-23T03:52:37                      12
================================================================================
[2026-09-23T03:53:28.484+0000] {manager.py:997} INFO - 
================================================================================
DAG File Processing Stats

File Path                              PID    Runtime      # DAGs    # Errors  Last Runtime    Last Run               Last # of DB Queries
-------------------------------------  -----  ---------  --------  ----------  --------------  -------------------  ----------------------
/opt/airflow/dags/dss150p_pipeline.py                           1           0  0.57s           2026-09-23T03:53:08                      12
================================================================================
[2026-09-23T03:53:58.918+0000] {manager.py:997} INFO - 
================================================================================
DAG File Processing Stats

File Path                              PID    Runtime      # DAGs    # Errors  Last Runtime    Last Run               Last # of DB Queries
-------------------------------------  -----  ---------  --------  ----------  --------------  -------------------  ----------------------
/opt/airflow/dags/dss150p_pipeline.py                           1           0  0.38s           2026-09-23T03:53:39                      12
================================================================================
[2026-09-23T03:54:29.442+0000] {manager.py:997} INFO - 
================================================================================
DAG File Processing Stats

File Path                              PID    Runtime      # DAGs    # Errors  Last Runtime    Last Run               Last # of DB Queries
-------------------------------------  -----  ---------  --------  ----------  --------------  -------------------  ----------------------
/opt/airflow/dags/dss150p_pipeline.py                           1           0  0.42s           2026-09-23T03:54:09                      12
================================================================================
[2026-09-23T03:55:00.055+0000] {manager.py:997} INFO - 
================================================================================
DAG File Processing Stats

File Path                              PID    Runtime      # DAGs    # Errors  Last Runtime    Last Run               Last # of DB Queries
-------------------------------------  -----  ---------  --------  ----------  --------------  -------------------  ----------------------
/opt/airflow/dags/dss150p_pipeline.py                           1           0  0.43s           2026-09-23T03:54:40                      12
================================================================================
[2026-09-23T03:55:30.734+0000] {manager.py:997} INFO - 
================================================================================
DAG File Processing Stats

File Path                              PID    Runtime      # DAGs    # Errors  Last Runtime    Last Run               Last # of DB Queries
-------------------------------------  -----  ---------  --------  ----------  --------------  -------------------  ----------------------
/opt/airflow/dags/dss150p_pipeline.py                           1           0  0.40s           2026-09-23T03:55:10                      12
================================================================================
[2026-09-23T03:56:00.786+0000] {manager.py:997} INFO - 
================================================================================
DAG File Processing Stats

File Path                              PID    Runtime      # DAGs    # Errors  Last Runtime    Last Run               Last # of DB Queries
-------------------------------------  -----  ---------  --------  ----------  --------------  -------------------  ----------------------
/opt/airflow/dags/dss150p_pipeline.py                           1           0  0.42s           2026-09-23T03:55:41                      12
================================================================================
[2026-09-23T03:56:30.981+0000] {manager.py:997} INFO - 
================================================================================
DAG File Processing Stats

File Path                              PID    Runtime      # DAGs    # Errors  Last Runtime    Last Run               Last # of DB Queries
-------------------------------------  -----  ---------  --------  ----------  --------------  -------------------  ----------------------
/opt/airflow/dags/dss150p_pipeline.py                           1           0  0.94s           2026-09-23T03:56:12                      12
================================================================================
[2026-09-23T03:57:01.283+0000] {manager.py:997} INFO - 
================================================================================
DAG File Processing Stats

File Path                              PID    Runtime      # DAGs    # Errors  Last Runtime    Last Run               Last # of DB Queries
-------------------------------------  -----  ---------  --------  ----------  --------------  -------------------  ----------------------
/opt/airflow/dags/dss150p_pipeline.py                           1           0  0.38s           2026-09-23T03:56:43                      12
================================================================================
[2026-09-23T03:57:31.582+0000] {manager.py:821} INFO - Searching for files in /opt/airflow/dags
[2026-09-23T03:57:31.608+0000] {manager.py:824} INFO - There are 1 files in /opt/airflow/dags
[2026-09-23T03:57:31.794+0000] {manager.py:997} INFO - 
================================================================================
DAG File Processing Stats

File Path                              PID    Runtime      # DAGs    # Errors  Last Runtime    Last Run               Last # of DB Queries
-------------------------------------  -----  ---------  --------  ----------  --------------  -------------------  ----------------------
/opt/airflow/dags/dss150p_pipeline.py                           1           0  0.66s           2026-09-23T03:57:14                      12
================================================================================
[2026-09-23T03:58:02.123+0000] {manager.py:997} INFO - 
================================================================================
DAG File Processing Stats

File Path                              PID    Runtime      # DAGs    # Errors  Last Runtime    Last Run               Last # of DB Queries
-------------------------------------  -----  ---------  --------  ----------  --------------  -------------------  ----------------------
/opt/airflow/dags/dss150p_pipeline.py                           1           0  0.94s           2026-09-23T03:57:45                      12
================================================================================
[2026-09-23T03:58:32.287+0000] {manager.py:997} INFO - 
================================================================================
DAG File Processing Stats

File Path                              PID    Runtime      # DAGs    # Errors  Last Runtime    Last Run               Last # of DB Queries
-------------------------------------  -----  ---------  --------  ----------  --------------  -------------------  ----------------------
/opt/airflow/dags/dss150p_pipeline.py                           1           0  2.37s           2026-09-23T03:58:22                      60
================================================================================
[2026-09-23T03:59:03.178+0000] {manager.py:997} INFO - 
================================================================================
DAG File Processing Stats

File Path                              PID    Runtime      # DAGs    # Errors  Last Runtime    Last Run               Last # of DB Queries
-------------------------------------  -----  ---------  --------  ----------  --------------  -------------------  ----------------------
/opt/airflow/dags/dss150p_pipeline.py                           1           0  0.86s           2026-09-23T03:58:53                      20
================================================================================
[2026-09-23T03:59:33.337+0000] {manager.py:997} INFO - 
================================================================================
DAG File Processing Stats

File Path                              PID    Runtime      # DAGs    # Errors  Last Runtime    Last Run               Last # of DB Queries
-------------------------------------  -----  ---------  --------  ----------  --------------  -------------------  ----------------------
/opt/airflow/dags/dss150p_pipeline.py                           1           0  1.73s           2026-09-23T03:59:25                      34
================================================================================
[2026-09-23T04:00:03.419+0000] {manager.py:997} INFO - 
================================================================================
DAG File Processing Stats

File Path                              PID    Runtime      # DAGs    # Errors  Last Runtime    Last Run               Last # of DB Queries
-------------------------------------  -----  ---------  --------  ----------  --------------  -------------------  ----------------------
/opt/airflow/dags/dss150p_pipeline.py                           1           0  0.23s           2026-09-23T03:59:56                      12
================================================================================
[2026-09-23T04:00:33.982+0000] {manager.py:997} INFO - 
================================================================================
DAG File Processing Stats

File Path                              PID    Runtime      # DAGs    # Errors  Last Runtime    Last Run               Last # of DB Queries
-------------------------------------  -----  ---------  --------  ----------  --------------  -------------------  ----------------------
/opt/airflow/dags/dss150p_pipeline.py                           1           0  0.34s           2026-09-23T04:00:27                      12
================================================================================
[2026-09-23T04:01:03.992+0000] {manager.py:997} INFO - 
================================================================================
DAG File Processing Stats

File Path                              PID    Runtime      # DAGs    # Errors  Last Runtime    Last Run               Last # of DB Queries
-------------------------------------  -----  ---------  --------  ----------  --------------  -------------------  ----------------------
/opt/airflow/dags/dss150p_pipeline.py                           1           0  0.54s           2026-09-23T04:00:57                      12
================================================================================
[2026-09-23T04:01:34.370+0000] {manager.py:997} INFO - 
================================================================================
DAG File Processing Stats

File Path                              PID    Runtime      # DAGs    # Errors  Last Runtime    Last Run               Last # of DB Queries
-------------------------------------  -----  ---------  --------  ----------  --------------  -------------------  ----------------------
/opt/airflow/dags/dss150p_pipeline.py                           1           0  0.49s           2026-09-23T04:01:28                      12
================================================================================
[2026-09-23T04:02:04.706+0000] {manager.py:997} INFO - 
================================================================================
DAG File Processing Stats

File Path                              PID    Runtime      # DAGs    # Errors  Last Runtime    Last Run               Last # of DB Queries
-------------------------------------  -----  ---------  --------  ----------  --------------  -------------------  ----------------------
/opt/airflow/dags/dss150p_pipeline.py                           1           0  1.71s           2026-09-23T04:02:00                      12
================================================================================
[2026-09-23T04:02:31.602+0000] {manager.py:821} INFO - Searching for files in /opt/airflow/dags
[2026-09-23T04:02:31.618+0000] {manager.py:824} INFO - There are 1 files in /opt/airflow/dags
[2026-09-23T04:02:35.590+0000] {manager.py:997} INFO - 
================================================================================
DAG File Processing Stats

File Path                              PID    Runtime      # DAGs    # Errors  Last Runtime    Last Run               Last # of DB Queries
-------------------------------------  -----  ---------  --------  ----------  --------------  -------------------  ----------------------
/opt/airflow/dags/dss150p_pipeline.py                           1           0  0.51s           2026-09-23T04:02:31                      12
================================================================================
[2026-09-23T04:03:06.352+0000] {manager.py:997} INFO - 
================================================================================
DAG File Processing Stats

File Path                              PID    Runtime      # DAGs    # Errors  Last Runtime    Last Run               Last # of DB Queries
-------------------------------------  -----  ---------  --------  ----------  --------------  -------------------  ----------------------
/opt/airflow/dags/dss150p_pipeline.py                           1           0  0.52s           2026-09-23T04:03:02                      12
================================================================================
[2026-09-23T04:03:36.353+0000] {manager.py:997} INFO - 
================================================================================
DAG File Processing Stats

File Path                              PID    Runtime      # DAGs    # Errors  Last Runtime    Last Run               Last # of DB Queries
-------------------------------------  -----  ---------  --------  ----------  --------------  -------------------  ----------------------
/opt/airflow/dags/dss150p_pipeline.py                           1           0  0.56s           2026-09-23T04:03:33                      12
================================================================================
[2026-09-23T04:04:06.699+0000] {manager.py:997} INFO - 
================================================================================
DAG File Processing Stats

File Path                              PID    Runtime      # DAGs    # Errors  Last Runtime    Last Run               Last # of DB Queries
-------------------------------------  -----  ---------  --------  ----------  --------------  -------------------  ----------------------
/opt/airflow/dags/dss150p_pipeline.py                           1           0  0.59s           2026-09-23T04:04:04                      12
================================================================================
[2026-09-23T04:04:36.731+0000] {manager.py:997} INFO - 
================================================================================
DAG File Processing Stats

File Path                              PID    Runtime      # DAGs    # Errors  Last Runtime    Last Run               Last # of DB Queries
-------------------------------------  -----  ---------  --------  ----------  --------------  -------------------  ----------------------
/opt/airflow/dags/dss150p_pipeline.py                           1           0  1.07s           2026-09-23T04:04:35                      12
================================================================================
[2026-09-23T04:05:07.389+0000] {manager.py:997} INFO - 
================================================================================
DAG File Processing Stats

File Path                                PID  Runtime      # DAGs    # Errors  Last Runtime    Last Run               Last # of DB Queries
-------------------------------------  -----  ---------  --------  ----------  --------------  -------------------  ----------------------
/opt/airflow/dags/dss150p_pipeline.py    984  1.05s             1           0  1.07s           2026-09-23T04:04:35                      12
================================================================================
[2026-09-23T04:05:37.415+0000] {manager.py:997} INFO - 
================================================================================
DAG File Processing Stats

File Path                              PID    Runtime      # DAGs    # Errors  Last Runtime    Last Run               Last # of DB Queries
-------------------------------------  -----  ---------  --------  ----------  --------------  -------------------  ----------------------
/opt/airflow/dags/dss150p_pipeline.py                           1           0  9.84s           2026-09-23T04:05:16                      12
================================================================================
[2026-09-23T04:06:07.817+0000] {manager.py:997} INFO - 
================================================================================
DAG File Processing Stats

File Path                              PID    Runtime      # DAGs    # Errors  Last Runtime    Last Run               Last # of DB Queries
-------------------------------------  -----  ---------  --------  ----------  --------------  -------------------  ----------------------
/opt/airflow/dags/dss150p_pipeline.py                           1           0  0.93s           2026-09-23T04:05:47                      12
================================================================================
[2026-09-23T04:06:38.431+0000] {manager.py:997} INFO - 
================================================================================
DAG File Processing Stats

File Path                              PID    Runtime      # DAGs    # Errors  Last Runtime    Last Run               Last # of DB Queries
-------------------------------------  -----  ---------  --------  ----------  --------------  -------------------  ----------------------
/opt/airflow/dags/dss150p_pipeline.py                           1           0  0.40s           2026-09-23T04:06:18                      12
================================================================================
[2026-09-23T04:07:08.821+0000] {manager.py:997} INFO - 
================================================================================
DAG File Processing Stats

File Path                              PID    Runtime      # DAGs    # Errors  Last Runtime    Last Run               Last # of DB Queries
-------------------------------------  -----  ---------  --------  ----------  --------------  -------------------  ----------------------
/opt/airflow/dags/dss150p_pipeline.py                           1           0  0.55s           2026-09-23T04:06:49                      12
================================================================================
[2026-09-23T04:07:31.919+0000] {manager.py:821} INFO - Searching for files in /opt/airflow/dags
[2026-09-23T04:07:31.937+0000] {manager.py:824} INFO - There are 1 files in /opt/airflow/dags
[2026-09-23T04:07:39.031+0000] {manager.py:997} INFO - 
================================================================================
DAG File Processing Stats

File Path                              PID    Runtime      # DAGs    # Errors  Last Runtime    Last Run               Last # of DB Queries
-------------------------------------  -----  ---------  --------  ----------  --------------  -------------------  ----------------------
/opt/airflow/dags/dss150p_pipeline.py                           1           0  0.43s           2026-09-23T04:07:19                      12
================================================================================
[2026-09-23T04:08:09.378+0000] {manager.py:997} INFO - 
================================================================================
DAG File Processing Stats

File Path                              PID    Runtime      # DAGs    # Errors  Last Runtime    Last Run               Last # of DB Queries
-------------------------------------  -----  ---------  --------  ----------  --------------  -------------------  ----------------------
/opt/airflow/dags/dss150p_pipeline.py                           1           0  0.50s           2026-09-23T04:07:50                      12
================================================================================
[2026-09-23T04:08:39.600+0000] {manager.py:997} INFO - 
================================================================================
DAG File Processing Stats

File Path                              PID    Runtime      # DAGs    # Errors  Last Runtime    Last Run               Last # of DB Queries
-------------------------------------  -----  ---------  --------  ----------  --------------  -------------------  ----------------------
/opt/airflow/dags/dss150p_pipeline.py                           1           0  0.46s           2026-09-23T04:08:21                      12
================================================================================
[2026-09-23T04:09:10.482+0000] {manager.py:997} INFO - 
================================================================================
DAG File Processing Stats

File Path                              PID    Runtime      # DAGs    # Errors  Last Runtime    Last Run               Last # of DB Queries
-------------------------------------  -----  ---------  --------  ----------  --------------  -------------------  ----------------------
/opt/airflow/dags/dss150p_pipeline.py                           1           0  0.69s           2026-09-23T04:08:52                      12
================================================================================
[2026-09-23T04:09:40.675+0000] {manager.py:997} INFO - 
================================================================================
DAG File Processing Stats

File Path                              PID    Runtime      # DAGs    # Errors  Last Runtime    Last Run               Last # of DB Queries
-------------------------------------  -----  ---------  --------  ----------  --------------  -------------------  ----------------------
/opt/airflow/dags/dss150p_pipeline.py                           1           0  0.82s           2026-09-23T04:09:23                      12
================================================================================
[2026-09-23T04:10:10.933+0000] {manager.py:997} INFO - 
================================================================================
DAG File Processing Stats

File Path                              PID    Runtime      # DAGs    # Errors  Last Runtime    Last Run               Last # of DB Queries
-------------------------------------  -----  ---------  --------  ----------  --------------  -------------------  ----------------------
/opt/airflow/dags/dss150p_pipeline.py                           1           0  0.87s           2026-09-23T04:09:54                      12
================================================================================
[2026-09-23T04:10:41.239+0000] {manager.py:997} INFO - 
================================================================================
DAG File Processing Stats

File Path                              PID    Runtime      # DAGs    # Errors  Last Runtime    Last Run               Last # of DB Queries
-------------------------------------  -----  ---------  --------  ----------  --------------  -------------------  ----------------------
/opt/airflow/dags/dss150p_pipeline.py                           1           0  17.74s          2026-09-23T04:10:37                      42
================================================================================
[2026-09-23T04:11:11.383+0000] {manager.py:997} INFO - 
================================================================================
DAG File Processing Stats

File Path                              PID    Runtime      # DAGs    # Errors  Last Runtime    Last Run               Last # of DB Queries
-------------------------------------  -----  ---------  --------  ----------  --------------  -------------------  ----------------------
/opt/airflow/dags/dss150p_pipeline.py                           1           0  0.83s           2026-09-23T04:10:47                      36
================================================================================
[2026-09-23T04:11:41.560+0000] {manager.py:997} INFO - 
================================================================================
DAG File Processing Stats

File Path                              PID    Runtime      # DAGs    # Errors  Last Runtime    Last Run               Last # of DB Queries
-------------------------------------  -----  ---------  --------  ----------  --------------  -------------------  ----------------------
/opt/airflow/dags/dss150p_pipeline.py                           1           0  0.96s           2026-09-23T04:11:18                      34
================================================================================
[2026-09-23T04:12:12.564+0000] {manager.py:997} INFO - 
================================================================================
DAG File Processing Stats

File Path                              PID    Runtime      # DAGs    # Errors  Last Runtime    Last Run               Last # of DB Queries
-------------------------------------  -----  ---------  --------  ----------  --------------  -------------------  ----------------------
/opt/airflow/dags/dss150p_pipeline.py                           1           0  0.51s           2026-09-23T04:11:49                      12
================================================================================
[2026-09-23T04:12:32.006+0000] {manager.py:821} INFO - Searching for files in /opt/airflow/dags
[2026-09-23T04:12:32.040+0000] {manager.py:824} INFO - There are 1 files in /opt/airflow/dags
[2026-09-23T04:12:43.190+0000] {manager.py:997} INFO - 
================================================================================
DAG File Processing Stats

File Path                              PID    Runtime      # DAGs    # Errors  Last Runtime    Last Run               Last # of DB Queries
-------------------------------------  -----  ---------  --------  ----------  --------------  -------------------  ----------------------
/opt/airflow/dags/dss150p_pipeline.py                           1           0  0.44s           2026-09-23T04:12:20                      12
================================================================================
[2026-09-23T04:13:13.267+0000] {manager.py:997} INFO - 
================================================================================
DAG File Processing Stats

File Path                              PID    Runtime      # DAGs    # Errors  Last Runtime    Last Run               Last # of DB Queries
-------------------------------------  -----  ---------  --------  ----------  --------------  -------------------  ----------------------
/opt/airflow/dags/dss150p_pipeline.py                           1           0  0.66s           2026-09-23T04:12:50                      12
================================================================================
[2026-09-23T04:13:43.326+0000] {manager.py:997} INFO - 
================================================================================
DAG File Processing Stats

File Path                              PID    Runtime      # DAGs    # Errors  Last Runtime    Last Run               Last # of DB Queries
-------------------------------------  -----  ---------  --------  ----------  --------------  -------------------  ----------------------
/opt/airflow/dags/dss150p_pipeline.py                           1           0  0.67s           2026-09-23T04:13:22                      12
================================================================================
[2026-09-23T04:14:13.442+0000] {manager.py:997} INFO - 
================================================================================
DAG File Processing Stats

File Path                              PID    Runtime      # DAGs    # Errors  Last Runtime    Last Run               Last # of DB Queries
-------------------------------------  -----  ---------  --------  ----------  --------------  -------------------  ----------------------
/opt/airflow/dags/dss150p_pipeline.py                           1           0  0.54s           2026-09-23T04:13:53                      12
================================================================================
[2026-09-23T04:14:43.672+0000] {manager.py:997} INFO - 
================================================================================
DAG File Processing Stats

File Path                              PID    Runtime      # DAGs    # Errors  Last Runtime    Last Run               Last # of DB Queries
-------------------------------------  -----  ---------  --------  ----------  --------------  -------------------  ----------------------
/opt/airflow/dags/dss150p_pipeline.py                           1           0  0.67s           2026-09-23T04:14:24                      12
================================================================================
[2026-09-23T04:15:13.722+0000] {manager.py:997} INFO - 
================================================================================
DAG File Processing Stats

File Path                              PID    Runtime      # DAGs    # Errors  Last Runtime    Last Run               Last # of DB Queries
-------------------------------------  -----  ---------  --------  ----------  --------------  -------------------  ----------------------
/opt/airflow/dags/dss150p_pipeline.py                           1           0  0.70s           2026-09-23T04:14:55                      12
================================================================================
[2026-09-23T04:15:44.226+0000] {manager.py:997} INFO - 
================================================================================
DAG File Processing Stats

File Path                              PID    Runtime      # DAGs    # Errors  Last Runtime    Last Run               Last # of DB Queries
-------------------------------------  -----  ---------  --------  ----------  --------------  -------------------  ----------------------
/opt/airflow/dags/dss150p_pipeline.py                           1           0  0.39s           2026-09-23T04:15:26                      12
================================================================================
[2026-09-23T04:16:14.777+0000] {manager.py:997} INFO - 
================================================================================
DAG File Processing Stats

File Path                              PID    Runtime      # DAGs    # Errors  Last Runtime    Last Run               Last # of DB Queries
-------------------------------------  -----  ---------  --------  ----------  --------------  -------------------  ----------------------
/opt/airflow/dags/dss150p_pipeline.py                           1           0  0.55s           2026-09-23T04:15:56                      12
================================================================================
[2026-09-23T04:16:45.705+0000] {manager.py:997} INFO - 
================================================================================
DAG File Processing Stats

File Path                              PID    Runtime      # DAGs    # Errors  Last Runtime    Last Run               Last # of DB Queries
-------------------------------------  -----  ---------  --------  ----------  --------------  -------------------  ----------------------
/opt/airflow/dags/dss150p_pipeline.py                           1           0  0.44s           2026-09-23T04:16:27                      12
================================================================================
[2026-09-23T04:17:15.738+0000] {manager.py:997} INFO - 
================================================================================
DAG File Processing Stats

File Path                              PID    Runtime      # DAGs    # Errors  Last Runtime    Last Run               Last # of DB Queries
-------------------------------------  -----  ---------  --------  ----------  --------------  -------------------  ----------------------
/opt/airflow/dags/dss150p_pipeline.py                           1           0  0.69s           2026-09-23T04:16:58                      12
================================================================================
[2026-09-23T04:17:32.389+0000] {manager.py:821} INFO - Searching for files in /opt/airflow/dags
[2026-09-23T04:17:32.438+0000] {manager.py:824} INFO - There are 1 files in /opt/airflow/dags
[2026-09-23T04:17:45.985+0000] {manager.py:997} INFO - 
================================================================================
DAG File Processing Stats

File Path                              PID    Runtime      # DAGs    # Errors  Last Runtime    Last Run               Last # of DB Queries
-------------------------------------  -----  ---------  --------  ----------  --------------  -------------------  ----------------------
/opt/airflow/dags/dss150p_pipeline.py                           1           0  0.90s           2026-09-23T04:17:29                      12
================================================================================
[2026-09-23T04:18:16.209+0000] {manager.py:997} INFO - 
================================================================================
DAG File Processing Stats

File Path                              PID    Runtime      # DAGs    # Errors  Last Runtime    Last Run               Last # of DB Queries
-------------------------------------  -----  ---------  --------  ----------  --------------  -------------------  ----------------------
/opt/airflow/dags/dss150p_pipeline.py                           1           0  1.69s           2026-09-23T04:18:02                      12
================================================================================
[2026-09-23T04:18:46.670+0000] {manager.py:997} INFO - 
================================================================================
DAG File Processing Stats

File Path                              PID    Runtime      # DAGs    # Errors  Last Runtime    Last Run               Last # of DB Queries
-------------------------------------  -----  ---------  --------  ----------  --------------  -------------------  ----------------------
/opt/airflow/dags/dss150p_pipeline.py                           1           0  1.87s           2026-09-23T04:18:34                      12
================================================================================
[2026-09-23T04:19:16.726+0000] {manager.py:997} INFO - 
================================================================================
DAG File Processing Stats

File Path                              PID    Runtime      # DAGs    # Errors  Last Runtime    Last Run               Last # of DB Queries
-------------------------------------  -----  ---------  --------  ----------  --------------  -------------------  ----------------------
/opt/airflow/dags/dss150p_pipeline.py                           1           0  0.45s           2026-09-23T04:19:05                      12
================================================================================
[2026-09-23T04:19:47.114+0000] {manager.py:997} INFO - 
================================================================================
DAG File Processing Stats

File Path                              PID    Runtime      # DAGs    # Errors  Last Runtime    Last Run               Last # of DB Queries
-------------------------------------  -----  ---------  --------  ----------  --------------  -------------------  ----------------------
/opt/airflow/dags/dss150p_pipeline.py                           1           0  0.35s           2026-09-23T04:19:36                      12
================================================================================
[2026-09-23T04:20:17.684+0000] {manager.py:997} INFO - 
================================================================================
DAG File Processing Stats

File Path                              PID    Runtime      # DAGs    # Errors  Last Runtime    Last Run               Last # of DB Queries
-------------------------------------  -----  ---------  --------  ----------  --------------  -------------------  ----------------------
/opt/airflow/dags/dss150p_pipeline.py                           1           0  0.34s           2026-09-23T04:20:06                      12
================================================================================
[2026-09-23T04:20:48.185+0000] {manager.py:997} INFO - 
================================================================================
DAG File Processing Stats

File Path                              PID    Runtime      # DAGs    # Errors  Last Runtime    Last Run               Last # of DB Queries
-------------------------------------  -----  ---------  --------  ----------  --------------  -------------------  ----------------------
/opt/airflow/dags/dss150p_pipeline.py                           1           0  0.43s           2026-09-23T04:20:37                      12
================================================================================
[2026-09-23T04:21:18.738+0000] {manager.py:997} INFO - 
================================================================================
DAG File Processing Stats

File Path                              PID    Runtime      # DAGs    # Errors  Last Runtime    Last Run               Last # of DB Queries
-------------------------------------  -----  ---------  --------  ----------  --------------  -------------------  ----------------------
/opt/airflow/dags/dss150p_pipeline.py                           1           0  0.31s           2026-09-23T04:21:07                      12
================================================================================
[2026-09-23T04:21:49.054+0000] {manager.py:997} INFO - 
================================================================================
DAG File Processing Stats

File Path                              PID    Runtime      # DAGs    # Errors  Last Runtime    Last Run               Last # of DB Queries
-------------------------------------  -----  ---------  --------  ----------  --------------  -------------------  ----------------------
/opt/airflow/dags/dss150p_pipeline.py                           1           0  0.71s           2026-09-23T04:21:38                      12
================================================================================
[2026-09-23T04:22:19.512+0000] {manager.py:997} INFO - 
================================================================================
DAG File Processing Stats

File Path                              PID    Runtime      # DAGs    # Errors  Last Runtime    Last Run               Last # of DB Queries
-------------------------------------  -----  ---------  --------  ----------  --------------  -------------------  ----------------------
/opt/airflow/dags/dss150p_pipeline.py                           1           0  0.33s           2026-09-23T04:22:09                      12
================================================================================
[2026-09-23T04:22:32.643+0000] {manager.py:821} INFO - Searching for files in /opt/airflow/dags
[2026-09-23T04:22:32.678+0000] {manager.py:824} INFO - There are 1 files in /opt/airflow/dags
[2026-09-23T04:22:50.086+0000] {manager.py:997} INFO - 
================================================================================
DAG File Processing Stats

File Path                              PID    Runtime      # DAGs    # Errors  Last Runtime    Last Run               Last # of DB Queries
-------------------------------------  -----  ---------  --------  ----------  --------------  -------------------  ----------------------
/opt/airflow/dags/dss150p_pipeline.py                           1           0  0.29s           2026-09-23T04:22:40                      12
================================================================================
[2026-09-23T04:23:20.645+0000] {manager.py:997} INFO - 
================================================================================
DAG File Processing Stats

File Path                              PID    Runtime      # DAGs    # Errors  Last Runtime    Last Run               Last # of DB Queries
-------------------------------------  -----  ---------  --------  ----------  --------------  -------------------  ----------------------
/opt/airflow/dags/dss150p_pipeline.py                           1           0  0.40s           2026-09-23T04:23:10                      12
================================================================================
[2026-09-23T04:23:51.364+0000] {manager.py:997} INFO - 
================================================================================
DAG File Processing Stats

File Path                              PID    Runtime      # DAGs    # Errors  Last Runtime    Last Run               Last # of DB Queries
-------------------------------------  -----  ---------  --------  ----------  --------------  -------------------  ----------------------
/opt/airflow/dags/dss150p_pipeline.py                           1           0  0.51s           2026-09-23T04:23:41                      12
================================================================================
[2026-09-23T04:24:21.396+0000] {manager.py:997} INFO - 
================================================================================
DAG File Processing Stats

File Path                              PID    Runtime      # DAGs    # Errors  Last Runtime    Last Run               Last # of DB Queries
-------------------------------------  -----  ---------  --------  ----------  --------------  -------------------  ----------------------
/opt/airflow/dags/dss150p_pipeline.py                           1           0  0.59s           2026-09-23T04:24:12                      12
================================================================================
[2026-09-23T04:24:52.325+0000] {manager.py:997} INFO - 
================================================================================
DAG File Processing Stats

File Path                              PID    Runtime      # DAGs    # Errors  Last Runtime    Last Run               Last # of DB Queries
-------------------------------------  -----  ---------  --------  ----------  --------------  -------------------  ----------------------
/opt/airflow/dags/dss150p_pipeline.py                           1           0  0.60s           2026-09-23T04:24:43                      12
================================================================================
[2026-09-23T04:25:22.460+0000] {manager.py:997} INFO - 
================================================================================
DAG File Processing Stats

File Path                              PID    Runtime      # DAGs    # Errors  Last Runtime    Last Run               Last # of DB Queries
-------------------------------------  -----  ---------  --------  ----------  --------------  -------------------  ----------------------
/opt/airflow/dags/dss150p_pipeline.py                           1           0  0.38s           2026-09-23T04:25:14                      12
================================================================================
[2026-09-23T04:25:52.762+0000] {manager.py:997} INFO - 
================================================================================
DAG File Processing Stats

File Path                              PID    Runtime      # DAGs    # Errors  Last Runtime    Last Run               Last # of DB Queries
-------------------------------------  -----  ---------  --------  ----------  --------------  -------------------  ----------------------
/opt/airflow/dags/dss150p_pipeline.py                           1           0  0.48s           2026-09-23T04:25:44                      12
================================================================================
[2026-09-23T04:26:23.352+0000] {manager.py:997} INFO - 
================================================================================
DAG File Processing Stats

File Path                              PID    Runtime      # DAGs    # Errors  Last Runtime    Last Run               Last # of DB Queries
-------------------------------------  -----  ---------  --------  ----------  --------------  -------------------  ----------------------
/opt/airflow/dags/dss150p_pipeline.py                           1           0  0.43s           2026-09-23T04:26:15                      12
================================================================================
[2026-09-23T04:26:53.757+0000] {manager.py:997} INFO - 
================================================================================
DAG File Processing Stats

File Path                              PID    Runtime      # DAGs    # Errors  Last Runtime    Last Run               Last # of DB Queries
-------------------------------------  -----  ---------  --------  ----------  --------------  -------------------  ----------------------
/opt/airflow/dags/dss150p_pipeline.py                           1           0  0.36s           2026-09-23T04:26:46                      12
================================================================================
[2026-09-23T04:27:23.961+0000] {manager.py:997} INFO - 
================================================================================
DAG File Processing Stats

File Path                              PID    Runtime      # DAGs    # Errors  Last Runtime    Last Run               Last # of DB Queries
-------------------------------------  -----  ---------  --------  ----------  --------------  -------------------  ----------------------
/opt/airflow/dags/dss150p_pipeline.py                           1           0  0.75s           2026-09-23T04:27:16                      12
================================================================================
[2026-09-23T04:27:32.740+0000] {manager.py:821} INFO - Searching for files in /opt/airflow/dags
[2026-09-23T04:27:32.793+0000] {manager.py:824} INFO - There are 1 files in /opt/airflow/dags
[2026-09-23T04:27:53.964+0000] {manager.py:997} INFO - 
================================================================================
DAG File Processing Stats

File Path                              PID    Runtime      # DAGs    # Errors  Last Runtime    Last Run               Last # of DB Queries
-------------------------------------  -----  ---------  --------  ----------  --------------  -------------------  ----------------------
/opt/airflow/dags/dss150p_pipeline.py                           1           0  3.06s           2026-09-23T04:27:49                      12
================================================================================
[2026-09-23T04:28:24.307+0000] {manager.py:997} INFO - 
================================================================================
DAG File Processing Stats

File Path                                PID  Runtime      # DAGs    # Errors  Last Runtime    Last Run               Last # of DB Queries
-------------------------------------  -----  ---------  --------  ----------  --------------  -------------------  ----------------------
/opt/airflow/dags/dss150p_pipeline.py   1221  4.17s             1           0  3.06s           2026-09-23T04:27:49                      12
================================================================================
[2026-09-23T04:28:55.018+0000] {manager.py:997} INFO - 
================================================================================
DAG File Processing Stats

File Path                              PID    Runtime      # DAGs    # Errors  Last Runtime    Last Run               Last # of DB Queries
-------------------------------------  -----  ---------  --------  ----------  --------------  -------------------  ----------------------
/opt/airflow/dags/dss150p_pipeline.py                           1           0  10.52s          2026-09-23T04:28:30                      12
================================================================================
[2026-09-23T04:29:25.309+0000] {manager.py:997} INFO - 
================================================================================
DAG File Processing Stats

File Path                              PID    Runtime      # DAGs    # Errors  Last Runtime    Last Run               Last # of DB Queries
-------------------------------------  -----  ---------  --------  ----------  --------------  -------------------  ----------------------
/opt/airflow/dags/dss150p_pipeline.py                           1           0  17.26s          2026-09-23T04:29:18                      12
================================================================================
[2026-09-23T04:29:56.160+0000] {manager.py:997} INFO - 
================================================================================
DAG File Processing Stats

File Path                              PID    Runtime      # DAGs    # Errors  Last Runtime    Last Run               Last # of DB Queries
-------------------------------------  -----  ---------  --------  ----------  --------------  -------------------  ----------------------
/opt/airflow/dags/dss150p_pipeline.py                           1           0  0.62s           2026-09-23T04:29:49                      12
================================================================================
[2026-09-23T04:30:26.577+0000] {manager.py:997} INFO - 
================================================================================
DAG File Processing Stats

File Path                              PID    Runtime      # DAGs    # Errors  Last Runtime    Last Run               Last # of DB Queries
-------------------------------------  -----  ---------  --------  ----------  --------------  -------------------  ----------------------
/opt/airflow/dags/dss150p_pipeline.py                           1           0  0.42s           2026-09-23T04:30:19                      12
================================================================================
[2026-09-23T04:30:56.610+0000] {manager.py:997} INFO - 
================================================================================
DAG File Processing Stats

File Path                              PID    Runtime      # DAGs    # Errors  Last Runtime    Last Run               Last # of DB Queries
-------------------------------------  -----  ---------  --------  ----------  --------------  -------------------  ----------------------
/opt/airflow/dags/dss150p_pipeline.py                           1           0  0.56s           2026-09-23T04:30:50                      12
================================================================================
[2026-09-23T04:31:26.925+0000] {manager.py:997} INFO - 
================================================================================
DAG File Processing Stats

File Path                              PID    Runtime      # DAGs    # Errors  Last Runtime    Last Run               Last # of DB Queries
-------------------------------------  -----  ---------  --------  ----------  --------------  -------------------  ----------------------
/opt/airflow/dags/dss150p_pipeline.py                           1           0  0.30s           2026-09-23T04:31:20                      12
================================================================================
[2026-09-23T04:31:57.321+0000] {manager.py:997} INFO - 
================================================================================
DAG File Processing Stats

File Path                              PID    Runtime      # DAGs    # Errors  Last Runtime    Last Run               Last # of DB Queries
-------------------------------------  -----  ---------  --------  ----------  --------------  -------------------  ----------------------
/opt/airflow/dags/dss150p_pipeline.py                           1           0  0.55s           2026-09-23T04:31:51                      12
================================================================================
[2026-09-23T04:32:27.422+0000] {manager.py:997} INFO - 
================================================================================
DAG File Processing Stats

File Path                              PID    Runtime      # DAGs    # Errors  Last Runtime    Last Run               Last # of DB Queries
-------------------------------------  -----  ---------  --------  ----------  --------------  -------------------  ----------------------
/opt/airflow/dags/dss150p_pipeline.py                           1           0  0.27s           2026-09-23T04:32:22                      12
================================================================================
[2026-09-23T04:32:33.275+0000] {manager.py:821} INFO - Searching for files in /opt/airflow/dags
[2026-09-23T04:32:33.283+0000] {manager.py:824} INFO - There are 1 files in /opt/airflow/dags
[2026-09-23T04:32:57.683+0000] {manager.py:997} INFO - 
================================================================================
DAG File Processing Stats

File Path                              PID    Runtime      # DAGs    # Errors  Last Runtime    Last Run               Last # of DB Queries
-------------------------------------  -----  ---------  --------  ----------  --------------  -------------------  ----------------------
/opt/airflow/dags/dss150p_pipeline.py                           1           0  0.29s           2026-09-23T04:32:52                      12
================================================================================
[2026-09-23T04:33:28.241+0000] {manager.py:997} INFO - 
================================================================================
DAG File Processing Stats

File Path                              PID    Runtime      # DAGs    # Errors  Last Runtime    Last Run               Last # of DB Queries
-------------------------------------  -----  ---------  --------  ----------  --------------  -------------------  ----------------------
/opt/airflow/dags/dss150p_pipeline.py                           1           0  0.37s           2026-09-23T04:33:18                      12
================================================================================
[2026-09-23T04:33:58.651+0000] {manager.py:997} INFO - 
================================================================================
DAG File Processing Stats

File Path                              PID    Runtime      # DAGs    # Errors  Last Runtime    Last Run               Last # of DB Queries
-------------------------------------  -----  ---------  --------  ----------  --------------  -------------------  ----------------------
/opt/airflow/dags/dss150p_pipeline.py                           1           0  0.30s           2026-09-23T04:33:48                      12
================================================================================
[2026-09-23T04:34:29.539+0000] {manager.py:997} INFO - 
================================================================================
DAG File Processing Stats

File Path                              PID    Runtime      # DAGs    # Errors  Last Runtime    Last Run               Last # of DB Queries
-------------------------------------  -----  ---------  --------  ----------  --------------  -------------------  ----------------------
/opt/airflow/dags/dss150p_pipeline.py                           1           0  1.34s           2026-09-23T04:34:20                      12
================================================================================
[2026-09-23T04:34:59.985+0000] {manager.py:997} INFO - 
================================================================================
DAG File Processing Stats

File Path                              PID    Runtime      # DAGs    # Errors  Last Runtime    Last Run               Last # of DB Queries
-------------------------------------  -----  ---------  --------  ----------  --------------  -------------------  ----------------------
/opt/airflow/dags/dss150p_pipeline.py                           1           0  0.52s           2026-09-23T04:34:51                      12
================================================================================
[2026-09-23T04:35:30.554+0000] {manager.py:997} INFO - 
================================================================================
DAG File Processing Stats

File Path                              PID    Runtime      # DAGs    # Errors  Last Runtime    Last Run               Last # of DB Queries
-------------------------------------  -----  ---------  --------  ----------  --------------  -------------------  ----------------------
/opt/airflow/dags/dss150p_pipeline.py                           1           0  0.43s           2026-09-23T04:35:21                      12
================================================================================
[2026-09-23T04:36:00.827+0000] {manager.py:997} INFO - 
================================================================================
DAG File Processing Stats

File Path                              PID    Runtime      # DAGs    # Errors  Last Runtime    Last Run               Last # of DB Queries
-------------------------------------  -----  ---------  --------  ----------  --------------  -------------------  ----------------------
/opt/airflow/dags/dss150p_pipeline.py                           1           0  0.54s           2026-09-23T04:35:52                      12
================================================================================
[2026-09-23T04:36:31.741+0000] {manager.py:997} INFO - 
================================================================================
DAG File Processing Stats

File Path                              PID    Runtime      # DAGs    # Errors  Last Runtime    Last Run               Last # of DB Queries
-------------------------------------  -----  ---------  --------  ----------  --------------  -------------------  ----------------------
/opt/airflow/dags/dss150p_pipeline.py                           1           0  0.98s           2026-09-23T04:36:24                      12
================================================================================
[2026-09-23T04:37:01.914+0000] {manager.py:997} INFO - 
================================================================================
DAG File Processing Stats

File Path                              PID    Runtime      # DAGs    # Errors  Last Runtime    Last Run               Last # of DB Queries
-------------------------------------  -----  ---------  --------  ----------  --------------  -------------------  ----------------------
/opt/airflow/dags/dss150p_pipeline.py                           1           0  1.43s           2026-09-23T04:36:55                      12
================================================================================
[2026-09-23T04:37:34.494+0000] {manager.py:821} INFO - Searching for files in /opt/airflow/dags
[2026-09-23T04:37:35.526+0000] {manager.py:824} INFO - There are 1 files in /opt/airflow/dags
[2026-09-23T04:37:47.226+0000] {manager.py:997} INFO - 
================================================================================
DAG File Processing Stats

File Path                                PID  Runtime      # DAGs    # Errors  Last Runtime    Last Run               Last # of DB Queries
-------------------------------------  -----  ---------  --------  ----------  --------------  -------------------  ----------------------
/opt/airflow/dags/dss150p_pipeline.py   1402  16.45s            1           0  1.43s           2026-09-23T04:36:55                      12
================================================================================
[2026-09-23T04:38:33.634+0000] {manager.py:997} INFO - 
================================================================================
DAG File Processing Stats

File Path                                PID  Runtime      # DAGs    # Errors  Last Runtime    Last Run               Last # of DB Queries
-------------------------------------  -----  ---------  --------  ----------  --------------  -------------------  ----------------------
/opt/airflow/dags/dss150p_pipeline.py   1402  63.02s            1           0  1.43s           2026-09-23T04:36:55                      12
================================================================================
[2026-09-23T04:38:33.877+0000] {manager.py:1366} ERROR - Processor for /opt/airflow/dags/dss150p_pipeline.py with PID 1402 started at 2026-09-23T04:37:30.543016+00:00 has timed out, killing it.
[2026-09-23T04:39:04.565+0000] {manager.py:997} INFO - 
================================================================================
DAG File Processing Stats

File Path                                PID  Runtime      # DAGs    # Errors  Last Runtime    Last Run               Last # of DB Queries
-------------------------------------  -----  ---------  --------  ----------  --------------  -------------------  ----------------------
/opt/airflow/dags/dss150p_pipeline.py   1405  0.14s             0           1  63.33s          2026-09-23T04:38:33                       0
================================================================================
[2026-09-23T04:39:35.106+0000] {manager.py:997} INFO - 
================================================================================
DAG File Processing Stats

File Path                              PID    Runtime      # DAGs    # Errors  Last Runtime    Last Run               Last # of DB Queries
-------------------------------------  -----  ---------  --------  ----------  --------------  -------------------  ----------------------
/opt/airflow/dags/dss150p_pipeline.py                           1           0  1.26s           2026-09-23T04:39:05                      12
================================================================================
[2026-09-23T04:40:05.681+0000] {manager.py:997} INFO - 
================================================================================
DAG File Processing Stats

File Path                              PID    Runtime      # DAGs    # Errors  Last Runtime    Last Run               Last # of DB Queries
-------------------------------------  -----  ---------  --------  ----------  --------------  -------------------  ----------------------
/opt/airflow/dags/dss150p_pipeline.py                           1           0  0.38s           2026-09-23T04:39:36                      12
================================================================================
[2026-09-23T04:40:36.392+0000] {manager.py:997} INFO - 
================================================================================
DAG File Processing Stats

File Path                              PID    Runtime      # DAGs    # Errors  Last Runtime    Last Run               Last # of DB Queries
-------------------------------------  -----  ---------  --------  ----------  --------------  -------------------  ----------------------
/opt/airflow/dags/dss150p_pipeline.py                           1           0  0.31s           2026-09-23T04:40:07                      12
================================================================================
[2026-09-23T04:41:06.461+0000] {manager.py:997} INFO - 
================================================================================
DAG File Processing Stats

File Path                              PID    Runtime      # DAGs    # Errors  Last Runtime    Last Run               Last # of DB Queries
-------------------------------------  -----  ---------  --------  ----------  --------------  -------------------  ----------------------
/opt/airflow/dags/dss150p_pipeline.py                           1           0  0.48s           2026-09-23T04:40:37                      12
================================================================================
[2026-09-23T04:41:37.377+0000] {manager.py:997} INFO - 
================================================================================
DAG File Processing Stats

File Path                              PID    Runtime      # DAGs    # Errors  Last Runtime    Last Run               Last # of DB Queries
-------------------------------------  -----  ---------  --------  ----------  --------------  -------------------  ----------------------
/opt/airflow/dags/dss150p_pipeline.py                           1           0  0.55s           2026-09-23T04:41:09                      12
================================================================================
[2026-09-23T04:42:07.624+0000] {manager.py:997} INFO - 
================================================================================
DAG File Processing Stats

File Path                              PID    Runtime      # DAGs    # Errors  Last Runtime    Last Run               Last # of DB Queries
-------------------------------------  -----  ---------  --------  ----------  --------------  -------------------  ----------------------
/opt/airflow/dags/dss150p_pipeline.py                           1           0  0.85s           2026-09-23T04:41:40                      12
================================================================================
[2026-09-23T04:42:34.556+0000] {manager.py:821} INFO - Searching for files in /opt/airflow/dags
[2026-09-23T04:42:34.595+0000] {manager.py:824} INFO - There are 1 files in /opt/airflow/dags
[2026-09-23T04:42:37.668+0000] {manager.py:997} INFO - 
================================================================================
DAG File Processing Stats

File Path                              PID    Runtime      # DAGs    # Errors  Last Runtime    Last Run               Last # of DB Queries
-------------------------------------  -----  ---------  --------  ----------  --------------  -------------------  ----------------------
/opt/airflow/dags/dss150p_pipeline.py                           1           0  0.42s           2026-09-23T04:42:11                      12
================================================================================
[2026-09-23T04:43:07.913+0000] {manager.py:997} INFO - 
================================================================================
DAG File Processing Stats

File Path                              PID    Runtime      # DAGs    # Errors  Last Runtime    Last Run               Last # of DB Queries
-------------------------------------  -----  ---------  --------  ----------  --------------  -------------------  ----------------------
/opt/airflow/dags/dss150p_pipeline.py                           1           0  0.43s           2026-09-23T04:42:42                      12
================================================================================
[2026-09-23T04:43:38.232+0000] {manager.py:997} INFO - 
================================================================================
DAG File Processing Stats

File Path                                PID  Runtime      # DAGs    # Errors  Last Runtime    Last Run               Last # of DB Queries
-------------------------------------  -----  ---------  --------  ----------  --------------  -------------------  ----------------------
/opt/airflow/dags/dss150p_pipeline.py   1522  0.56s             1           0  2.76s           2026-09-23T04:43:15                      12
================================================================================
[2026-09-23T04:44:08.438+0000] {manager.py:997} INFO - 
================================================================================
DAG File Processing Stats

File Path                              PID    Runtime      # DAGs    # Errors  Last Runtime    Last Run               Last # of DB Queries
-------------------------------------  -----  ---------  --------  ----------  --------------  -------------------  ----------------------
/opt/airflow/dags/dss150p_pipeline.py                           1           0  1.17s           2026-09-23T04:43:38                      21
================================================================================
[2026-09-23T04:44:39.196+0000] {manager.py:997} INFO - 
================================================================================
DAG File Processing Stats

File Path                              PID    Runtime      # DAGs    # Errors  Last Runtime    Last Run               Last # of DB Queries
-------------------------------------  -----  ---------  --------  ----------  --------------  -------------------  ----------------------
/opt/airflow/dags/dss150p_pipeline.py                           1           0  1.23s           2026-09-23T04:44:10                      12
================================================================================
[2026-09-23T04:45:09.661+0000] {manager.py:997} INFO - 
================================================================================
DAG File Processing Stats

File Path                              PID    Runtime      # DAGs    # Errors  Last Runtime    Last Run               Last # of DB Queries
-------------------------------------  -----  ---------  --------  ----------  --------------  -------------------  ----------------------
/opt/airflow/dags/dss150p_pipeline.py                           1           0  0.54s           2026-09-23T04:44:41                      12
================================================================================
[2026-09-23T04:45:40.356+0000] {manager.py:997} INFO - 
================================================================================
DAG File Processing Stats

File Path                              PID    Runtime      # DAGs    # Errors  Last Runtime    Last Run               Last # of DB Queries
-------------------------------------  -----  ---------  --------  ----------  --------------  -------------------  ----------------------
/opt/airflow/dags/dss150p_pipeline.py                           1           0  1.31s           2026-09-23T04:45:15                      34
================================================================================
[2026-09-23T04:46:10.750+0000] {manager.py:997} INFO - 
================================================================================
DAG File Processing Stats

File Path                              PID    Runtime      # DAGs    # Errors  Last Runtime    Last Run               Last # of DB Queries
-------------------------------------  -----  ---------  --------  ----------  --------------  -------------------  ----------------------
/opt/airflow/dags/dss150p_pipeline.py                           1           0  0.58s           2026-09-23T04:45:46                      12
================================================================================
[2026-09-23T04:46:41.356+0000] {manager.py:997} INFO - 
================================================================================
DAG File Processing Stats

File Path                              PID    Runtime      # DAGs    # Errors  Last Runtime    Last Run               Last # of DB Queries
-------------------------------------  -----  ---------  --------  ----------  --------------  -------------------  ----------------------
/opt/airflow/dags/dss150p_pipeline.py                           1           0  0.44s           2026-09-23T04:46:17                      12
================================================================================
[2026-09-23T04:47:12.170+0000] {manager.py:997} INFO - 
================================================================================
DAG File Processing Stats

File Path                              PID    Runtime      # DAGs    # Errors  Last Runtime    Last Run               Last # of DB Queries
-------------------------------------  -----  ---------  --------  ----------  --------------  -------------------  ----------------------
/opt/airflow/dags/dss150p_pipeline.py                           1           0  0.44s           2026-09-23T04:46:47                      12
================================================================================
[2026-09-23T04:47:34.612+0000] {manager.py:821} INFO - Searching for files in /opt/airflow/dags
[2026-09-23T04:47:34.792+0000] {manager.py:824} INFO - There are 1 files in /opt/airflow/dags
[2026-09-23T04:47:42.804+0000] {manager.py:997} INFO - 
================================================================================
DAG File Processing Stats

File Path                              PID    Runtime      # DAGs    # Errors  Last Runtime    Last Run               Last # of DB Queries
-------------------------------------  -----  ---------  --------  ----------  --------------  -------------------  ----------------------
/opt/airflow/dags/dss150p_pipeline.py                           1           0  0.94s           2026-09-23T04:47:19                      12
================================================================================
[2026-09-23T04:48:12.861+0000] {manager.py:997} INFO - 
================================================================================
DAG File Processing Stats

File Path                              PID    Runtime      # DAGs    # Errors  Last Runtime    Last Run               Last # of DB Queries
-------------------------------------  -----  ---------  --------  ----------  --------------  -------------------  ----------------------
/opt/airflow/dags/dss150p_pipeline.py                           1           0  0.57s           2026-09-23T04:47:50                      12
================================================================================
[2026-09-23T04:48:42.974+0000] {manager.py:997} INFO - 
================================================================================
DAG File Processing Stats

File Path                              PID    Runtime      # DAGs    # Errors  Last Runtime    Last Run               Last # of DB Queries
-------------------------------------  -----  ---------  --------  ----------  --------------  -------------------  ----------------------
/opt/airflow/dags/dss150p_pipeline.py                           1           0  0.73s           2026-09-23T04:48:21                      12
================================================================================
[2026-09-23T04:49:13.652+0000] {manager.py:997} INFO - 
================================================================================
DAG File Processing Stats

File Path                              PID    Runtime      # DAGs    # Errors  Last Runtime    Last Run               Last # of DB Queries
-------------------------------------  -----  ---------  --------  ----------  --------------  -------------------  ----------------------
/opt/airflow/dags/dss150p_pipeline.py                           1           0  0.53s           2026-09-23T04:48:52                      12
================================================================================
[2026-09-23T04:49:44.515+0000] {manager.py:997} INFO - 
================================================================================
DAG File Processing Stats

File Path                              PID    Runtime      # DAGs    # Errors  Last Runtime    Last Run               Last # of DB Queries
-------------------------------------  -----  ---------  --------  ----------  --------------  -------------------  ----------------------
/opt/airflow/dags/dss150p_pipeline.py                           1           0  0.35s           2026-09-23T04:49:23                      12
================================================================================
[2026-09-23T04:50:14.753+0000] {manager.py:997} INFO - 
================================================================================
DAG File Processing Stats

File Path                              PID    Runtime      # DAGs    # Errors  Last Runtime    Last Run               Last # of DB Queries
-------------------------------------  -----  ---------  --------  ----------  --------------  -------------------  ----------------------
/opt/airflow/dags/dss150p_pipeline.py                           1           0  0.71s           2026-09-23T04:49:54                      12
================================================================================
[2026-09-23T04:50:45.386+0000] {manager.py:997} INFO - 
================================================================================
DAG File Processing Stats

File Path                              PID    Runtime      # DAGs    # Errors  Last Runtime    Last Run               Last # of DB Queries
-------------------------------------  -----  ---------  --------  ----------  --------------  -------------------  ----------------------
/opt/airflow/dags/dss150p_pipeline.py                           1           0  0.37s           2026-09-23T04:50:25                      12
================================================================================
[2026-09-23T04:51:15.712+0000] {manager.py:997} INFO - 
================================================================================
DAG File Processing Stats

File Path                              PID    Runtime      # DAGs    # Errors  Last Runtime    Last Run               Last # of DB Queries
-------------------------------------  -----  ---------  --------  ----------  --------------  -------------------  ----------------------
/opt/airflow/dags/dss150p_pipeline.py                           1           0  1.63s           2026-09-23T04:50:57                      12
================================================================================
[2026-09-23T04:51:45.828+0000] {manager.py:997} INFO - 
================================================================================
DAG File Processing Stats

File Path                              PID    Runtime      # DAGs    # Errors  Last Runtime    Last Run               Last # of DB Queries
-------------------------------------  -----  ---------  --------  ----------  --------------  -------------------  ----------------------
/opt/airflow/dags/dss150p_pipeline.py                           1           0  0.78s           2026-09-23T04:51:28                      12
================================================================================
[2026-09-23T04:52:15.975+0000] {manager.py:997} INFO - 
================================================================================
DAG File Processing Stats

File Path                              PID    Runtime      # DAGs    # Errors  Last Runtime    Last Run               Last # of DB Queries
-------------------------------------  -----  ---------  --------  ----------  --------------  -------------------  ----------------------
/opt/airflow/dags/dss150p_pipeline.py                           1           0  0.55s           2026-09-23T04:51:59                      12
================================================================================
[2026-09-23T04:52:35.499+0000] {manager.py:821} INFO - Searching for files in /opt/airflow/dags
[2026-09-23T04:52:35.547+0000] {manager.py:824} INFO - There are 1 files in /opt/airflow/dags
[2026-09-23T04:52:46.770+0000] {manager.py:997} INFO - 
================================================================================
DAG File Processing Stats

File Path                              PID    Runtime      # DAGs    # Errors  Last Runtime    Last Run               Last # of DB Queries
-------------------------------------  -----  ---------  --------  ----------  --------------  -------------------  ----------------------
/opt/airflow/dags/dss150p_pipeline.py                           1           0  0.57s           2026-09-23T04:52:30                      12
================================================================================
[2026-09-23T04:53:17.431+0000] {manager.py:997} INFO - 
================================================================================
DAG File Processing Stats

File Path                              PID    Runtime      # DAGs    # Errors  Last Runtime    Last Run               Last # of DB Queries
-------------------------------------  -----  ---------  --------  ----------  --------------  -------------------  ----------------------
/opt/airflow/dags/dss150p_pipeline.py                           1           0  0.45s           2026-09-23T04:53:01                      12
================================================================================
[2026-09-23T04:53:47.574+0000] {manager.py:997} INFO - 
================================================================================
DAG File Processing Stats

File Path                              PID    Runtime      # DAGs    # Errors  Last Runtime    Last Run               Last # of DB Queries
-------------------------------------  -----  ---------  --------  ----------  --------------  -------------------  ----------------------
/opt/airflow/dags/dss150p_pipeline.py                           1           0  0.55s           2026-09-23T04:53:32                      12
================================================================================
[2026-09-23T04:54:17.923+0000] {manager.py:997} INFO - 
================================================================================
DAG File Processing Stats

File Path                              PID    Runtime      # DAGs    # Errors  Last Runtime    Last Run               Last # of DB Queries
-------------------------------------  -----  ---------  --------  ----------  --------------  -------------------  ----------------------
/opt/airflow/dags/dss150p_pipeline.py                           1           0  0.60s           2026-09-23T04:54:03                      12
================================================================================
[2026-09-23T04:54:48.327+0000] {manager.py:997} INFO - 
================================================================================
DAG File Processing Stats

File Path                              PID    Runtime      # DAGs    # Errors  Last Runtime    Last Run               Last # of DB Queries
-------------------------------------  -----  ---------  --------  ----------  --------------  -------------------  ----------------------
/opt/airflow/dags/dss150p_pipeline.py                           1           0  0.59s           2026-09-23T04:54:34                      12
================================================================================
[2026-09-23T04:55:18.452+0000] {manager.py:997} INFO - 
================================================================================
DAG File Processing Stats

File Path                              PID    Runtime      # DAGs    # Errors  Last Runtime    Last Run               Last # of DB Queries
-------------------------------------  -----  ---------  --------  ----------  --------------  -------------------  ----------------------
/opt/airflow/dags/dss150p_pipeline.py                           1           0  0.71s           2026-09-23T04:55:05                      12
================================================================================
[2026-09-23T04:55:48.942+0000] {manager.py:997} INFO - 
================================================================================
DAG File Processing Stats

File Path                              PID    Runtime      # DAGs    # Errors  Last Runtime    Last Run               Last # of DB Queries
-------------------------------------  -----  ---------  --------  ----------  --------------  -------------------  ----------------------
/opt/airflow/dags/dss150p_pipeline.py                           1           0  0.43s           2026-09-23T04:55:36                      12
================================================================================
[2026-09-23T04:56:19.180+0000] {manager.py:997} INFO - 
================================================================================
DAG File Processing Stats

File Path                              PID    Runtime      # DAGs    # Errors  Last Runtime    Last Run               Last # of DB Queries
-------------------------------------  -----  ---------  --------  ----------  --------------  -------------------  ----------------------
/opt/airflow/dags/dss150p_pipeline.py                           1           0  0.95s           2026-09-23T04:56:07                      12
================================================================================
[2026-09-23T04:56:49.964+0000] {manager.py:997} INFO - 
================================================================================
DAG File Processing Stats

File Path                              PID    Runtime      # DAGs    # Errors  Last Runtime    Last Run               Last # of DB Queries
-------------------------------------  -----  ---------  --------  ----------  --------------  -------------------  ----------------------
/opt/airflow/dags/dss150p_pipeline.py                           1           0  3.61s           2026-09-23T04:56:41                      12
================================================================================
[2026-09-23T04:57:20.865+0000] {manager.py:997} INFO - 
================================================================================
DAG File Processing Stats

File Path                              PID    Runtime      # DAGs    # Errors  Last Runtime    Last Run               Last # of DB Queries
-------------------------------------  -----  ---------  --------  ----------  --------------  -------------------  ----------------------
/opt/airflow/dags/dss150p_pipeline.py                           1           0  1.47s           2026-09-23T04:57:16                      12
================================================================================
[2026-09-23T04:57:36.112+0000] {manager.py:821} INFO - Searching for files in /opt/airflow/dags
[2026-09-23T04:57:36.134+0000] {manager.py:824} INFO - There are 1 files in /opt/airflow/dags
[2026-09-23T04:57:50.960+0000] {manager.py:997} INFO - 
================================================================================
DAG File Processing Stats

File Path                              PID    Runtime      # DAGs    # Errors  Last Runtime    Last Run               Last # of DB Queries
-------------------------------------  -----  ---------  --------  ----------  --------------  -------------------  ----------------------
/opt/airflow/dags/dss150p_pipeline.py                           1           0  0.47s           2026-09-23T04:57:46                      12
================================================================================
[2026-09-23T04:58:21.381+0000] {manager.py:997} INFO - 
================================================================================
DAG File Processing Stats

File Path                              PID    Runtime      # DAGs    # Errors  Last Runtime    Last Run               Last # of DB Queries
-------------------------------------  -----  ---------  --------  ----------  --------------  -------------------  ----------------------
/opt/airflow/dags/dss150p_pipeline.py                           1           0  0.52s           2026-09-23T04:58:17                      12
================================================================================
[2026-09-23T04:58:51.985+0000] {manager.py:997} INFO - 
================================================================================
DAG File Processing Stats

File Path                              PID    Runtime      # DAGs    # Errors  Last Runtime    Last Run               Last # of DB Queries
-------------------------------------  -----  ---------  --------  ----------  --------------  -------------------  ----------------------
/opt/airflow/dags/dss150p_pipeline.py                           1           0  0.25s           2026-09-23T04:58:48                      12
================================================================================
[2026-09-23T04:59:22.536+0000] {manager.py:997} INFO - 
================================================================================
DAG File Processing Stats

File Path                              PID    Runtime      # DAGs    # Errors  Last Runtime    Last Run               Last # of DB Queries
-------------------------------------  -----  ---------  --------  ----------  --------------  -------------------  ----------------------
/opt/airflow/dags/dss150p_pipeline.py                           1           0  0.37s           2026-09-23T04:59:18                      12
================================================================================
[2026-09-23T04:59:53.169+0000] {manager.py:997} INFO - 
================================================================================
DAG File Processing Stats

File Path                              PID    Runtime      # DAGs    # Errors  Last Runtime    Last Run               Last # of DB Queries
-------------------------------------  -----  ---------  --------  ----------  --------------  -------------------  ----------------------
/opt/airflow/dags/dss150p_pipeline.py                           1           0  0.23s           2026-09-23T04:59:49                      12
================================================================================
[2026-09-23T05:00:23.817+0000] {manager.py:997} INFO - 
================================================================================
DAG File Processing Stats

File Path                              PID    Runtime      # DAGs    # Errors  Last Runtime    Last Run               Last # of DB Queries
-------------------------------------  -----  ---------  --------  ----------  --------------  -------------------  ----------------------
/opt/airflow/dags/dss150p_pipeline.py                           1           0  0.37s           2026-09-23T05:00:19                      12
================================================================================
[2026-09-23T05:00:54.316+0000] {manager.py:997} INFO - 
================================================================================
DAG File Processing Stats

File Path                              PID    Runtime      # DAGs    # Errors  Last Runtime    Last Run               Last # of DB Queries
-------------------------------------  -----  ---------  --------  ----------  --------------  -------------------  ----------------------
/opt/airflow/dags/dss150p_pipeline.py                           1           0  0.34s           2026-09-23T05:00:50                      12
================================================================================
[2026-09-23T05:01:24.645+0000] {manager.py:997} INFO - 
================================================================================
DAG File Processing Stats

File Path                              PID    Runtime      # DAGs    # Errors  Last Runtime    Last Run               Last # of DB Queries
-------------------------------------  -----  ---------  --------  ----------  --------------  -------------------  ----------------------
/opt/airflow/dags/dss150p_pipeline.py                           1           0  0.19s           2026-09-23T05:01:20                      12
================================================================================
[2026-09-23T05:01:55.132+0000] {manager.py:997} INFO - 
================================================================================
DAG File Processing Stats

File Path                              PID    Runtime      # DAGs    # Errors  Last Runtime    Last Run               Last # of DB Queries
-------------------------------------  -----  ---------  --------  ----------  --------------  -------------------  ----------------------
/opt/airflow/dags/dss150p_pipeline.py                           1           0  0.27s           2026-09-23T05:01:51                      12
================================================================================
[2026-09-23T05:02:25.655+0000] {manager.py:997} INFO - 
================================================================================
DAG File Processing Stats

File Path                              PID    Runtime      # DAGs    # Errors  Last Runtime    Last Run               Last # of DB Queries
-------------------------------------  -----  ---------  --------  ----------  --------------  -------------------  ----------------------
/opt/airflow/dags/dss150p_pipeline.py                           1           0  0.35s           2026-09-23T05:02:21                      12
================================================================================
[2026-09-23T05:02:36.813+0000] {manager.py:821} INFO - Searching for files in /opt/airflow/dags
[2026-09-23T05:02:36.821+0000] {manager.py:824} INFO - There are 1 files in /opt/airflow/dags
[2026-09-23T05:02:56.308+0000] {manager.py:997} INFO - 
================================================================================
DAG File Processing Stats

File Path                              PID    Runtime      # DAGs    # Errors  Last Runtime    Last Run               Last # of DB Queries
-------------------------------------  -----  ---------  --------  ----------  --------------  -------------------  ----------------------
/opt/airflow/dags/dss150p_pipeline.py                           1           0  0.43s           2026-09-23T05:02:52                      12
================================================================================
[2026-09-23T05:03:26.800+0000] {manager.py:997} INFO - 
================================================================================
DAG File Processing Stats

File Path                              PID    Runtime      # DAGs    # Errors  Last Runtime    Last Run               Last # of DB Queries
-------------------------------------  -----  ---------  --------  ----------  --------------  -------------------  ----------------------
/opt/airflow/dags/dss150p_pipeline.py                           1           0  0.39s           2026-09-23T05:03:23                      12
================================================================================
[2026-09-23T05:03:57.500+0000] {manager.py:997} INFO - 
================================================================================
DAG File Processing Stats

File Path                              PID    Runtime      # DAGs    # Errors  Last Runtime    Last Run               Last # of DB Queries
-------------------------------------  -----  ---------  --------  ----------  --------------  -------------------  ----------------------
/opt/airflow/dags/dss150p_pipeline.py                           1           0  0.48s           2026-09-23T05:03:53                      12
================================================================================
[2026-09-23T05:04:27.879+0000] {manager.py:997} INFO - 
================================================================================
DAG File Processing Stats

File Path                              PID    Runtime      # DAGs    # Errors  Last Runtime    Last Run               Last # of DB Queries
-------------------------------------  -----  ---------  --------  ----------  --------------  -------------------  ----------------------
/opt/airflow/dags/dss150p_pipeline.py                           1           0  0.33s           2026-09-23T05:04:24                      12
================================================================================
[2026-09-23T05:04:58.489+0000] {manager.py:997} INFO - 
================================================================================
DAG File Processing Stats

File Path                              PID    Runtime      # DAGs    # Errors  Last Runtime    Last Run               Last # of DB Queries
-------------------------------------  -----  ---------  --------  ----------  --------------  -------------------  ----------------------
/opt/airflow/dags/dss150p_pipeline.py                           1           0  0.26s           2026-09-23T05:04:54                      12
================================================================================
[2026-09-23T05:05:28.846+0000] {manager.py:997} INFO - 
================================================================================
DAG File Processing Stats

File Path                              PID    Runtime      # DAGs    # Errors  Last Runtime    Last Run               Last # of DB Queries
-------------------------------------  -----  ---------  --------  ----------  --------------  -------------------  ----------------------
/opt/airflow/dags/dss150p_pipeline.py                           1           0  0.28s           2026-09-23T05:05:25                      12
================================================================================
[2026-09-23T05:05:59.257+0000] {manager.py:997} INFO - 
================================================================================
DAG File Processing Stats

File Path                              PID    Runtime      # DAGs    # Errors  Last Runtime    Last Run               Last # of DB Queries
-------------------------------------  -----  ---------  --------  ----------  --------------  -------------------  ----------------------
/opt/airflow/dags/dss150p_pipeline.py                           1           0  1.05s           2026-09-23T05:05:56                      12
================================================================================
[2026-09-23T05:06:29.602+0000] {manager.py:997} INFO - 
================================================================================
DAG File Processing Stats

File Path                              PID    Runtime      # DAGs    # Errors  Last Runtime    Last Run               Last # of DB Queries
-------------------------------------  -----  ---------  --------  ----------  --------------  -------------------  ----------------------
/opt/airflow/dags/dss150p_pipeline.py                           1           0  0.62s           2026-09-23T05:06:27                      12
================================================================================
[2026-09-23T05:06:59.922+0000] {manager.py:997} INFO - 
================================================================================
DAG File Processing Stats

File Path                              PID    Runtime      # DAGs    # Errors  Last Runtime    Last Run               Last # of DB Queries
-------------------------------------  -----  ---------  --------  ----------  --------------  -------------------  ----------------------
/opt/airflow/dags/dss150p_pipeline.py                           1           0  0.52s           2026-09-23T05:06:57                      12
================================================================================
[2026-09-23T05:07:30.289+0000] {manager.py:997} INFO - 
================================================================================
DAG File Processing Stats

File Path                              PID    Runtime      # DAGs    # Errors  Last Runtime    Last Run               Last # of DB Queries
-------------------------------------  -----  ---------  --------  ----------  --------------  -------------------  ----------------------
/opt/airflow/dags/dss150p_pipeline.py                           1           0  0.34s           2026-09-23T05:07:28                      12
================================================================================
[2026-09-23T05:07:37.351+0000] {manager.py:821} INFO - Searching for files in /opt/airflow/dags
[2026-09-23T05:07:37.363+0000] {manager.py:824} INFO - There are 1 files in /opt/airflow/dags
[2026-09-23T05:08:00.908+0000] {manager.py:997} INFO - 
================================================================================
DAG File Processing Stats

File Path                              PID    Runtime      # DAGs    # Errors  Last Runtime    Last Run               Last # of DB Queries
-------------------------------------  -----  ---------  --------  ----------  --------------  -------------------  ----------------------
/opt/airflow/dags/dss150p_pipeline.py                           1           0  0.51s           2026-09-23T05:07:59                      12
================================================================================
[2026-09-23T05:08:30.981+0000] {manager.py:997} INFO - 
================================================================================
DAG File Processing Stats

File Path                              PID    Runtime      # DAGs    # Errors  Last Runtime    Last Run               Last # of DB Queries
-------------------------------------  -----  ---------  --------  ----------  --------------  -------------------  ----------------------
/opt/airflow/dags/dss150p_pipeline.py                           1           0  0.64s           2026-09-23T05:08:30                      12
================================================================================
[2026-09-23T05:09:01.072+0000] {manager.py:997} INFO - 
================================================================================
DAG File Processing Stats

File Path                                PID  Runtime      # DAGs    # Errors  Last Runtime    Last Run               Last # of DB Queries
-------------------------------------  -----  ---------  --------  ----------  --------------  -------------------  ----------------------
/opt/airflow/dags/dss150p_pipeline.py   2051  0.06s             1           0  0.64s           2026-09-23T05:08:30                      12
================================================================================
[2026-09-23T05:09:32.675+0000] {manager.py:997} INFO - 
================================================================================
DAG File Processing Stats

File Path                              PID    Runtime      # DAGs    # Errors  Last Runtime    Last Run               Last # of DB Queries
-------------------------------------  -----  ---------  --------  ----------  --------------  -------------------  ----------------------
/opt/airflow/dags/dss150p_pipeline.py                           1           0  31.64s          2026-09-23T05:09:32                      12
================================================================================
[2026-09-23T05:10:02.813+0000] {manager.py:997} INFO - 
================================================================================
DAG File Processing Stats

File Path                                PID  Runtime      # DAGs    # Errors  Last Runtime    Last Run               Last # of DB Queries
-------------------------------------  -----  ---------  --------  ----------  --------------  -------------------  ----------------------
/opt/airflow/dags/dss150p_pipeline.py   2056  0.04s             1           0  31.64s          2026-09-23T05:09:32                      12
================================================================================
[2026-09-23T05:10:34.077+0000] {manager.py:997} INFO - 
================================================================================
DAG File Processing Stats

File Path                                PID  Runtime      # DAGs    # Errors  Last Runtime    Last Run               Last # of DB Queries
-------------------------------------  -----  ---------  --------  ----------  --------------  -------------------  ----------------------
/opt/airflow/dags/dss150p_pipeline.py   2061  0.02s             1           0  0.87s           2026-09-23T05:10:03                      12
================================================================================
[2026-09-23T05:11:04.489+0000] {manager.py:997} INFO - 
================================================================================
DAG File Processing Stats

File Path                                PID  Runtime      # DAGs    # Errors  Last Runtime    Last Run               Last # of DB Queries
-------------------------------------  -----  ---------  --------  ----------  --------------  -------------------  ----------------------
/opt/airflow/dags/dss150p_pipeline.py   2066  0.02s             1           0  0.37s           2026-09-23T05:10:34                      12
================================================================================
[2026-09-23T05:11:35.100+0000] {manager.py:997} INFO - 
================================================================================
DAG File Processing Stats

File Path                                PID  Runtime      # DAGs    # Errors  Last Runtime    Last Run               Last # of DB Queries
-------------------------------------  -----  ---------  --------  ----------  --------------  -------------------  ----------------------
/opt/airflow/dags/dss150p_pipeline.py   2071  0.01s             1           0  0.47s           2026-09-23T05:11:04                      12
================================================================================
[2026-09-23T05:12:05.648+0000] {manager.py:997} INFO - 
================================================================================
DAG File Processing Stats

File Path                                PID  Runtime      # DAGs    # Errors  Last Runtime    Last Run               Last # of DB Queries
-------------------------------------  -----  ---------  --------  ----------  --------------  -------------------  ----------------------
/opt/airflow/dags/dss150p_pipeline.py   2076  0.01s             1           0  0.27s           2026-09-23T05:11:35                      12
================================================================================
[2026-09-23T05:12:36.014+0000] {manager.py:997} INFO - 
================================================================================
DAG File Processing Stats

File Path                                PID  Runtime      # DAGs    # Errors  Last Runtime    Last Run               Last # of DB Queries
-------------------------------------  -----  ---------  --------  ----------  --------------  -------------------  ----------------------
/opt/airflow/dags/dss150p_pipeline.py   2081  0.02s             1           0  0.25s           2026-09-23T05:12:05                      12
================================================================================
[2026-09-23T05:12:37.602+0000] {manager.py:821} INFO - Searching for files in /opt/airflow/dags
[2026-09-23T05:12:37.626+0000] {manager.py:824} INFO - There are 1 files in /opt/airflow/dags
[2026-09-23T05:13:06.770+0000] {manager.py:997} INFO - 
================================================================================
DAG File Processing Stats

File Path                                PID  Runtime      # DAGs    # Errors  Last Runtime    Last Run               Last # of DB Queries
-------------------------------------  -----  ---------  --------  ----------  --------------  -------------------  ----------------------
/opt/airflow/dags/dss150p_pipeline.py   2086  0.03s             1           0  0.55s           2026-09-23T05:12:36                      12
================================================================================
[2026-09-23T05:13:37.260+0000] {manager.py:997} INFO - 
================================================================================
DAG File Processing Stats

File Path                                PID  Runtime      # DAGs    # Errors  Last Runtime    Last Run               Last # of DB Queries
-------------------------------------  -----  ---------  --------  ----------  --------------  -------------------  ----------------------
/opt/airflow/dags/dss150p_pipeline.py   2091  0.01s             1           0  0.36s           2026-09-23T05:13:07                      12
================================================================================
[2026-09-23T05:14:07.693+0000] {manager.py:997} INFO - 
================================================================================
DAG File Processing Stats

File Path                                PID  Runtime      # DAGs    # Errors  Last Runtime    Last Run               Last # of DB Queries
-------------------------------------  -----  ---------  --------  ----------  --------------  -------------------  ----------------------
/opt/airflow/dags/dss150p_pipeline.py   2096  0.05s             1           0  0.24s           2026-09-23T05:13:37                      12
================================================================================
[2026-09-23T05:14:38.150+0000] {manager.py:997} INFO - 
================================================================================
DAG File Processing Stats

File Path                              PID    Runtime      # DAGs    # Errors  Last Runtime    Last Run               Last # of DB Queries
-------------------------------------  -----  ---------  --------  ----------  --------------  -------------------  ----------------------
/opt/airflow/dags/dss150p_pipeline.py                           1           0  0.55s           2026-09-23T05:14:14                      21
================================================================================
[2026-09-23T05:15:08.927+0000] {manager.py:997} INFO - 
================================================================================
DAG File Processing Stats

File Path                              PID    Runtime      # DAGs    # Errors  Last Runtime    Last Run               Last # of DB Queries
-------------------------------------  -----  ---------  --------  ----------  --------------  -------------------  ----------------------
/opt/airflow/dags/dss150p_pipeline.py                           1           0  0.24s           2026-09-23T05:14:44                      12
================================================================================
[2026-09-23T05:15:39.412+0000] {manager.py:997} INFO - 
================================================================================
DAG File Processing Stats

File Path                              PID    Runtime      # DAGs    # Errors  Last Runtime    Last Run               Last # of DB Queries
-------------------------------------  -----  ---------  --------  ----------  --------------  -------------------  ----------------------
/opt/airflow/dags/dss150p_pipeline.py                           1           0  0.32s           2026-09-23T05:15:15                      12
================================================================================
[2026-09-23T05:16:10.018+0000] {manager.py:997} INFO - 
================================================================================
DAG File Processing Stats

File Path                              PID    Runtime      # DAGs    # Errors  Last Runtime    Last Run               Last # of DB Queries
-------------------------------------  -----  ---------  --------  ----------  --------------  -------------------  ----------------------
/opt/airflow/dags/dss150p_pipeline.py                           1           0  0.43s           2026-09-23T05:15:45                      12
================================================================================
[2026-09-23T05:16:40.529+0000] {manager.py:997} INFO - 
================================================================================
DAG File Processing Stats

File Path                              PID    Runtime      # DAGs    # Errors  Last Runtime    Last Run               Last # of DB Queries
-------------------------------------  -----  ---------  --------  ----------  --------------  -------------------  ----------------------
/opt/airflow/dags/dss150p_pipeline.py                           1           0  0.57s           2026-09-23T05:16:16                      12
================================================================================
[2026-09-23T05:17:10.544+0000] {manager.py:997} INFO - 
================================================================================
DAG File Processing Stats

File Path                              PID    Runtime      # DAGs    # Errors  Last Runtime    Last Run               Last # of DB Queries
-------------------------------------  -----  ---------  --------  ----------  --------------  -------------------  ----------------------
/opt/airflow/dags/dss150p_pipeline.py                           1           0  0.33s           2026-09-23T05:16:47                      12
================================================================================
[2026-09-23T05:17:37.623+0000] {manager.py:821} INFO - Searching for files in /opt/airflow/dags
[2026-09-23T05:17:37.631+0000] {manager.py:824} INFO - There are 1 files in /opt/airflow/dags
[2026-09-23T05:17:40.615+0000] {manager.py:997} INFO - 
================================================================================
DAG File Processing Stats

File Path                              PID    Runtime      # DAGs    # Errors  Last Runtime    Last Run               Last # of DB Queries
-------------------------------------  -----  ---------  --------  ----------  --------------  -------------------  ----------------------
/opt/airflow/dags/dss150p_pipeline.py                           1           0  0.87s           2026-09-23T05:17:18                      12
================================================================================
[2026-09-23T05:18:10.679+0000] {manager.py:997} INFO - 
================================================================================
DAG File Processing Stats

File Path                              PID    Runtime      # DAGs    # Errors  Last Runtime    Last Run               Last # of DB Queries
-------------------------------------  -----  ---------  --------  ----------  --------------  -------------------  ----------------------
/opt/airflow/dags/dss150p_pipeline.py                           1           0  0.68s           2026-09-23T05:17:49                      12
================================================================================
[2026-09-23T05:18:40.735+0000] {manager.py:997} INFO - 
================================================================================
DAG File Processing Stats

File Path                              PID    Runtime      # DAGs    # Errors  Last Runtime    Last Run               Last # of DB Queries
-------------------------------------  -----  ---------  --------  ----------  --------------  -------------------  ----------------------
/opt/airflow/dags/dss150p_pipeline.py                           1           0  0.81s           2026-09-23T05:18:20                      12
================================================================================
[2026-09-23T05:19:11.489+0000] {manager.py:997} INFO - 
================================================================================
DAG File Processing Stats

File Path                              PID    Runtime      # DAGs    # Errors  Last Runtime    Last Run               Last # of DB Queries
-------------------------------------  -----  ---------  --------  ----------  --------------  -------------------  ----------------------
/opt/airflow/dags/dss150p_pipeline.py                           1           0  0.78s           2026-09-23T05:18:51                      12
================================================================================
[2026-09-23T05:19:42.546+0000] {manager.py:997} INFO - 
================================================================================
DAG File Processing Stats

File Path                              PID    Runtime      # DAGs    # Errors  Last Runtime    Last Run               Last # of DB Queries
-------------------------------------  -----  ---------  --------  ----------  --------------  -------------------  ----------------------
/opt/airflow/dags/dss150p_pipeline.py                           1           0  3.52s           2026-09-23T05:19:25                      12
================================================================================
[2026-09-23T05:20:12.665+0000] {manager.py:997} INFO - 
================================================================================
DAG File Processing Stats

File Path                              PID    Runtime      # DAGs    # Errors  Last Runtime    Last Run               Last # of DB Queries
-------------------------------------  -----  ---------  --------  ----------  --------------  -------------------  ----------------------
/opt/airflow/dags/dss150p_pipeline.py                           1           0  5.37s           2026-09-23T05:20:01                      12
================================================================================
[2026-09-23T05:20:42.974+0000] {manager.py:997} INFO - 
================================================================================
DAG File Processing Stats

File Path                              PID    Runtime      # DAGs    # Errors  Last Runtime    Last Run               Last # of DB Queries
-------------------------------------  -----  ---------  --------  ----------  --------------  -------------------  ----------------------
/opt/airflow/dags/dss150p_pipeline.py                           1           0  0.37s           2026-09-23T05:20:32                      12
================================================================================
[2026-09-23T05:21:13.619+0000] {manager.py:997} INFO - 
================================================================================
DAG File Processing Stats

File Path                              PID    Runtime      # DAGs    # Errors  Last Runtime    Last Run               Last # of DB Queries
-------------------------------------  -----  ---------  --------  ----------  --------------  -------------------  ----------------------
/opt/airflow/dags/dss150p_pipeline.py                           1           0  0.33s           2026-09-23T05:21:02                      12
================================================================================
[2026-09-23T05:21:44.271+0000] {manager.py:997} INFO - 
================================================================================
DAG File Processing Stats

File Path                              PID    Runtime      # DAGs    # Errors  Last Runtime    Last Run               Last # of DB Queries
-------------------------------------  -----  ---------  --------  ----------  --------------  -------------------  ----------------------
/opt/airflow/dags/dss150p_pipeline.py                           1           0  0.44s           2026-09-23T05:21:33                      12
================================================================================
[2026-09-23T05:22:14.706+0000] {manager.py:997} INFO - 
================================================================================
DAG File Processing Stats

File Path                              PID    Runtime      # DAGs    # Errors  Last Runtime    Last Run               Last # of DB Queries
-------------------------------------  -----  ---------  --------  ----------  --------------  -------------------  ----------------------
/opt/airflow/dags/dss150p_pipeline.py                           1           0  0.29s           2026-09-23T05:22:03                      12
================================================================================
[2026-09-23T05:22:38.072+0000] {manager.py:821} INFO - Searching for files in /opt/airflow/dags
[2026-09-23T05:22:38.109+0000] {manager.py:824} INFO - There are 1 files in /opt/airflow/dags
[2026-09-23T05:22:45.248+0000] {manager.py:997} INFO - 
================================================================================
DAG File Processing Stats

File Path                              PID    Runtime      # DAGs    # Errors  Last Runtime    Last Run               Last # of DB Queries
-------------------------------------  -----  ---------  --------  ----------  --------------  -------------------  ----------------------
/opt/airflow/dags/dss150p_pipeline.py                           1           0  0.38s           2026-09-23T05:22:34                      12
================================================================================
[2026-09-23T05:23:15.899+0000] {manager.py:997} INFO - 
================================================================================
DAG File Processing Stats

File Path                              PID    Runtime      # DAGs    # Errors  Last Runtime    Last Run               Last # of DB Queries
-------------------------------------  -----  ---------  --------  ----------  --------------  -------------------  ----------------------
/opt/airflow/dags/dss150p_pipeline.py                           1           0  0.36s           2026-09-23T05:23:04                      12
================================================================================
[2026-09-23T05:23:46.198+0000] {manager.py:997} INFO - 
================================================================================
DAG File Processing Stats

File Path                              PID    Runtime      # DAGs    # Errors  Last Runtime    Last Run               Last # of DB Queries
-------------------------------------  -----  ---------  --------  ----------  --------------  -------------------  ----------------------
/opt/airflow/dags/dss150p_pipeline.py                           1           0  0.24s           2026-09-23T05:23:35                      12
================================================================================
[2026-09-23T05:24:16.662+0000] {manager.py:997} INFO - 
================================================================================
DAG File Processing Stats

File Path                              PID    Runtime      # DAGs    # Errors  Last Runtime    Last Run               Last # of DB Queries
-------------------------------------  -----  ---------  --------  ----------  --------------  -------------------  ----------------------
/opt/airflow/dags/dss150p_pipeline.py                           1           0  0.24s           2026-09-23T05:24:05                      12
================================================================================
[2026-09-23T05:24:47.016+0000] {manager.py:997} INFO - 
================================================================================
DAG File Processing Stats

File Path                              PID    Runtime      # DAGs    # Errors  Last Runtime    Last Run               Last # of DB Queries
-------------------------------------  -----  ---------  --------  ----------  --------------  -------------------  ----------------------
/opt/airflow/dags/dss150p_pipeline.py                           1           0  0.47s           2026-09-23T05:24:36                      12
================================================================================
[2026-09-23T05:25:17.690+0000] {manager.py:997} INFO - 
================================================================================
DAG File Processing Stats

File Path                              PID    Runtime      # DAGs    # Errors  Last Runtime    Last Run               Last # of DB Queries
-------------------------------------  -----  ---------  --------  ----------  --------------  -------------------  ----------------------
/opt/airflow/dags/dss150p_pipeline.py                           1           0  0.31s           2026-09-23T05:25:06                      12
================================================================================
[2026-09-23T05:25:48.095+0000] {manager.py:997} INFO - 
================================================================================
DAG File Processing Stats

File Path                              PID    Runtime      # DAGs    # Errors  Last Runtime    Last Run               Last # of DB Queries
-------------------------------------  -----  ---------  --------  ----------  --------------  -------------------  ----------------------
/opt/airflow/dags/dss150p_pipeline.py                           1           0  0.19s           2026-09-23T05:25:37                      12
================================================================================
[2026-09-23T05:26:18.515+0000] {manager.py:997} INFO - 
================================================================================
DAG File Processing Stats

File Path                              PID    Runtime      # DAGs    # Errors  Last Runtime    Last Run               Last # of DB Queries
-------------------------------------  -----  ---------  --------  ----------  --------------  -------------------  ----------------------
/opt/airflow/dags/dss150p_pipeline.py                           1           0  0.23s           2026-09-23T05:26:07                      12
================================================================================
[2026-09-23T05:26:49.008+0000] {manager.py:997} INFO - 
================================================================================
DAG File Processing Stats

File Path                              PID    Runtime      # DAGs    # Errors  Last Runtime    Last Run               Last # of DB Queries
-------------------------------------  -----  ---------  --------  ----------  --------------  -------------------  ----------------------
/opt/airflow/dags/dss150p_pipeline.py                           1           0  0.45s           2026-09-23T05:26:38                      12
================================================================================
[2026-09-23T05:27:19.585+0000] {manager.py:997} INFO - 
================================================================================
DAG File Processing Stats

File Path                              PID    Runtime      # DAGs    # Errors  Last Runtime    Last Run               Last # of DB Queries
-------------------------------------  -----  ---------  --------  ----------  --------------  -------------------  ----------------------
/opt/airflow/dags/dss150p_pipeline.py                           1           0  0.37s           2026-09-23T05:27:08                      12
================================================================================
[2026-09-23T05:27:38.888+0000] {manager.py:821} INFO - Searching for files in /opt/airflow/dags
[2026-09-23T05:27:38.936+0000] {manager.py:824} INFO - There are 1 files in /opt/airflow/dags
[2026-09-23T05:27:50.171+0000] {manager.py:997} INFO - 
================================================================================
DAG File Processing Stats

File Path                              PID    Runtime      # DAGs    # Errors  Last Runtime    Last Run               Last # of DB Queries
-------------------------------------  -----  ---------  --------  ----------  --------------  -------------------  ----------------------
/opt/airflow/dags/dss150p_pipeline.py                           1           0  0.35s           2026-09-23T05:27:39                      12
================================================================================
[2026-09-23T05:28:20.669+0000] {manager.py:997} INFO - 
================================================================================
DAG File Processing Stats

File Path                              PID    Runtime      # DAGs    # Errors  Last Runtime    Last Run               Last # of DB Queries
-------------------------------------  -----  ---------  --------  ----------  --------------  -------------------  ----------------------
/opt/airflow/dags/dss150p_pipeline.py                           1           0  0.29s           2026-09-23T05:28:09                      12
================================================================================
[2026-09-23T05:28:51.087+0000] {manager.py:997} INFO - 
================================================================================
DAG File Processing Stats

File Path                              PID    Runtime      # DAGs    # Errors  Last Runtime    Last Run               Last # of DB Queries
-------------------------------------  -----  ---------  --------  ----------  --------------  -------------------  ----------------------
/opt/airflow/dags/dss150p_pipeline.py                           1           0  0.28s           2026-09-23T05:28:40                      12
================================================================================
[2026-09-23T05:29:21.520+0000] {manager.py:997} INFO - 
================================================================================
DAG File Processing Stats

File Path                              PID    Runtime      # DAGs    # Errors  Last Runtime    Last Run               Last # of DB Queries
-------------------------------------  -----  ---------  --------  ----------  --------------  -------------------  ----------------------
/opt/airflow/dags/dss150p_pipeline.py                           1           0  0.29s           2026-09-23T05:29:10                      12
================================================================================
[2026-09-23T05:29:51.940+0000] {manager.py:997} INFO - 
================================================================================
DAG File Processing Stats

File Path                              PID    Runtime      # DAGs    # Errors  Last Runtime    Last Run               Last # of DB Queries
-------------------------------------  -----  ---------  --------  ----------  --------------  -------------------  ----------------------
/opt/airflow/dags/dss150p_pipeline.py                           1           0  0.24s           2026-09-23T05:29:40                      12
================================================================================
[2026-09-23T05:30:22.349+0000] {manager.py:997} INFO - 
================================================================================
DAG File Processing Stats

File Path                              PID    Runtime      # DAGs    # Errors  Last Runtime    Last Run               Last # of DB Queries
-------------------------------------  -----  ---------  --------  ----------  --------------  -------------------  ----------------------
/opt/airflow/dags/dss150p_pipeline.py                           1           0  0.27s           2026-09-23T05:30:11                      12
================================================================================
[2026-09-23T05:30:52.989+0000] {manager.py:997} INFO - 
================================================================================
DAG File Processing Stats

File Path                              PID    Runtime      # DAGs    # Errors  Last Runtime    Last Run               Last # of DB Queries
-------------------------------------  -----  ---------  --------  ----------  --------------  -------------------  ----------------------
/opt/airflow/dags/dss150p_pipeline.py                           1           0  0.40s           2026-09-23T05:30:42                      12
================================================================================
[2026-09-23T05:31:23.139+0000] {manager.py:997} INFO - 
================================================================================
DAG File Processing Stats

File Path                              PID    Runtime      # DAGs    # Errors  Last Runtime    Last Run               Last # of DB Queries
-------------------------------------  -----  ---------  --------  ----------  --------------  -------------------  ----------------------
/opt/airflow/dags/dss150p_pipeline.py                           1           0  8.23s           2026-09-23T05:31:20                      12
================================================================================
[2026-09-23T05:31:53.669+0000] {manager.py:997} INFO - 
================================================================================
DAG File Processing Stats

File Path                                PID  Runtime      # DAGs    # Errors  Last Runtime    Last Run               Last # of DB Queries
-------------------------------------  -----  ---------  --------  ----------  --------------  -------------------  ----------------------
/opt/airflow/dags/dss150p_pipeline.py   2331  1.76s             1           0  8.23s           2026-09-23T05:31:20                      12
================================================================================
[2026-09-23T05:32:24.429+0000] {manager.py:997} INFO - 
================================================================================
DAG File Processing Stats

File Path                              PID    Runtime      # DAGs    # Errors  Last Runtime    Last Run               Last # of DB Queries
-------------------------------------  -----  ---------  --------  ----------  --------------  -------------------  ----------------------
/opt/airflow/dags/dss150p_pipeline.py                           1           0  10.63s          2026-09-23T05:32:02                      12
================================================================================
[2026-09-23T05:32:38.940+0000] {manager.py:821} INFO - Searching for files in /opt/airflow/dags
[2026-09-23T05:32:38.949+0000] {manager.py:824} INFO - There are 1 files in /opt/airflow/dags
[2026-09-23T05:32:55.106+0000] {manager.py:997} INFO - 
================================================================================
DAG File Processing Stats

File Path                              PID    Runtime      # DAGs    # Errors  Last Runtime    Last Run               Last # of DB Queries
-------------------------------------  -----  ---------  --------  ----------  --------------  -------------------  ----------------------
/opt/airflow/dags/dss150p_pipeline.py                           1           0  0.40s           2026-09-23T05:32:32                      12
================================================================================
[2026-09-23T05:33:25.418+0000] {manager.py:997} INFO - 
================================================================================
DAG File Processing Stats

File Path                              PID    Runtime      # DAGs    # Errors  Last Runtime    Last Run               Last # of DB Queries
-------------------------------------  -----  ---------  --------  ----------  --------------  -------------------  ----------------------
/opt/airflow/dags/dss150p_pipeline.py                           1           0  0.31s           2026-09-23T05:33:03                      12
================================================================================
[2026-09-23T05:33:55.991+0000] {manager.py:997} INFO - 
================================================================================
DAG File Processing Stats

File Path                              PID    Runtime      # DAGs    # Errors  Last Runtime    Last Run               Last # of DB Queries
-------------------------------------  -----  ---------  --------  ----------  --------------  -------------------  ----------------------
/opt/airflow/dags/dss150p_pipeline.py                           1           0  0.30s           2026-09-23T05:33:33                      12
================================================================================
[2026-09-23T05:34:26.470+0000] {manager.py:997} INFO - 
================================================================================
DAG File Processing Stats

File Path                              PID    Runtime      # DAGs    # Errors  Last Runtime    Last Run               Last # of DB Queries
-------------------------------------  -----  ---------  --------  ----------  --------------  -------------------  ----------------------
/opt/airflow/dags/dss150p_pipeline.py                           1           0  0.77s           2026-09-23T05:34:04                      12
================================================================================
[2026-09-23T05:34:56.567+0000] {manager.py:997} INFO - 
================================================================================
DAG File Processing Stats

File Path                              PID    Runtime      # DAGs    # Errors  Last Runtime    Last Run               Last # of DB Queries
-------------------------------------  -----  ---------  --------  ----------  --------------  -------------------  ----------------------
/opt/airflow/dags/dss150p_pipeline.py                           1           0  0.57s           2026-09-23T05:34:36                      12
================================================================================
[2026-09-23T05:35:26.920+0000] {manager.py:997} INFO - 
================================================================================
DAG File Processing Stats

File Path                              PID    Runtime      # DAGs    # Errors  Last Runtime    Last Run               Last # of DB Queries
-------------------------------------  -----  ---------  --------  ----------  --------------  -------------------  ----------------------
/opt/airflow/dags/dss150p_pipeline.py                           1           0  0.29s           2026-09-23T05:35:06                      12
================================================================================
[2026-09-23T05:35:57.414+0000] {manager.py:997} INFO - 
================================================================================
DAG File Processing Stats

File Path                              PID    Runtime      # DAGs    # Errors  Last Runtime    Last Run               Last # of DB Queries
-------------------------------------  -----  ---------  --------  ----------  --------------  -------------------  ----------------------
/opt/airflow/dags/dss150p_pipeline.py                           1           0  0.29s           2026-09-23T05:35:37                      12
================================================================================
[2026-09-23T05:36:27.784+0000] {manager.py:997} INFO - 
================================================================================
DAG File Processing Stats

File Path                              PID    Runtime      # DAGs    # Errors  Last Runtime    Last Run               Last # of DB Queries
-------------------------------------  -----  ---------  --------  ----------  --------------  -------------------  ----------------------
/opt/airflow/dags/dss150p_pipeline.py                           1           0  0.22s           2026-09-23T05:36:07                      12
================================================================================
[2026-09-23T05:36:58.171+0000] {manager.py:997} INFO - 
================================================================================
DAG File Processing Stats

File Path                              PID    Runtime      # DAGs    # Errors  Last Runtime    Last Run               Last # of DB Queries
-------------------------------------  -----  ---------  --------  ----------  --------------  -------------------  ----------------------
/opt/airflow/dags/dss150p_pipeline.py                           1           0  0.30s           2026-09-23T05:36:38                      12
================================================================================
[2026-09-23T05:37:28.784+0000] {manager.py:997} INFO - 
================================================================================
DAG File Processing Stats

File Path                              PID    Runtime      # DAGs    # Errors  Last Runtime    Last Run               Last # of DB Queries
-------------------------------------  -----  ---------  --------  ----------  --------------  -------------------  ----------------------
/opt/airflow/dags/dss150p_pipeline.py                           1           0  1.04s           2026-09-23T05:37:07                      44
================================================================================
[2026-09-23T05:37:39.377+0000] {manager.py:821} INFO - Searching for files in /opt/airflow/dags
[2026-09-23T05:37:39.386+0000] {manager.py:824} INFO - There are 1 files in /opt/airflow/dags
[2026-09-23T05:37:59.122+0000] {manager.py:997} INFO - 
================================================================================
DAG File Processing Stats

File Path                              PID    Runtime      # DAGs    # Errors  Last Runtime    Last Run               Last # of DB Queries
-------------------------------------  -----  ---------  --------  ----------  --------------  -------------------  ----------------------
/opt/airflow/dags/dss150p_pipeline.py                           1           0  0.49s           2026-09-23T05:37:38                      34
================================================================================
[2026-09-23T05:38:29.606+0000] {manager.py:997} INFO - 
================================================================================
DAG File Processing Stats

File Path                              PID    Runtime      # DAGs    # Errors  Last Runtime    Last Run               Last # of DB Queries
-------------------------------------  -----  ---------  --------  ----------  --------------  -------------------  ----------------------
/opt/airflow/dags/dss150p_pipeline.py                           1           0  1.82s           2026-09-23T05:38:10                      12
================================================================================
[2026-09-23T05:39:00.006+0000] {manager.py:997} INFO - 
================================================================================
DAG File Processing Stats

File Path                              PID    Runtime      # DAGs    # Errors  Last Runtime    Last Run               Last # of DB Queries
-------------------------------------  -----  ---------  --------  ----------  --------------  -------------------  ----------------------
/opt/airflow/dags/dss150p_pipeline.py                           1           0  0.55s           2026-09-23T05:38:41                      12
================================================================================
[2026-09-23T05:39:30.645+0000] {manager.py:997} INFO - 
================================================================================
DAG File Processing Stats

File Path                              PID    Runtime      # DAGs    # Errors  Last Runtime    Last Run               Last # of DB Queries
-------------------------------------  -----  ---------  --------  ----------  --------------  -------------------  ----------------------
/opt/airflow/dags/dss150p_pipeline.py                           1           0  0.71s           2026-09-23T05:39:12                      12
================================================================================
[2026-09-23T05:40:01.009+0000] {manager.py:997} INFO - 
================================================================================
DAG File Processing Stats

File Path                              PID    Runtime      # DAGs    # Errors  Last Runtime    Last Run               Last # of DB Queries
-------------------------------------  -----  ---------  --------  ----------  --------------  -------------------  ----------------------
/opt/airflow/dags/dss150p_pipeline.py                           1           0  5.91s           2026-09-23T05:39:49                      12
================================================================================
[2026-09-23T05:40:32.509+0000] {manager.py:997} INFO - 
================================================================================
DAG File Processing Stats

File Path                                PID  Runtime      # DAGs    # Errors  Last Runtime    Last Run               Last # of DB Queries
-------------------------------------  -----  ---------  --------  ----------  --------------  -------------------  ----------------------
/opt/airflow/dags/dss150p_pipeline.py   2423  13.00s            1           0  5.91s           2026-09-23T05:39:49                      12
================================================================================
[2026-09-23T05:41:03.209+0000] {manager.py:997} INFO - 
================================================================================
DAG File Processing Stats

File Path                              PID    Runtime      # DAGs    # Errors  Last Runtime    Last Run               Last # of DB Queries
-------------------------------------  -----  ---------  --------  ----------  --------------  -------------------  ----------------------
/opt/airflow/dags/dss150p_pipeline.py                           1           0  43.30s          2026-09-23T05:41:02                      12
================================================================================
[2026-09-23T05:41:33.924+0000] {manager.py:997} INFO - 
================================================================================
DAG File Processing Stats

File Path                                PID  Runtime      # DAGs    # Errors  Last Runtime    Last Run               Last # of DB Queries
-------------------------------------  -----  ---------  --------  ----------  --------------  -------------------  ----------------------
/opt/airflow/dags/dss150p_pipeline.py   2428  1.18s             1           0  43.30s          2026-09-23T05:41:02                      12
================================================================================
[2026-09-23T05:42:04.449+0000] {manager.py:997} INFO - 
================================================================================
DAG File Processing Stats

File Path                                PID  Runtime      # DAGs    # Errors  Last Runtime    Last Run               Last # of DB Queries
-------------------------------------  -----  ---------  --------  ----------  --------------  -------------------  ----------------------
/opt/airflow/dags/dss150p_pipeline.py   2433  0.04s             1           0  1.35s           2026-09-23T05:41:34                      12
================================================================================
[2026-09-23T05:42:34.801+0000] {manager.py:997} INFO - 
================================================================================
DAG File Processing Stats

File Path                              PID    Runtime      # DAGs    # Errors  Last Runtime    Last Run               Last # of DB Queries
-------------------------------------  -----  ---------  --------  ----------  --------------  -------------------  ----------------------
/opt/airflow/dags/dss150p_pipeline.py                           1           0  0.48s           2026-09-23T05:42:04                      12
================================================================================
[2026-09-23T05:42:39.564+0000] {manager.py:821} INFO - Searching for files in /opt/airflow/dags
[2026-09-23T05:42:39.575+0000] {manager.py:824} INFO - There are 1 files in /opt/airflow/dags
[2026-09-23T05:43:04.890+0000] {manager.py:997} INFO - 
================================================================================
DAG File Processing Stats

File Path                              PID    Runtime      # DAGs    # Errors  Last Runtime    Last Run               Last # of DB Queries
-------------------------------------  -----  ---------  --------  ----------  --------------  -------------------  ----------------------
/opt/airflow/dags/dss150p_pipeline.py                           1           0  0.38s           2026-09-23T05:42:35                      12
================================================================================
[2026-09-23T05:43:35.502+0000] {manager.py:997} INFO - 
================================================================================
DAG File Processing Stats

File Path                              PID    Runtime      # DAGs    # Errors  Last Runtime    Last Run               Last # of DB Queries
-------------------------------------  -----  ---------  --------  ----------  --------------  -------------------  ----------------------
/opt/airflow/dags/dss150p_pipeline.py                           1           0  0.43s           2026-09-23T05:43:06                      12
================================================================================
[2026-09-23T05:44:05.551+0000] {manager.py:997} INFO - 
================================================================================
DAG File Processing Stats

File Path                              PID    Runtime      # DAGs    # Errors  Last Runtime    Last Run               Last # of DB Queries
-------------------------------------  -----  ---------  --------  ----------  --------------  -------------------  ----------------------
/opt/airflow/dags/dss150p_pipeline.py                           1           0  0.94s           2026-09-23T05:43:37                      12
================================================================================
[2026-09-23T05:44:35.995+0000] {manager.py:997} INFO - 
================================================================================
DAG File Processing Stats

File Path                              PID    Runtime      # DAGs    # Errors  Last Runtime    Last Run               Last # of DB Queries
-------------------------------------  -----  ---------  --------  ----------  --------------  -------------------  ----------------------
/opt/airflow/dags/dss150p_pipeline.py                           1           0  0.31s           2026-09-23T05:44:07                      12
================================================================================
[2026-09-23T05:45:06.677+0000] {manager.py:997} INFO - 
================================================================================
DAG File Processing Stats

File Path                              PID    Runtime      # DAGs    # Errors  Last Runtime    Last Run               Last # of DB Queries
-------------------------------------  -----  ---------  --------  ----------  --------------  -------------------  ----------------------
/opt/airflow/dags/dss150p_pipeline.py                           1           0  0.47s           2026-09-23T05:44:38                      12
================================================================================
[2026-09-23T05:45:37.229+0000] {manager.py:997} INFO - 
================================================================================
DAG File Processing Stats

File Path                              PID    Runtime      # DAGs    # Errors  Last Runtime    Last Run               Last # of DB Queries
-------------------------------------  -----  ---------  --------  ----------  --------------  -------------------  ----------------------
/opt/airflow/dags/dss150p_pipeline.py                           1           0  0.46s           2026-09-23T05:45:09                      12
================================================================================
[2026-09-23T05:46:07.699+0000] {manager.py:997} INFO - 
================================================================================
DAG File Processing Stats

File Path                              PID    Runtime      # DAGs    # Errors  Last Runtime    Last Run               Last # of DB Queries
-------------------------------------  -----  ---------  --------  ----------  --------------  -------------------  ----------------------
/opt/airflow/dags/dss150p_pipeline.py                           1           0  2.07s           2026-09-23T05:45:45                      44
================================================================================
[2026-09-23T05:46:38.193+0000] {manager.py:997} INFO - 
================================================================================
DAG File Processing Stats

File Path                              PID    Runtime      # DAGs    # Errors  Last Runtime    Last Run               Last # of DB Queries
-------------------------------------  -----  ---------  --------  ----------  --------------  -------------------  ----------------------
/opt/airflow/dags/dss150p_pipeline.py                           1           0  1.02s           2026-09-23T05:46:16                      34
================================================================================
[2026-09-23T05:47:08.223+0000] {manager.py:997} INFO - 
================================================================================
DAG File Processing Stats

File Path                              PID    Runtime      # DAGs    # Errors  Last Runtime    Last Run               Last # of DB Queries
-------------------------------------  -----  ---------  --------  ----------  --------------  -------------------  ----------------------
/opt/airflow/dags/dss150p_pipeline.py                           1           0  0.69s           2026-09-23T05:46:48                      12
================================================================================
[2026-09-23T05:47:38.516+0000] {manager.py:997} INFO - 
================================================================================
DAG File Processing Stats

File Path                              PID    Runtime      # DAGs    # Errors  Last Runtime    Last Run               Last # of DB Queries
-------------------------------------  -----  ---------  --------  ----------  --------------  -------------------  ----------------------
/opt/airflow/dags/dss150p_pipeline.py                           1           0  5.61s           2026-09-23T05:47:24                      12
================================================================================
[2026-09-23T05:47:39.949+0000] {manager.py:821} INFO - Searching for files in /opt/airflow/dags
[2026-09-23T05:47:40.217+0000] {manager.py:824} INFO - There are 1 files in /opt/airflow/dags
[2026-09-23T05:48:08.836+0000] {manager.py:997} INFO - 
================================================================================
DAG File Processing Stats

File Path                              PID    Runtime      # DAGs    # Errors  Last Runtime    Last Run               Last # of DB Queries
-------------------------------------  -----  ---------  --------  ----------  --------------  -------------------  ----------------------
/opt/airflow/dags/dss150p_pipeline.py                           1           0  0.65s           2026-09-23T05:47:55                      12
================================================================================
[2026-09-23T05:48:39.296+0000] {manager.py:997} INFO - 
================================================================================
DAG File Processing Stats

File Path                              PID    Runtime      # DAGs    # Errors  Last Runtime    Last Run               Last # of DB Queries
-------------------------------------  -----  ---------  --------  ----------  --------------  -------------------  ----------------------
/opt/airflow/dags/dss150p_pipeline.py                           1           0  0.45s           2026-09-23T05:48:26                      12
================================================================================
[2026-09-23T05:49:09.757+0000] {manager.py:997} INFO - 
================================================================================
DAG File Processing Stats

File Path                              PID    Runtime      # DAGs    # Errors  Last Runtime    Last Run               Last # of DB Queries
-------------------------------------  -----  ---------  --------  ----------  --------------  -------------------  ----------------------
/opt/airflow/dags/dss150p_pipeline.py                           1           0  0.37s           2026-09-23T05:48:56                      12
================================================================================
[2026-09-23T05:49:40.463+0000] {manager.py:997} INFO - 
================================================================================
DAG File Processing Stats

File Path                              PID    Runtime      # DAGs    # Errors  Last Runtime    Last Run               Last # of DB Queries
-------------------------------------  -----  ---------  --------  ----------  --------------  -------------------  ----------------------
/opt/airflow/dags/dss150p_pipeline.py                           1           0  0.34s           2026-09-23T05:49:27                      12
================================================================================
[2026-09-23T05:50:11.055+0000] {manager.py:997} INFO - 
================================================================================
DAG File Processing Stats

File Path                              PID    Runtime      # DAGs    # Errors  Last Runtime    Last Run               Last # of DB Queries
-------------------------------------  -----  ---------  --------  ----------  --------------  -------------------  ----------------------
/opt/airflow/dags/dss150p_pipeline.py                           1           0  0.41s           2026-09-23T05:49:58                      12
================================================================================
[2026-09-23T05:50:41.122+0000] {manager.py:997} INFO - 
================================================================================
DAG File Processing Stats

File Path                              PID    Runtime      # DAGs    # Errors  Last Runtime    Last Run               Last # of DB Queries
-------------------------------------  -----  ---------  --------  ----------  --------------  -------------------  ----------------------
/opt/airflow/dags/dss150p_pipeline.py                           1           0  0.52s           2026-09-23T05:50:28                      12
================================================================================
[2026-09-23T05:51:11.250+0000] {manager.py:997} INFO - 
================================================================================
DAG File Processing Stats

File Path                              PID    Runtime      # DAGs    # Errors  Last Runtime    Last Run               Last # of DB Queries
-------------------------------------  -----  ---------  --------  ----------  --------------  -------------------  ----------------------
/opt/airflow/dags/dss150p_pipeline.py                           1           0  0.62s           2026-09-23T05:51:00                      12
================================================================================
[2026-09-23T05:51:41.277+0000] {manager.py:997} INFO - 
================================================================================
DAG File Processing Stats

File Path                              PID    Runtime      # DAGs    # Errors  Last Runtime    Last Run               Last # of DB Queries
-------------------------------------  -----  ---------  --------  ----------  --------------  -------------------  ----------------------
/opt/airflow/dags/dss150p_pipeline.py                           1           0  0.70s           2026-09-23T05:51:31                      12
================================================================================
[2026-09-23T05:52:11.709+0000] {manager.py:997} INFO - 
================================================================================
DAG File Processing Stats

File Path                              PID    Runtime      # DAGs    # Errors  Last Runtime    Last Run               Last # of DB Queries
-------------------------------------  -----  ---------  --------  ----------  --------------  -------------------  ----------------------
/opt/airflow/dags/dss150p_pipeline.py                           1           0  0.45s           2026-09-23T05:52:01                      12
================================================================================
[2026-09-23T05:52:40.188+0000] {manager.py:821} INFO - Searching for files in /opt/airflow/dags
[2026-09-23T05:52:40.229+0000] {manager.py:824} INFO - There are 1 files in /opt/airflow/dags
[2026-09-23T05:52:41.830+0000] {manager.py:997} INFO - 
================================================================================
DAG File Processing Stats

File Path                              PID    Runtime      # DAGs    # Errors  Last Runtime    Last Run               Last # of DB Queries
-------------------------------------  -----  ---------  --------  ----------  --------------  -------------------  ----------------------
/opt/airflow/dags/dss150p_pipeline.py                           1           0  0.74s           2026-09-23T05:52:32                      12
================================================================================
[2026-09-23T05:53:11.997+0000] {manager.py:997} INFO - 
================================================================================
DAG File Processing Stats

File Path                              PID    Runtime      # DAGs    # Errors  Last Runtime    Last Run               Last # of DB Queries
-------------------------------------  -----  ---------  --------  ----------  --------------  -------------------  ----------------------
/opt/airflow/dags/dss150p_pipeline.py                           1           0  0.77s           2026-09-23T05:53:03                      12
================================================================================
[2026-09-23T05:53:42.212+0000] {manager.py:997} INFO - 
================================================================================
DAG File Processing Stats

File Path                              PID    Runtime      # DAGs    # Errors  Last Runtime    Last Run               Last # of DB Queries
-------------------------------------  -----  ---------  --------  ----------  --------------  -------------------  ----------------------
/opt/airflow/dags/dss150p_pipeline.py                           1           0  1.44s           2026-09-23T05:53:36                      12
================================================================================
[2026-09-23T05:54:16.259+0000] {manager.py:997} INFO - 
================================================================================
DAG File Processing Stats

File Path                                PID  Runtime      # DAGs    # Errors  Last Runtime    Last Run               Last # of DB Queries
-------------------------------------  -----  ---------  --------  ----------  --------------  -------------------  ----------------------
/opt/airflow/dags/dss150p_pipeline.py   2565  8.62s             1           0  1.44s           2026-09-23T05:53:36                      12
================================================================================
[2026-09-23T05:54:47.692+0000] {manager.py:997} INFO - 
================================================================================
DAG File Processing Stats

File Path                              PID    Runtime      # DAGs    # Errors  Last Runtime    Last Run               Last # of DB Queries
-------------------------------------  -----  ---------  --------  ----------  --------------  -------------------  ----------------------
/opt/airflow/dags/dss150p_pipeline.py                           1           0  11.18s          2026-09-23T05:54:18                      12
================================================================================
[2026-09-23T05:55:18.129+0000] {manager.py:997} INFO - 
================================================================================
DAG File Processing Stats

File Path                              PID    Runtime      # DAGs    # Errors  Last Runtime    Last Run               Last # of DB Queries
-------------------------------------  -----  ---------  --------  ----------  --------------  -------------------  ----------------------
/opt/airflow/dags/dss150p_pipeline.py                           1           0  0.46s           2026-09-23T05:54:49                      12
================================================================================
[2026-09-23T05:55:48.736+0000] {manager.py:997} INFO - 
================================================================================
DAG File Processing Stats

File Path                              PID    Runtime      # DAGs    # Errors  Last Runtime    Last Run               Last # of DB Queries
-------------------------------------  -----  ---------  --------  ----------  --------------  -------------------  ----------------------
/opt/airflow/dags/dss150p_pipeline.py                           1           0  0.35s           2026-09-23T05:55:19                      12
================================================================================
[2026-09-23T05:56:19.423+0000] {manager.py:997} INFO - 
================================================================================
DAG File Processing Stats

File Path                              PID    Runtime      # DAGs    # Errors  Last Runtime    Last Run               Last # of DB Queries
-------------------------------------  -----  ---------  --------  ----------  --------------  -------------------  ----------------------
/opt/airflow/dags/dss150p_pipeline.py                           1           0  0.32s           2026-09-23T05:55:50                      12
================================================================================
[2026-09-23T05:56:50.193+0000] {manager.py:997} INFO - 
================================================================================
DAG File Processing Stats

File Path                              PID    Runtime      # DAGs    # Errors  Last Runtime    Last Run               Last # of DB Queries
-------------------------------------  -----  ---------  --------  ----------  --------------  -------------------  ----------------------
/opt/airflow/dags/dss150p_pipeline.py                           1           0  0.43s           2026-09-23T05:56:20                      12
================================================================================
[2026-09-23T05:57:20.671+0000] {manager.py:997} INFO - 
================================================================================
DAG File Processing Stats

File Path                              PID    Runtime      # DAGs    # Errors  Last Runtime    Last Run               Last # of DB Queries
-------------------------------------  -----  ---------  --------  ----------  --------------  -------------------  ----------------------
/opt/airflow/dags/dss150p_pipeline.py                           1           0  1.61s           2026-09-23T05:56:52                      12
================================================================================
[2026-09-23T05:57:40.284+0000] {manager.py:821} INFO - Searching for files in /opt/airflow/dags
[2026-09-23T05:57:40.301+0000] {manager.py:824} INFO - There are 1 files in /opt/airflow/dags
[2026-09-23T05:57:51.543+0000] {manager.py:997} INFO - 
================================================================================
DAG File Processing Stats

File Path                              PID    Runtime      # DAGs    # Errors  Last Runtime    Last Run               Last # of DB Queries
-------------------------------------  -----  ---------  --------  ----------  --------------  -------------------  ----------------------
/opt/airflow/dags/dss150p_pipeline.py                           1           0  0.58s           2026-09-23T05:57:23                      12
================================================================================
[2026-09-23T05:58:21.623+0000] {manager.py:997} INFO - 
================================================================================
DAG File Processing Stats

File Path                              PID    Runtime      # DAGs    # Errors  Last Runtime    Last Run               Last # of DB Queries
-------------------------------------  -----  ---------  --------  ----------  --------------  -------------------  ----------------------
/opt/airflow/dags/dss150p_pipeline.py                           1           0  0.71s           2026-09-23T05:57:55                      12
================================================================================
[2026-09-23T05:58:51.887+0000] {manager.py:997} INFO - 
================================================================================
DAG File Processing Stats

File Path                              PID    Runtime      # DAGs    # Errors  Last Runtime    Last Run               Last # of DB Queries
-------------------------------------  -----  ---------  --------  ----------  --------------  -------------------  ----------------------
/opt/airflow/dags/dss150p_pipeline.py                           1           0  0.49s           2026-09-23T05:58:26                      12
================================================================================
[2026-09-23T05:59:22.343+0000] {manager.py:997} INFO - 
================================================================================
DAG File Processing Stats

File Path                              PID    Runtime      # DAGs    # Errors  Last Runtime    Last Run               Last # of DB Queries
-------------------------------------  -----  ---------  --------  ----------  --------------  -------------------  ----------------------
/opt/airflow/dags/dss150p_pipeline.py                           1           0  0.47s           2026-09-23T05:58:57                      12
================================================================================
[2026-09-23T05:59:52.518+0000] {manager.py:997} INFO - 
================================================================================
DAG File Processing Stats

File Path                              PID    Runtime      # DAGs    # Errors  Last Runtime    Last Run               Last # of DB Queries
-------------------------------------  -----  ---------  --------  ----------  --------------  -------------------  ----------------------
/opt/airflow/dags/dss150p_pipeline.py                           1           0  0.82s           2026-09-23T05:59:28                      12
================================================================================
[2026-09-23T06:00:22.967+0000] {manager.py:997} INFO - 
================================================================================
DAG File Processing Stats

File Path                              PID    Runtime      # DAGs    # Errors  Last Runtime    Last Run               Last # of DB Queries
-------------------------------------  -----  ---------  --------  ----------  --------------  -------------------  ----------------------
/opt/airflow/dags/dss150p_pipeline.py                           1           0  1.12s           2026-09-23T05:59:59                      12
================================================================================
[2026-09-23T06:00:53.306+0000] {manager.py:997} INFO - 
================================================================================
DAG File Processing Stats

File Path                              PID    Runtime      # DAGs    # Errors  Last Runtime    Last Run               Last # of DB Queries
-------------------------------------  -----  ---------  --------  ----------  --------------  -------------------  ----------------------
/opt/airflow/dags/dss150p_pipeline.py                           1           0  0.48s           2026-09-23T06:00:30                      12
================================================================================
